13352980480,95979770,1251,1,3072,52,32,4,1,32,0.000,0.000,,,,,NVIDIA GeForce RTX 3090 (0),1,,7,"gemv_kernel_g128(const float4 *, const unsigned int *, const unsigned int *, const __half *, __half *, int, int)"
13469227672,24730399,1286,1,1024,52,32,4,1,32,0.000,0.000,,,,,NVIDIA GeForce RTX 3090 (0),1,,7,"gemv_kernel_g128(const float4 *, const unsigned int *, const unsigned int *, const __half *, __half *, int, int)"
13494908567,62775516,1294,1,2752,52,32,4,1,32,0.000,0.000,,,,,NVIDIA GeForce RTX 3090 (0),1,,7,"gemv_kernel_g128(const float4 *, const unsigned int *, const unsigned int *, const __half *, __half *, int, int)"
13557685747,3117088,1296,1,2752,52,32,4,1,32,0.000,0.000,,,,,NVIDIA GeForce RTX 3090 (0),1,,7,"gemv_kernel_g128(const float4 *, const unsigned int *, const unsigned int *, const __half *, __half *, int, int)"
13560817843,2305663,1301,1,1024,52,32,4,1,32,0.000,0.000,,,,,NVIDIA GeForce RTX 3090 (0),1,,7,"gemv_kernel_g128(const float4 *, const unsigned int *, const unsigned int *, const __half *, __half *, int, int)"
13563255410,4689760,1307,1,3072,52,32,4,1,32,0.000,0.000,,,,,NVIDIA GeForce RTX 3090 (0),1,,7,"gemv_kernel_g128(const float4 *, const unsigned int *, const unsigned int *, const __half *, __half *, int, int)"
13579415857,4318368,1329,1,1024,52,32,4,1,32,0.000,0.000,,,,,NVIDIA GeForce RTX 3090 (0),1,,7,"gemv_kernel_g128(const float4 *, const unsigned int *, const unsigned int *, const __half *, __half *, int, int)"
13583906545,3372928,1335,1,2752,52,32,4,1,32,0.000,0.000,,,,,NVIDIA GeForce RTX 3090 (0),1,,7,"gemv_kernel_g128(const float4 *, const unsigned int *, const unsigned int *, const __half *, __half *, int, int)"
13587281873,3472960,1337,1,2752,52,32,4,1,32,0.000,0.000,,,,,NVIDIA GeForce RTX 3090 (0),1,,7,"gemv_kernel_g128(const float4 *, const unsigned int *, const unsigned int *, const __half *, __half *, int, int)"
13590765841,1460032,1341,1,1024,52,32,4,1,32,0.000,0.000,,,,,NVIDIA GeForce RTX 3090 (0),1,,7,"gemv_kernel_g128(const float4 *, const unsigned int *, const unsigned int *, const __half *, __half *, int, int)"
13592355633,5070207,1347,1,3072,52,32,4,1,32,0.000,0.000,,,,,NVIDIA GeForce RTX 3090 (0),1,,7,"gemv_kernel_g128(const float4 *, const unsigned int *, const unsigned int *, const __half *, __half *, int, int)"
13610215503,3640832,1369,1,1024,52,32,4,1,32,0.000,0.000,,,,,NVIDIA GeForce RTX 3090 (0),1,,7,"gemv_kernel_g128(const float4 *, const unsigned int *, const unsigned int *, const __half *, __half *, int, int)"
13614015023,3360768,1375,1,2752,52,32,4,1,32,0.000,0.000,,,,,NVIDIA GeForce RTX 3090 (0),1,,7,"gemv_kernel_g128(const float4 *, const unsigned int *, const unsigned int *, const __half *, __half *, int, int)"
13617377519,3216640,1377,1,2752,52,32,4,1,32,0.000,0.000,,,,,NVIDIA GeForce RTX 3090 (0),1,,7,"gemv_kernel_g128(const float4 *, const unsigned int *, const unsigned int *, const __half *, __half *, int, int)"
13620606127,1920160,1381,1,1024,52,32,4,1,32,0.000,0.000,,,,,NVIDIA GeForce RTX 3090 (0),1,,7,"gemv_kernel_g128(const float4 *, const unsigned int *, const unsigned int *, const __half *, __half *, int, int)"
13622978511,5409471,1387,1,3072,52,32,4,1,32,0.000,0.000,,,,,NVIDIA GeForce RTX 3090 (0),1,,7,"gemv_kernel_g128(const float4 *, const unsigned int *, const unsigned int *, const __half *, __half *, int, int)"
13641528014,4533727,1409,1,1024,52,32,4,1,32,0.000,0.000,,,,,NVIDIA GeForce RTX 3090 (0),1,,7,"gemv_kernel_g128(const float4 *, const unsigned int *, const unsigned int *, const __half *, __half *, int, int)"
13646249261,4151296,1415,1,2752,52,32,4,1,32,0.000,0.000,,,,,NVIDIA GeForce RTX 3090 (0),1,,7,"gemv_kernel_g128(const float4 *, const unsigned int *, const unsigned int *, const __half *, __half *, int, int)"
13650402605,3594624,1417,1,2752,52,32,4,1,32,0.000,0.000,,,,,NVIDIA GeForce RTX 3090 (0),1,,7,"gemv_kernel_g128(const float4 *, const unsigned int *, const unsigned int *, const __half *, __half *, int, int)"
13654008525,1495136,1421,1,1024,52,32,4,1,32,0.000,0.000,,,,,NVIDIA GeForce RTX 3090 (0),1,,7,"gemv_kernel_g128(const float4 *, const unsigned int *, const unsigned int *, const __half *, __half *, int, int)"
13655655021,4633471,1427,1,3072,52,32,4,1,32,0.000,0.000,,,,,NVIDIA GeForce RTX 3090 (0),1,,7,"gemv_kernel_g128(const float4 *, const unsigned int *, const unsigned int *, const __half *, __half *, int, int)"
13672713708,3606111,1449,1,1024,52,32,4,1,32,0.000,0.000,,,,,NVIDIA GeForce RTX 3090 (0),1,,7,"gemv_kernel_g128(const float4 *, const unsigned int *, const unsigned int *, const __half *, __half *, int, int)"
13676471755,3446304,1455,1,2752,52,32,4,1,32,0.000,0.000,,,,,NVIDIA GeForce RTX 3090 (0),1,,7,"gemv_kernel_g128(const float4 *, const unsigned int *, const unsigned int *, const __half *, __half *, int, int)"
13679919691,3488896,1457,1,2752,52,32,4,1,32,0.000,0.000,,,,,NVIDIA GeForce RTX 3090 (0),1,,7,"gemv_kernel_g128(const float4 *, const unsigned int *, const unsigned int *, const __half *, __half *, int, int)"
13683419947,1457440,1461,1,1024,52,32,4,1,32,0.000,0.000,,,,,NVIDIA GeForce RTX 3090 (0),1,,7,"gemv_kernel_g128(const float4 *, const unsigned int *, const unsigned int *, const __half *, __half *, int, int)"
13685006827,4777087,1467,1,3072,52,32,4,1,32,0.000,0.000,,,,,NVIDIA GeForce RTX 3090 (0),1,,7,"gemv_kernel_g128(const float4 *, const unsigned int *, const unsigned int *, const __half *, __half *, int, int)"
13701804970,3738047,1489,1,1024,52,32,4,1,32,0.000,0.000,,,,,NVIDIA GeForce RTX 3090 (0),1,,7,"gemv_kernel_g128(const float4 *, const unsigned int *, const unsigned int *, const __half *, __half *, int, int)"
13705697641,3125216,1495,1,2752,52,32,4,1,32,0.000,0.000,,,,,NVIDIA GeForce RTX 3090 (0),1,,7,"gemv_kernel_g128(const float4 *, const unsigned int *, const unsigned int *, const __half *, __half *, int, int)"
13708825257,3521408,1497,1,2752,52,32,4,1,32,0.000,0.000,,,,,NVIDIA GeForce RTX 3090 (0),1,,7,"gemv_kernel_g128(const float4 *, const unsigned int *, const unsigned int *, const __half *, __half *, int, int)"
13712357737,2348960,1501,1,1024,52,32,4,1,32,0.000,0.000,,,,,NVIDIA GeForce RTX 3090 (0),1,,7,"gemv_kernel_g128(const float4 *, const unsigned int *, const unsigned int *, const __half *, __half *, int, int)"
13714830473,5011104,1507,1,3072,52,32,4,1,32,0.000,0.000,,,,,NVIDIA GeForce RTX 3090 (0),1,,7,"gemv_kernel_g128(const float4 *, const unsigned int *, const unsigned int *, const __half *, __half *, int, int)"
13731396040,4858624,1529,1,1024,52,32,4,1,32,0.000,0.000,,,,,NVIDIA GeForce RTX 3090 (0),1,,7,"gemv_kernel_g128(const float4 *, const unsigned int *, const unsigned int *, const __half *, __half *, int, int)"
13736408328,3706047,1535,1,2752,52,32,4,1,32,0.000,0.000,,,,,NVIDIA GeForce RTX 3090 (0),1,,7,"gemv_kernel_g128(const float4 *, const unsigned int *, const unsigned int *, const __half *, __half *, int, int)"
13740116167,3746176,1537,1,2752,52,32,4,1,32,0.000,0.000,,,,,NVIDIA GeForce RTX 3090 (0),1,,7,"gemv_kernel_g128(const float4 *, const unsigned int *, const unsigned int *, const __half *, __half *, int, int)"
13743873415,1486208,1541,1,1024,52,32,4,1,32,0.000,0.000,,,,,NVIDIA GeForce RTX 3090 (0),1,,7,"gemv_kernel_g128(const float4 *, const unsigned int *, const unsigned int *, const __half *, __half *, int, int)"
13745541927,5620224,1547,1,3072,52,32,4,1,32,0.000,0.000,,,,,NVIDIA GeForce RTX 3090 (0),1,,7,"gemv_kernel_g128(const float4 *, const unsigned int *, const unsigned int *, const __half *, __half *, int, int)"
13762124774,3345376,1569,1,1024,52,32,4,1,32,0.000,0.000,,,,,NVIDIA GeForce RTX 3090 (0),1,,7,"gemv_kernel_g128(const float4 *, const unsigned int *, const unsigned int *, const __half *, __half *, int, int)"
13765609798,3034719,1575,1,2752,52,32,4,1,32,0.000,0.000,,,,,NVIDIA GeForce RTX 3090 (0),1,,7,"gemv_kernel_g128(const float4 *, const unsigned int *, const unsigned int *, const __half *, __half *, int, int)"
13768646085,3021472,1577,1,2752,52,32,4,1,32,0.000,0.000,,,,,NVIDIA GeForce RTX 3090 (0),1,,7,"gemv_kernel_g128(const float4 *, const unsigned int *, const unsigned int *, const __half *, __half *, int, int)"
13771677797,1485120,1581,1,1024,52,32,4,1,32,0.000,0.000,,,,,NVIDIA GeForce RTX 3090 (0),1,,7,"gemv_kernel_g128(const float4 *, const unsigned int *, const unsigned int *, const __half *, __half *, int, int)"
13773293989,5371232,1587,1,3072,52,32,4,1,32,0.000,0.000,,,,,NVIDIA GeForce RTX 3090 (0),1,,7,"gemv_kernel_g128(const float4 *, const unsigned int *, const unsigned int *, const __half *, __half *, int, int)"
13789174916,3157792,1609,1,1024,52,32,4,1,32,0.000,0.000,,,,,NVIDIA GeForce RTX 3090 (0),1,,7,"gemv_kernel_g128(const float4 *, const unsigned int *, const unsigned int *, const __half *, __half *, int, int)"
13792462916,3288768,1615,1,2752,52,32,4,1,32,0.000,0.000,,,,,NVIDIA GeForce RTX 3090 (0),1,,7,"gemv_kernel_g128(const float4 *, const unsigned int *, const unsigned int *, const __half *, __half *, int, int)"
13795753572,2983424,1617,1,2752,52,32,4,1,32,0.000,0.000,,,,,NVIDIA GeForce RTX 3090 (0),1,,7,"gemv_kernel_g128(const float4 *, const unsigned int *, const unsigned int *, const __half *, __half *, int, int)"
13798746884,1464095,1621,1,1024,52,32,4,1,32,0.000,0.000,,,,,NVIDIA GeForce RTX 3090 (0),1,,7,"gemv_kernel_g128(const float4 *, const unsigned int *, const unsigned int *, const __half *, __half *, int, int)"
13800338787,5231680,1627,1,3072,52,32,4,1,32,0.000,0.000,,,,,NVIDIA GeForce RTX 3090 (0),1,,7,"gemv_kernel_g128(const float4 *, const unsigned int *, const unsigned int *, const __half *, __half *, int, int)"
13815108771,3140607,1649,1,1024,52,32,4,1,32,0.000,0.000,,,,,NVIDIA GeForce RTX 3090 (0),1,,7,"gemv_kernel_g128(const float4 *, const unsigned int *, const unsigned int *, const __half *, __half *, int, int)"
13818378882,2972640,1655,1,2752,52,32,4,1,32,0.000,0.000,,,,,NVIDIA GeForce RTX 3090 (0),1,,7,"gemv_kernel_g128(const float4 *, const unsigned int *, const unsigned int *, const __half *, __half *, int, int)"
13821354210,3790592,1657,1,2752,52,32,4,1,32,0.000,0.000,,,,,NVIDIA GeForce RTX 3090 (0),1,,7,"gemv_kernel_g128(const float4 *, const unsigned int *, const unsigned int *, const __half *, __half *, int, int)"
13825154914,1467616,1661,1,1024,52,32,4,1,32,0.000,0.000,,,,,NVIDIA GeForce RTX 3090 (0),1,,7,"gemv_kernel_g128(const float4 *, const unsigned int *, const unsigned int *, const __half *, __half *, int, int)"
13826772802,4392352,1667,1,3072,52,32,4,1,32,0.000,0.000,,,,,NVIDIA GeForce RTX 3090 (0),1,,7,"gemv_kernel_g128(const float4 *, const unsigned int *, const unsigned int *, const __half *, __half *, int, int)"
13840568353,3525760,1689,1,1024,52,32,4,1,32,0.000,0.000,,,,,NVIDIA GeForce RTX 3090 (0),1,,7,"gemv_kernel_g128(const float4 *, const unsigned int *, const unsigned int *, const __half *, __half *, int, int)"
13844506977,3619039,1695,1,2752,52,32,4,1,32,0.000,0.000,,,,,NVIDIA GeForce RTX 3090 (0),1,,7,"gemv_kernel_g128(const float4 *, const unsigned int *, const unsigned int *, const __half *, __half *, int, int)"
13848127616,3187744,1697,1,2752,52,32,4,1,32,0.000,0.000,,,,,NVIDIA GeForce RTX 3090 (0),1,,7,"gemv_kernel_g128(const float4 *, const unsigned int *, const unsigned int *, const __half *, __half *, int, int)"
13851325792,1463328,1701,1,1024,52,32,4,1,32,0.000,0.000,,,,,NVIDIA GeForce RTX 3090 (0),1,,7,"gemv_kernel_g128(const float4 *, const unsigned int *, const unsigned int *, const __half *, __half *, int, int)"
13852925536,4645792,1707,1,3072,52,32,4,1,32,0.000,0.000,,,,,NVIDIA GeForce RTX 3090 (0),1,,7,"gemv_kernel_g128(const float4 *, const unsigned int *, const unsigned int *, const __half *, __half *, int, int)"
13869483615,3439744,1729,1,1024,52,32,4,1,32,0.000,0.000,,,,,NVIDIA GeForce RTX 3090 (0),1,,7,"gemv_kernel_g128(const float4 *, const unsigned int *, const unsigned int *, const __half *, __half *, int, int)"
13873097823,3208288,1735,1,2752,52,32,4,1,32,0.000,0.000,,,,,NVIDIA GeForce RTX 3090 (0),1,,7,"gemv_kernel_g128(const float4 *, const unsigned int *, const unsigned int *, const __half *, __half *, int, int)"
13876307615,3180831,1737,1,2752,52,32,4,1,32,0.000,0.000,,,,,NVIDIA GeForce RTX 3090 (0),1,,7,"gemv_kernel_g128(const float4 *, const unsigned int *, const unsigned int *, const __half *, __half *, int, int)"
13879499134,1463744,1741,1,1024,52,32,4,1,32,0.000,0.000,,,,,NVIDIA GeForce RTX 3090 (0),1,,7,"gemv_kernel_g128(const float4 *, const unsigned int *, const unsigned int *, const __half *, __half *, int, int)"
13881074174,4584448,1747,1,3072,52,32,4,1,32,0.000,0.000,,,,,NVIDIA GeForce RTX 3090 (0),1,,7,"gemv_kernel_g128(const float4 *, const unsigned int *, const unsigned int *, const __half *, __half *, int, int)"
13896699389,3191712,1769,1,1024,52,32,4,1,32,0.000,0.000,,,,,NVIDIA GeForce RTX 3090 (0),1,,7,"gemv_kernel_g128(const float4 *, const unsigned int *, const unsigned int *, const __half *, __half *, int, int)"
13900029181,3019232,1775,1,2752,52,32,4,1,32,0.000,0.000,,,,,NVIDIA GeForce RTX 3090 (0),1,,7,"gemv_kernel_g128(const float4 *, const unsigned int *, const unsigned int *, const __half *, __half *, int, int)"
13903049949,3541984,1777,1,2752,52,32,4,1,32,0.000,0.000,,,,,NVIDIA GeForce RTX 3090 (0),1,,7,"gemv_kernel_g128(const float4 *, const unsigned int *, const unsigned int *, const __half *, __half *, int, int)"
13906602301,2341952,1781,1,1024,52,32,4,1,32,0.000,0.000,,,,,NVIDIA GeForce RTX 3090 (0),1,,7,"gemv_kernel_g128(const float4 *, const unsigned int *, const unsigned int *, const __half *, __half *, int, int)"
13909081501,5286335,1787,1,3072,52,32,4,1,32,0.000,0.000,,,,,NVIDIA GeForce RTX 3090 (0),1,,7,"gemv_kernel_g128(const float4 *, const unsigned int *, const unsigned int *, const __half *, __half *, int, int)"
13926580220,3453919,1809,1,1024,52,32,4,1,32,0.000,0.000,,,,,NVIDIA GeForce RTX 3090 (0),1,,7,"gemv_kernel_g128(const float4 *, const unsigned int *, const unsigned int *, const __half *, __half *, int, int)"
13930185947,3284224,1815,1,2752,52,32,4,1,32,0.000,0.000,,,,,NVIDIA GeForce RTX 3090 (0),1,,7,"gemv_kernel_g128(const float4 *, const unsigned int *, const unsigned int *, const __half *, __half *, int, int)"
13933472283,4822848,1817,1,2752,52,32,4,1,32,0.000,0.000,,,,,NVIDIA GeForce RTX 3090 (0),1,,7,"gemv_kernel_g128(const float4 *, const unsigned int *, const unsigned int *, const __half *, __half *, int, int)"
13938305147,1479520,1821,1,1024,52,32,4,1,32,0.000,0.000,,,,,NVIDIA GeForce RTX 3090 (0),1,,7,"gemv_kernel_g128(const float4 *, const unsigned int *, const unsigned int *, const __half *, __half *, int, int)"
13940339035,4363839,1827,1,3072,52,32,4,1,32,0.000,0.000,,,,,NVIDIA GeForce RTX 3090 (0),1,,7,"gemv_kernel_g128(const float4 *, const unsigned int *, const unsigned int *, const __half *, __half *, int, int)"
13954951962,3147072,1849,1,1024,52,32,4,1,32,0.000,0.000,,,,,NVIDIA GeForce RTX 3090 (0),1,,7,"gemv_kernel_g128(const float4 *, const unsigned int *, const unsigned int *, const __half *, __half *, int, int)"
13958243866,2975935,1855,1,2752,52,32,4,1,32,0.000,0.000,,,,,NVIDIA GeForce RTX 3090 (0),1,,7,"gemv_kernel_g128(const float4 *, const unsigned int *, const unsigned int *, const __half *, __half *, int, int)"
13961221273,2955360,1857,1,2752,52,32,4,1,32,0.000,0.000,,,,,NVIDIA GeForce RTX 3090 (0),1,,7,"gemv_kernel_g128(const float4 *, const unsigned int *, const unsigned int *, const __half *, __half *, int, int)"
13964187353,1464608,1861,1,1024,52,32,4,1,32,0.000,0.000,,,,,NVIDIA GeForce RTX 3090 (0),1,,7,"gemv_kernel_g128(const float4 *, const unsigned int *, const unsigned int *, const __half *, __half *, int, int)"
13965761369,4629600,1867,1,3072,52,32,4,1,32,0.000,0.000,,,,,NVIDIA GeForce RTX 3090 (0),1,,7,"gemv_kernel_g128(const float4 *, const unsigned int *, const unsigned int *, const __half *, __half *, int, int)"
13980317496,3385344,1889,1,1024,52,32,4,1,32,0.000,0.000,,,,,NVIDIA GeForce RTX 3090 (0),1,,7,"gemv_kernel_g128(const float4 *, const unsigned int *, const unsigned int *, const __half *, __half *, int, int)"
13983837784,2956576,1895,1,2752,52,32,4,1,32,0.000,0.000,,,,,NVIDIA GeForce RTX 3090 (0),1,,7,"gemv_kernel_g128(const float4 *, const unsigned int *, const unsigned int *, const __half *, __half *, int, int)"
13986795896,3045472,1897,1,2752,52,32,4,1,32,0.000,0.000,,,,,NVIDIA GeForce RTX 3090 (0),1,,7,"gemv_kernel_g128(const float4 *, const unsigned int *, const unsigned int *, const __half *, __half *, int, int)"
13989851800,1456831,1901,1,1024,52,32,4,1,32,0.000,0.000,,,,,NVIDIA GeForce RTX 3090 (0),1,,7,"gemv_kernel_g128(const float4 *, const unsigned int *, const unsigned int *, const __half *, __half *, int, int)"
13991425655,4846656,1907,1,3072,52,32,4,1,32,0.000,0.000,,,,,NVIDIA GeForce RTX 3090 (0),1,,7,"gemv_kernel_g128(const float4 *, const unsigned int *, const unsigned int *, const __half *, __half *, int, int)"
14005971574,3194784,1929,1,1024,52,32,4,1,32,0.000,0.000,,,,,NVIDIA GeForce RTX 3090 (0),1,,7,"gemv_kernel_g128(const float4 *, const unsigned int *, const unsigned int *, const __half *, __half *, int, int)"
14009326614,3121504,1935,1,2752,52,32,4,1,32,0.000,0.000,,,,,NVIDIA GeForce RTX 3090 (0),1,,7,"gemv_kernel_g128(const float4 *, const unsigned int *, const unsigned int *, const __half *, __half *, int, int)"
14012449654,3844640,1937,1,2752,52,32,4,1,32,0.000,0.000,,,,,NVIDIA GeForce RTX 3090 (0),1,,7,"gemv_kernel_g128(const float4 *, const unsigned int *, const unsigned int *, const __half *, __half *, int, int)"
14016305014,2281504,1941,1,1024,52,32,4,1,32,0.000,0.000,,,,,NVIDIA GeForce RTX 3090 (0),1,,7,"gemv_kernel_g128(const float4 *, const unsigned int *, const unsigned int *, const __half *, __half *, int, int)"
14018713590,4594783,1947,1,3072,52,32,4,1,32,0.000,0.000,,,,,NVIDIA GeForce RTX 3090 (0),1,,7,"gemv_kernel_g128(const float4 *, const unsigned int *, const unsigned int *, const __half *, __half *, int, int)"
14033617205,3136480,1969,1,1024,52,32,4,1,32,0.000,0.000,,,,,NVIDIA GeForce RTX 3090 (0),1,,7,"gemv_kernel_g128(const float4 *, const unsigned int *, const unsigned int *, const __half *, __half *, int, int)"
14036897589,3883487,1975,1,2752,52,32,4,1,32,0.000,0.000,,,,,NVIDIA GeForce RTX 3090 (0),1,,7,"gemv_kernel_g128(const float4 *, const unsigned int *, const unsigned int *, const __half *, __half *, int, int)"
14040783380,3017472,1977,1,2752,52,32,4,1,32,0.000,0.000,,,,,NVIDIA GeForce RTX 3090 (0),1,,7,"gemv_kernel_g128(const float4 *, const unsigned int *, const unsigned int *, const __half *, __half *, int, int)"
14043810868,1489056,1981,1,1024,52,32,4,1,32,0.000,0.000,,,,,NVIDIA GeForce RTX 3090 (0),1,,7,"gemv_kernel_g128(const float4 *, const unsigned int *, const unsigned int *, const __half *, __half *, int, int)"
14045411540,4371232,1987,1,3072,52,32,4,1,32,0.000,0.000,,,,,NVIDIA GeForce RTX 3090 (0),1,,7,"gemv_kernel_g128(const float4 *, const unsigned int *, const unsigned int *, const __half *, __half *, int, int)"
14061698812,3268983,2009,1,1024,52,32,4,1,32,0.000,0.000,,,,,NVIDIA GeForce RTX 3090 (0),1,,7,"gemv_kernel_g128(const float4 *, const unsigned int *, const unsigned int *, const __half *, __half *, int, int)"
14065339058,3370807,2015,1,2752,52,32,4,1,32,0.000,0.000,,,,,NVIDIA GeForce RTX 3090 (0),1,,7,"gemv_kernel_g128(const float4 *, const unsigned int *, const unsigned int *, const __half *, __half *, int, int)"
14068711433,2996791,2017,1,2752,52,32,4,1,32,0.000,0.000,,,,,NVIDIA GeForce RTX 3090 (0),1,,7,"gemv_kernel_g128(const float4 *, const unsigned int *, const unsigned int *, const __half *, __half *, int, int)"
14071718848,1479484,2021,1,1024,52,32,4,1,32,0.000,0.000,,,,,NVIDIA GeForce RTX 3090 (0),1,,7,"gemv_kernel_g128(const float4 *, const unsigned int *, const unsigned int *, const __half *, __half *, int, int)"
14073313244,4359092,2027,1,3072,52,32,4,1,32,0.000,0.000,,,,,NVIDIA GeForce RTX 3090 (0),1,,7,"gemv_kernel_g128(const float4 *, const unsigned int *, const unsigned int *, const __half *, __half *, int, int)"
14087098326,3057943,2049,1,1024,52,32,4,1,32,0.000,0.000,,,,,NVIDIA GeForce RTX 3090 (0),1,,7,"gemv_kernel_g128(const float4 *, const unsigned int *, const unsigned int *, const __half *, __half *, int, int)"
14090293165,3319991,2055,1,2752,52,32,4,1,32,0.000,0.000,,,,,NVIDIA GeForce RTX 3090 (0),1,,7,"gemv_kernel_g128(const float4 *, const unsigned int *, const unsigned int *, const __half *, __half *, int, int)"
14093614660,2964152,2057,1,2752,52,32,4,1,32,0.000,0.000,,,,,NVIDIA GeForce RTX 3090 (0),1,,7,"gemv_kernel_g128(const float4 *, const unsigned int *, const unsigned int *, const __half *, __half *, int, int)"
14096589212,1463100,2061,1,1024,52,32,4,1,32,0.000,0.000,,,,,NVIDIA GeForce RTX 3090 (0),1,,7,"gemv_kernel_g128(const float4 *, const unsigned int *, const unsigned int *, const __half *, __half *, int, int)"
14098161559,4255860,2067,1,3072,52,32,4,1,32,0.000,0.000,,,,,NVIDIA GeForce RTX 3090 (0),1,,7,"gemv_kernel_g128(const float4 *, const unsigned int *, const unsigned int *, const __half *, __half *, int, int)"
14112643471,3400535,2089,1,1024,52,32,4,1,32,0.000,0.000,,,,,NVIDIA GeForce RTX 3090 (0),1,,7,"gemv_kernel_g128(const float4 *, const unsigned int *, const unsigned int *, const __half *, __half *, int, int)"
14116185829,3060312,2095,1,2752,52,32,4,1,32,0.000,0.000,,,,,NVIDIA GeForce RTX 3090 (0),1,,7,"gemv_kernel_g128(const float4 *, const unsigned int *, const unsigned int *, const __half *, __half *, int, int)"
14119247709,3238455,2097,1,2752,52,32,4,1,32,0.000,0.000,,,,,NVIDIA GeForce RTX 3090 (0),1,,7,"gemv_kernel_g128(const float4 *, const unsigned int *, const unsigned int *, const __half *, __half *, int, int)"
14122496148,1459740,2101,1,1024,52,32,4,1,32,0.000,0.000,,,,,NVIDIA GeForce RTX 3090 (0),1,,7,"gemv_kernel_g128(const float4 *, const unsigned int *, const unsigned int *, const __half *, __half *, int, int)"
14124103247,6124592,2107,1,3072,52,32,4,1,32,0.000,0.000,,,,,NVIDIA GeForce RTX 3090 (0),1,,7,"gemv_kernel_g128(const float4 *, const unsigned int *, const unsigned int *, const __half *, __half *, int, int)"
14140198435,3418870,2129,1,1024,52,32,4,1,32,0.000,0.000,,,,,NVIDIA GeForce RTX 3090 (0),1,,7,"gemv_kernel_g128(const float4 *, const unsigned int *, const unsigned int *, const __half *, __half *, int, int)"
14143760473,2978104,2135,1,2752,52,32,4,1,32,0.000,0.000,,,,,NVIDIA GeForce RTX 3090 (0),1,,7,"gemv_kernel_g128(const float4 *, const unsigned int *, const unsigned int *, const __half *, __half *, int, int)"
14146740689,3425750,2137,1,2752,52,32,4,1,32,0.000,0.000,,,,,NVIDIA GeForce RTX 3090 (0),1,,7,"gemv_kernel_g128(const float4 *, const unsigned int *, const unsigned int *, const __half *, __half *, int, int)"
14150176583,1878171,2141,1,1024,52,32,4,1,32,0.000,0.000,,,,,NVIDIA GeForce RTX 3090 (0),1,,7,"gemv_kernel_g128(const float4 *, const unsigned int *, const unsigned int *, const __half *, __half *, int, int)"
14152174370,4713427,2147,1,3072,52,32,4,1,32,0.000,0.000,,,,,NVIDIA GeForce RTX 3090 (0),1,,7,"gemv_kernel_g128(const float4 *, const unsigned int *, const unsigned int *, const __half *, __half *, int, int)"
14167275608,3290839,2169,1,1024,52,32,4,1,32,0.000,0.000,,,,,NVIDIA GeForce RTX 3090 (0),1,,7,"gemv_kernel_g128(const float4 *, const unsigned int *, const unsigned int *, const __half *, __half *, int, int)"
14170708334,4646164,2175,1,2752,52,32,4,1,32,0.000,0.000,,,,,NVIDIA GeForce RTX 3090 (0),1,,7,"gemv_kernel_g128(const float4 *, const unsigned int *, const unsigned int *, const __half *, __half *, int, int)"
14175356162,3657781,2177,1,2752,52,32,4,1,32,0.000,0.000,,,,,NVIDIA GeForce RTX 3090 (0),1,,7,"gemv_kernel_g128(const float4 *, const unsigned int *, const unsigned int *, const __half *, __half *, int, int)"
14179024791,1462268,2181,1,1024,52,32,4,1,32,0.000,0.000,,,,,NVIDIA GeForce RTX 3090 (0),1,,7,"gemv_kernel_g128(const float4 *, const unsigned int *, const unsigned int *, const __half *, __half *, int, int)"
14180616147,4678419,2187,1,3072,52,32,4,1,32,0.000,0.000,,,,,NVIDIA GeForce RTX 3090 (0),1,,7,"gemv_kernel_g128(const float4 *, const unsigned int *, const unsigned int *, const __half *, __half *, int, int)"
14196317384,4062516,2209,1,1024,52,32,4,1,32,0.000,0.000,,,,,NVIDIA GeForce RTX 3090 (0),1,,7,"gemv_kernel_g128(const float4 *, const unsigned int *, const unsigned int *, const __half *, __half *, int, int)"
14200521148,3377463,2215,1,2752,52,32,4,1,32,0.000,0.000,,,,,NVIDIA GeForce RTX 3090 (0),1,,7,"gemv_kernel_g128(const float4 *, const unsigned int *, const unsigned int *, const __half *, __half *, int, int)"
14203900371,3102807,2217,1,2752,52,32,4,1,32,0.000,0.000,,,,,NVIDIA GeForce RTX 3090 (0),1,,7,"gemv_kernel_g128(const float4 *, const unsigned int *, const unsigned int *, const __half *, __half *, int, int)"
14207013610,1463452,2221,1,1024,52,32,4,1,32,0.000,0.000,,,,,NVIDIA GeForce RTX 3090 (0),1,,7,"gemv_kernel_g128(const float4 *, const unsigned int *, const unsigned int *, const __half *, __half *, int, int)"
14208599846,4597811,2227,1,3072,52,32,4,1,32,0.000,0.000,,,,,NVIDIA GeForce RTX 3090 (0),1,,7,"gemv_kernel_g128(const float4 *, const unsigned int *, const unsigned int *, const __half *, __half *, int, int)"
14225292151,3251703,2249,1,1024,52,32,4,1,32,0.000,0.000,,,,,NVIDIA GeForce RTX 3090 (0),1,,7,"gemv_kernel_g128(const float4 *, const unsigned int *, const unsigned int *, const __half *, __half *, int, int)"
14228679662,3024952,2255,1,2752,52,32,4,1,32,0.000,0.000,,,,,NVIDIA GeForce RTX 3090 (0),1,,7,"gemv_kernel_g128(const float4 *, const unsigned int *, const unsigned int *, const __half *, __half *, int, int)"
14231706118,3289655,2257,1,2752,52,32,4,1,32,0.000,0.000,,,,,NVIDIA GeForce RTX 3090 (0),1,,7,"gemv_kernel_g128(const float4 *, const unsigned int *, const unsigned int *, const __half *, __half *, int, int)"
14235005789,1458587,2261,1,1024,52,32,4,1,32,0.000,0.000,,,,,NVIDIA GeForce RTX 3090 (0),1,,7,"gemv_kernel_g128(const float4 *, const unsigned int *, const unsigned int *, const __half *, __half *, int, int)"
14236591384,5263058,2267,1,3072,52,32,4,1,32,0.000,0.000,,,,,NVIDIA GeForce RTX 3090 (0),1,,7,"gemv_kernel_g128(const float4 *, const unsigned int *, const unsigned int *, const __half *, __half *, int, int)"
14251025712,3101944,2289,1,1024,52,32,4,1,32,0.000,0.000,,,,,NVIDIA GeForce RTX 3090 (0),1,,7,"gemv_kernel_g128(const float4 *, const unsigned int *, const unsigned int *, const __half *, __half *, int, int)"
14254273511,2958200,2295,1,2752,52,32,4,1,32,0.000,0.000,,,,,NVIDIA GeForce RTX 3090 (0),1,,7,"gemv_kernel_g128(const float4 *, const unsigned int *, const unsigned int *, const __half *, __half *, int, int)"
14257233855,3777654,2297,1,2752,52,32,4,1,32,0.000,0.000,,,,,NVIDIA GeForce RTX 3090 (0),1,,7,"gemv_kernel_g128(const float4 *, const unsigned int *, const unsigned int *, const __half *, __half *, int, int)"
14261021557,1457979,2301,1,1024,52,32,4,1,32,0.000,0.000,,,,,NVIDIA GeForce RTX 3090 (0),1,,7,"gemv_kernel_g128(const float4 *, const unsigned int *, const unsigned int *, const __half *, __half *, int, int)"
14262585840,4438420,2307,1,3072,52,32,4,1,32,0.000,0.000,,,,,NVIDIA GeForce RTX 3090 (0),1,,7,"gemv_kernel_g128(const float4 *, const unsigned int *, const unsigned int *, const __half *, __half *, int, int)"
14276278698,3070264,2329,1,1024,52,32,4,1,32,0.000,0.000,,,,,NVIDIA GeForce RTX 3090 (0),1,,7,"gemv_kernel_g128(const float4 *, const unsigned int *, const unsigned int *, const __half *, __half *, int, int)"
14279537505,3971701,2335,1,2752,52,32,4,1,32,0.000,0.000,,,,,NVIDIA GeForce RTX 3090 (0),1,,7,"gemv_kernel_g128(const float4 *, const unsigned int *, const unsigned int *, const __half *, __half *, int, int)"
14283510774,2943544,2337,1,2752,52,32,4,1,32,0.000,0.000,,,,,NVIDIA GeForce RTX 3090 (0),1,,7,"gemv_kernel_g128(const float4 *, const unsigned int *, const unsigned int *, const __half *, __half *, int, int)"
14286464878,1497820,2341,1,1024,52,32,4,1,32,0.000,0.000,,,,,NVIDIA GeForce RTX 3090 (0),1,,7,"gemv_kernel_g128(const float4 *, const unsigned int *, const unsigned int *, const __half *, __half *, int, int)"
14288074218,4213492,2347,1,3072,52,32,4,1,32,0.000,0.000,,,,,NVIDIA GeForce RTX 3090 (0),1,,7,"gemv_kernel_g128(const float4 *, const unsigned int *, const unsigned int *, const __half *, __half *, int, int)"
14301838340,3348470,2369,1,1024,52,32,4,1,32,0.000,0.000,,,,,NVIDIA GeForce RTX 3090 (0),1,,7,"gemv_kernel_g128(const float4 *, const unsigned int *, const unsigned int *, const __half *, __half *, int, int)"
14305316602,3350775,2375,1,2752,52,32,4,1,32,0.000,0.000,,,,,NVIDIA GeForce RTX 3090 (0),1,,7,"gemv_kernel_g128(const float4 *, const unsigned int *, const unsigned int *, const __half *, __half *, int, int)"
14308669201,3160887,2377,1,2752,52,32,4,1,32,0.000,0.000,,,,,NVIDIA GeForce RTX 3090 (0),1,,7,"gemv_kernel_g128(const float4 *, const unsigned int *, const unsigned int *, const __half *, __half *, int, int)"
14311840456,1461724,2381,1,1024,52,32,4,1,32,0.000,0.000,,,,,NVIDIA GeForce RTX 3090 (0),1,,7,"gemv_kernel_g128(const float4 *, const unsigned int *, const unsigned int *, const __half *, __half *, int, int)"
14313440803,4488884,2387,1,3072,52,32,4,1,32,0.000,0.000,,,,,NVIDIA GeForce RTX 3090 (0),1,,7,"gemv_kernel_g128(const float4 *, const unsigned int *, const unsigned int *, const __half *, __half *, int, int)"
14328211131,4299188,2409,1,1024,52,32,4,1,32,0.000,0.000,,,,,NVIDIA GeForce RTX 3090 (0),1,,7,"gemv_kernel_g128(const float4 *, const unsigned int *, const unsigned int *, const __half *, __half *, int, int)"
14332658190,3126936,2415,1,2752,52,32,4,1,32,0.000,0.000,,,,,NVIDIA GeForce RTX 3090 (0),1,,7,"gemv_kernel_g128(const float4 *, const unsigned int *, const unsigned int *, const __half *, __half *, int, int)"
14335786662,3111991,2417,1,2752,52,32,4,1,32,0.000,0.000,,,,,NVIDIA GeForce RTX 3090 (0),1,,7,"gemv_kernel_g128(const float4 *, const unsigned int *, const unsigned int *, const __half *, __half *, int, int)"
14338908445,1461596,2421,1,1024,52,32,4,1,32,0.000,0.000,,,,,NVIDIA GeForce RTX 3090 (0),1,,7,"gemv_kernel_g128(const float4 *, const unsigned int *, const unsigned int *, const __half *, __half *, int, int)"
14340497785,4630899,2427,1,3072,52,32,4,1,32,0.000,0.000,,,,,NVIDIA GeForce RTX 3090 (0),1,,7,"gemv_kernel_g128(const float4 *, const unsigned int *, const unsigned int *, const __half *, __half *, int, int)"
14354576434,3233559,2449,1,1024,52,32,4,1,32,0.000,0.000,,,,,NVIDIA GeForce RTX 3090 (0),1,,7,"gemv_kernel_g128(const float4 *, const unsigned int *, const unsigned int *, const __half *, __half *, int, int)"
14357941288,2923960,2455,1,2752,52,32,4,1,32,0.000,0.000,,,,,NVIDIA GeForce RTX 3090 (0),1,,7,"gemv_kernel_g128(const float4 *, const unsigned int *, const unsigned int *, const __half *, __half *, int, int)"
14360867392,2961400,2457,1,2752,52,32,4,1,32,0.000,0.000,,,,,NVIDIA GeForce RTX 3090 (0),1,,7,"gemv_kernel_g128(const float4 *, const unsigned int *, const unsigned int *, const __half *, __half *, int, int)"
14363838872,1452892,2461,1,1024,52,32,4,1,32,0.000,0.000,,,,,NVIDIA GeForce RTX 3090 (0),1,,7,"gemv_kernel_g128(const float4 *, const unsigned int *, const unsigned int *, const __half *, __half *, int, int)"
14365403764,4237908,2467,1,3072,52,32,4,1,32,0.000,0.000,,,,,NVIDIA GeForce RTX 3090 (0),1,,7,"gemv_kernel_g128(const float4 *, const unsigned int *, const unsigned int *, const __half *, __half *, int, int)"
14378936942,3018552,2489,1,1024,52,32,4,1,32,0.000,0.000,,,,,NVIDIA GeForce RTX 3090 (0),1,,7,"gemv_kernel_g128(const float4 *, const unsigned int *, const unsigned int *, const __half *, __half *, int, int)"
14382086245,2945144,2495,1,2752,52,32,4,1,32,0.000,0.000,,,,,NVIDIA GeForce RTX 3090 (0),1,,7,"gemv_kernel_g128(const float4 *, const unsigned int *, const unsigned int *, const __half *, __half *, int, int)"
14385032893,3100632,2497,1,2752,52,32,4,1,32,0.000,0.000,,,,,NVIDIA GeForce RTX 3090 (0),1,,7,"gemv_kernel_g128(const float4 *, const unsigned int *, const unsigned int *, const __half *, __half *, int, int)"
14388144405,1461276,2501,1,1024,52,32,4,1,32,0.000,0.000,,,,,NVIDIA GeForce RTX 3090 (0),1,,7,"gemv_kernel_g128(const float4 *, const unsigned int *, const unsigned int *, const __half *, __half *, int, int)"
14389723760,5181618,2507,1,3072,52,32,4,1,32,0.000,0.000,,,,,NVIDIA GeForce RTX 3090 (0),1,,7,"gemv_kernel_g128(const float4 *, const unsigned int *, const unsigned int *, const __half *, __half *, int, int)"
14406122787,3591254,2529,1,1024,52,32,4,1,32,0.000,0.000,,,,,NVIDIA GeForce RTX 3090 (0),1,,7,"gemv_kernel_g128(const float4 *, const unsigned int *, const unsigned int *, const __half *, __half *, int, int)"
14409894680,3316279,2535,1,2752,52,32,4,1,32,0.000,0.000,,,,,NVIDIA GeForce RTX 3090 (0),1,,7,"gemv_kernel_g128(const float4 *, const unsigned int *, const unsigned int *, const __half *, __half *, int, int)"
14413212559,3979541,2537,1,2752,52,32,4,1,32,0.000,0.000,,,,,NVIDIA GeForce RTX 3090 (0),1,,7,"gemv_kernel_g128(const float4 *, const unsigned int *, const unsigned int *, const __half *, __half *, int, int)"
14417202852,1471964,2541,1,1024,52,32,4,1,32,0.000,0.000,,,,,NVIDIA GeForce RTX 3090 (0),1,,7,"gemv_kernel_g128(const float4 *, const unsigned int *, const unsigned int *, const __half *, __half *, int, int)"
14418818784,7782250,2547,1,8000,52,32,4,1,32,0.000,0.000,,,,,NVIDIA GeForce RTX 3090 (0),1,,7,"gemv_kernel_g128(const float4 *, const unsigned int *, const unsigned int *, const __half *, __half *, int, int)"
14457078134,103872,2562,1,3072,1,32,4,1,32,0.000,0.000,,,,,NVIDIA GeForce RTX 3090 (0),1,,7,"gemv_kernel_g128(const float4 *, const unsigned int *, const unsigned int *, const __half *, __half *, int, int)"
14458996241,73183,2710,1,1024,1,32,4,1,32,0.000,0.000,,,,,NVIDIA GeForce RTX 3090 (0),1,,7,"gemv_kernel_g128(const float4 *, const unsigned int *, const unsigned int *, const __half *, __half *, int, int)"
14459091664,67296,2716,1,2752,1,32,4,1,32,0.000,0.000,,,,,NVIDIA GeForce RTX 3090 (0),1,,7,"gemv_kernel_g128(const float4 *, const unsigned int *, const unsigned int *, const __half *, __half *, int, int)"
14459160432,68896,2718,1,2752,1,32,4,1,32,0.000,0.000,,,,,NVIDIA GeForce RTX 3090 (0),1,,7,"gemv_kernel_g128(const float4 *, const unsigned int *, const unsigned int *, const __half *, __half *, int, int)"
14459234320,37952,2722,1,1024,1,32,4,1,32,0.000,0.000,,,,,NVIDIA GeForce RTX 3090 (0),1,,7,"gemv_kernel_g128(const float4 *, const unsigned int *, const unsigned int *, const __half *, __half *, int, int)"
14459293456,104735,2728,1,3072,1,32,4,1,32,0.000,0.000,,,,,NVIDIA GeForce RTX 3090 (0),1,,7,"gemv_kernel_g128(const float4 *, const unsigned int *, const unsigned int *, const __half *, __half *, int, int)"
14461232650,72352,2876,1,1024,1,32,4,1,32,0.000,0.000,,,,,NVIDIA GeForce RTX 3090 (0),1,,7,"gemv_kernel_g128(const float4 *, const unsigned int *, const unsigned int *, const __half *, __half *, int, int)"
14461326346,502015,2882,1,2752,1,32,4,1,32,0.000,0.000,,,,,NVIDIA GeForce RTX 3090 (0),1,,7,"gemv_kernel_g128(const float4 *, const unsigned int *, const unsigned int *, const __half *, __half *, int, int)"
14461829897,81023,2884,1,2752,1,32,4,1,32,0.000,0.000,,,,,NVIDIA GeForce RTX 3090 (0),1,,7,"gemv_kernel_g128(const float4 *, const unsigned int *, const unsigned int *, const __half *, __half *, int, int)"
14461915624,38176,2888,1,1024,1,32,4,1,32,0.000,0.000,,,,,NVIDIA GeForce RTX 3090 (0),1,,7,"gemv_kernel_g128(const float4 *, const unsigned int *, const unsigned int *, const __half *, __half *, int, int)"
14461978760,392415,2894,1,3072,1,32,4,1,32,0.000,0.000,,,,,NVIDIA GeForce RTX 3090 (0),1,,7,"gemv_kernel_g128(const float4 *, const unsigned int *, const unsigned int *, const __half *, __half *, int, int)"
14463924803,75872,3042,1,1024,1,32,4,1,32,0.000,0.000,,,,,NVIDIA GeForce RTX 3090 (0),1,,7,"gemv_kernel_g128(const float4 *, const unsigned int *, const unsigned int *, const __half *, __half *, int, int)"
14464021859,65215,3048,1,2752,1,32,4,1,32,0.000,0.000,,,,,NVIDIA GeForce RTX 3090 (0),1,,7,"gemv_kernel_g128(const float4 *, const unsigned int *, const unsigned int *, const __half *, __half *, int, int)"
14464088898,65696,3050,1,2752,1,32,4,1,32,0.000,0.000,,,,,NVIDIA GeForce RTX 3090 (0),1,,7,"gemv_kernel_g128(const float4 *, const unsigned int *, const unsigned int *, const __half *, __half *, int, int)"
14464159170,37600,3054,1,1024,1,32,4,1,32,0.000,0.000,,,,,NVIDIA GeForce RTX 3090 (0),1,,7,"gemv_kernel_g128(const float4 *, const unsigned int *, const unsigned int *, const __half *, __half *, int, int)"
14464217282,88672,3060,1,3072,1,32,4,1,32,0.000,0.000,,,,,NVIDIA GeForce RTX 3090 (0),1,,7,"gemv_kernel_g128(const float4 *, const unsigned int *, const unsigned int *, const __half *, __half *, int, int)"
14465851422,70879,3208,1,1024,1,32,4,1,32,0.000,0.000,,,,,NVIDIA GeForce RTX 3090 (0),1,,7,"gemv_kernel_g128(const float4 *, const unsigned int *, const unsigned int *, const __half *, __half *, int, int)"
14465943965,65856,3214,1,2752,1,32,4,1,32,0.000,0.000,,,,,NVIDIA GeForce RTX 3090 (0),1,,7,"gemv_kernel_g128(const float4 *, const unsigned int *, const unsigned int *, const __half *, __half *, int, int)"
14466011325,110496,3216,1,2752,1,32,4,1,32,0.000,0.000,,,,,NVIDIA GeForce RTX 3090 (0),1,,7,"gemv_kernel_g128(const float4 *, const unsigned int *, const unsigned int *, const __half *, __half *, int, int)"
14466127101,38528,3220,1,1024,1,32,4,1,32,0.000,0.000,,,,,NVIDIA GeForce RTX 3090 (0),1,,7,"gemv_kernel_g128(const float4 *, const unsigned int *, const unsigned int *, const __half *, __half *, int, int)"
14466188925,120223,3226,1,3072,1,32,4,1,32,0.000,0.000,,,,,NVIDIA GeForce RTX 3090 (0),1,,7,"gemv_kernel_g128(const float4 *, const unsigned int *, const unsigned int *, const __half *, __half *, int, int)"
14468115479,372351,3374,1,1024,1,32,4,1,32,0.000,0.000,,,,,NVIDIA GeForce RTX 3090 (0),1,,7,"gemv_kernel_g128(const float4 *, const unsigned int *, const unsigned int *, const __half *, __half *, int, int)"
14468510070,73824,3380,1,2752,1,32,4,1,32,0.000,0.000,,,,,NVIDIA GeForce RTX 3090 (0),1,,7,"gemv_kernel_g128(const float4 *, const unsigned int *, const unsigned int *, const __half *, __half *, int, int)"
14468585366,74240,3382,1,2752,1,32,4,1,32,0.000,0.000,,,,,NVIDIA GeForce RTX 3090 (0),1,,7,"gemv_kernel_g128(const float4 *, const unsigned int *, const unsigned int *, const __half *, __half *, int, int)"
14468664758,39360,3386,1,1024,1,32,4,1,32,0.000,0.000,,,,,NVIDIA GeForce RTX 3090 (0),1,,7,"gemv_kernel_g128(const float4 *, const unsigned int *, const unsigned int *, const __half *, __half *, int, int)"
14468725302,94399,3392,1,3072,1,32,4,1,32,0.000,0.000,,,,,NVIDIA GeForce RTX 3090 (0),1,,7,"gemv_kernel_g128(const float4 *, const unsigned int *, const unsigned int *, const __half *, __half *, int, int)"
14470404145,72672,3540,1,1024,1,32,4,1,32,0.000,0.000,,,,,NVIDIA GeForce RTX 3090 (0),1,,7,"gemv_kernel_g128(const float4 *, const unsigned int *, const unsigned int *, const __half *, __half *, int, int)"
14470498577,66496,3546,1,2752,1,32,4,1,32,0.000,0.000,,,,,NVIDIA GeForce RTX 3090 (0),1,,7,"gemv_kernel_g128(const float4 *, const unsigned int *, const unsigned int *, const __half *, __half *, int, int)"
14470566545,65663,3548,1,2752,1,32,4,1,32,0.000,0.000,,,,,NVIDIA GeForce RTX 3090 (0),1,,7,"gemv_kernel_g128(const float4 *, const unsigned int *, const unsigned int *, const __half *, __half *, int, int)"
14470636816,37760,3552,1,1024,1,32,4,1,32,0.000,0.000,,,,,NVIDIA GeForce RTX 3090 (0),1,,7,"gemv_kernel_g128(const float4 *, const unsigned int *, const unsigned int *, const __half *, __half *, int, int)"
14470694864,90048,3558,1,3072,1,32,4,1,32,0.000,0.000,,,,,NVIDIA GeForce RTX 3090 (0),1,,7,"gemv_kernel_g128(const float4 *, const unsigned int *, const unsigned int *, const __half *, __half *, int, int)"
14472378028,76095,3706,1,1024,1,32,4,1,32,0.000,0.000,,,,,NVIDIA GeForce RTX 3090 (0),1,,7,"gemv_kernel_g128(const float4 *, const unsigned int *, const unsigned int *, const __half *, __half *, int, int)"
14472475723,65280,3712,1,2752,1,32,4,1,32,0.000,0.000,,,,,NVIDIA GeForce RTX 3090 (0),1,,7,"gemv_kernel_g128(const float4 *, const unsigned int *, const unsigned int *, const __half *, __half *, int, int)"
14472542891,65792,3714,1,2752,1,32,4,1,32,0.000,0.000,,,,,NVIDIA GeForce RTX 3090 (0),1,,7,"gemv_kernel_g128(const float4 *, const unsigned int *, const unsigned int *, const __half *, __half *, int, int)"
14472613355,38912,3718,1,1024,1,32,4,1,32,0.000,0.000,,,,,NVIDIA GeForce RTX 3090 (0),1,,7,"gemv_kernel_g128(const float4 *, const unsigned int *, const unsigned int *, const __half *, __half *, int, int)"
14472673707,92319,3724,1,3072,1,32,4,1,32,0.000,0.000,,,,,NVIDIA GeForce RTX 3090 (0),1,,7,"gemv_kernel_g128(const float4 *, const unsigned int *, const unsigned int *, const __half *, __half *, int, int)"
14474527558,75231,3872,1,1024,1,32,4,1,32,0.000,0.000,,,,,NVIDIA GeForce RTX 3090 (0),1,,7,"gemv_kernel_g128(const float4 *, const unsigned int *, const unsigned int *, const __half *, __half *, int, int)"
14474624677,70464,3878,1,2752,1,32,4,1,32,0.000,0.000,,,,,NVIDIA GeForce RTX 3090 (0),1,,7,"gemv_kernel_g128(const float4 *, const unsigned int *, const unsigned int *, const __half *, __half *, int, int)"
14474696677,67008,3880,1,2752,1,32,4,1,32,0.000,0.000,,,,,NVIDIA GeForce RTX 3090 (0),1,,7,"gemv_kernel_g128(const float4 *, const unsigned int *, const unsigned int *, const __half *, __half *, int, int)"
14474768805,39968,3884,1,1024,1,32,4,1,32,0.000,0.000,,,,,NVIDIA GeForce RTX 3090 (0),1,,7,"gemv_kernel_g128(const float4 *, const unsigned int *, const unsigned int *, const __half *, __half *, int, int)"
14474829509,90687,3890,1,3072,1,32,4,1,32,0.000,0.000,,,,,NVIDIA GeForce RTX 3090 (0),1,,7,"gemv_kernel_g128(const float4 *, const unsigned int *, const unsigned int *, const __half *, __half *, int, int)"
14476746591,72000,4038,1,1024,1,32,4,1,32,0.000,0.000,,,,,NVIDIA GeForce RTX 3090 (0),1,,7,"gemv_kernel_g128(const float4 *, const unsigned int *, const unsigned int *, const __half *, __half *, int, int)"
14476840831,64896,4044,1,2752,1,32,4,1,32,0.000,0.000,,,,,NVIDIA GeForce RTX 3090 (0),1,,7,"gemv_kernel_g128(const float4 *, const unsigned int *, const unsigned int *, const __half *, __half *, int, int)"
14476907231,65344,4046,1,2752,1,32,4,1,32,0.000,0.000,,,,,NVIDIA GeForce RTX 3090 (0),1,,7,"gemv_kernel_g128(const float4 *, const unsigned int *, const unsigned int *, const __half *, __half *, int, int)"
14476977663,37696,4050,1,1024,1,32,4,1,32,0.000,0.000,,,,,NVIDIA GeForce RTX 3090 (0),1,,7,"gemv_kernel_g128(const float4 *, const unsigned int *, const unsigned int *, const __half *, __half *, int, int)"
14477035775,89183,4056,1,3072,1,32,4,1,32,0.000,0.000,,,,,NVIDIA GeForce RTX 3090 (0),1,,7,"gemv_kernel_g128(const float4 *, const unsigned int *, const unsigned int *, const __half *, __half *, int, int)"
14478691738,72288,4204,1,1024,1,32,4,1,32,0.000,0.000,,,,,NVIDIA GeForce RTX 3090 (0),1,,7,"gemv_kernel_g128(const float4 *, const unsigned int *, const unsigned int *, const __half *, __half *, int, int)"
14478786010,64608,4210,1,2752,1,32,4,1,32,0.000,0.000,,,,,NVIDIA GeForce RTX 3090 (0),1,,7,"gemv_kernel_g128(const float4 *, const unsigned int *, const unsigned int *, const __half *, __half *, int, int)"
14478852090,65247,4212,1,2752,1,32,4,1,32,0.000,0.000,,,,,NVIDIA GeForce RTX 3090 (0),1,,7,"gemv_kernel_g128(const float4 *, const unsigned int *, const unsigned int *, const __half *, __half *, int, int)"
14478922073,38624,4216,1,1024,1,32,4,1,32,0.000,0.000,,,,,NVIDIA GeForce RTX 3090 (0),1,,7,"gemv_kernel_g128(const float4 *, const unsigned int *, const unsigned int *, const __half *, __half *, int, int)"
14478981657,89568,4222,1,3072,1,32,4,1,32,0.000,0.000,,,,,NVIDIA GeForce RTX 3090 (0),1,,7,"gemv_kernel_g128(const float4 *, const unsigned int *, const unsigned int *, const __half *, __half *, int, int)"
14480671989,75551,4370,1,1024,1,32,4,1,32,0.000,0.000,,,,,NVIDIA GeForce RTX 3090 (0),1,,7,"gemv_kernel_g128(const float4 *, const unsigned int *, const unsigned int *, const __half *, __half *, int, int)"
14480768532,66624,4376,1,2752,1,32,4,1,32,0.000,0.000,,,,,NVIDIA GeForce RTX 3090 (0),1,,7,"gemv_kernel_g128(const float4 *, const unsigned int *, const unsigned int *, const __half *, __half *, int, int)"
14480837108,81120,4378,1,2752,1,32,4,1,32,0.000,0.000,,,,,NVIDIA GeForce RTX 3090 (0),1,,7,"gemv_kernel_g128(const float4 *, const unsigned int *, const unsigned int *, const __half *, __half *, int, int)"
14480922836,38176,4382,1,1024,1,32,4,1,32,0.000,0.000,,,,,NVIDIA GeForce RTX 3090 (0),1,,7,"gemv_kernel_g128(const float4 *, const unsigned int *, const unsigned int *, const __half *, __half *, int, int)"
14480985396,92831,4388,1,3072,1,32,4,1,32,0.000,0.000,,,,,NVIDIA GeForce RTX 3090 (0),1,,7,"gemv_kernel_g128(const float4 *, const unsigned int *, const unsigned int *, const __half *, __half *, int, int)"
14482823183,71103,4536,1,1024,1,32,4,1,32,0.000,0.000,,,,,NVIDIA GeForce RTX 3090 (0),1,,7,"gemv_kernel_g128(const float4 *, const unsigned int *, const unsigned int *, const __half *, __half *, int, int)"
14482916814,537151,4542,1,2752,1,32,4,1,32,0.000,0.000,,,,,NVIDIA GeForce RTX 3090 (0),1,,7,"gemv_kernel_g128(const float4 *, const unsigned int *, const unsigned int *, const __half *, __half *, int, int)"
14483455661,75968,4544,1,2752,1,32,4,1,32,0.000,0.000,,,,,NVIDIA GeForce RTX 3090 (0),1,,7,"gemv_kernel_g128(const float4 *, const unsigned int *, const unsigned int *, const __half *, __half *, int, int)"
14483536877,36960,4548,1,1024,1,32,4,1,32,0.000,0.000,,,,,NVIDIA GeForce RTX 3090 (0),1,,7,"gemv_kernel_g128(const float4 *, const unsigned int *, const unsigned int *, const __half *, __half *, int, int)"
14483594860,89472,4554,1,3072,1,32,4,1,32,0.000,0.000,,,,,NVIDIA GeForce RTX 3090 (0),1,,7,"gemv_kernel_g128(const float4 *, const unsigned int *, const unsigned int *, const __half *, __half *, int, int)"
14485456519,77344,4702,1,1024,1,32,4,1,32,0.000,0.000,,,,,NVIDIA GeForce RTX 3090 (0),1,,7,"gemv_kernel_g128(const float4 *, const unsigned int *, const unsigned int *, const __half *, __half *, int, int)"
14485555143,66144,4708,1,2752,1,32,4,1,32,0.000,0.000,,,,,NVIDIA GeForce RTX 3090 (0),1,,7,"gemv_kernel_g128(const float4 *, const unsigned int *, const unsigned int *, const __half *, __half *, int, int)"
14485622695,65216,4710,1,2752,1,32,4,1,32,0.000,0.000,,,,,NVIDIA GeForce RTX 3090 (0),1,,7,"gemv_kernel_g128(const float4 *, const unsigned int *, const unsigned int *, const __half *, __half *, int, int)"
14485694119,38176,4714,1,1024,1,32,4,1,32,0.000,0.000,,,,,NVIDIA GeForce RTX 3090 (0),1,,7,"gemv_kernel_g128(const float4 *, const unsigned int *, const unsigned int *, const __half *, __half *, int, int)"
14485753094,88960,4720,1,3072,1,32,4,1,32,0.000,0.000,,,,,NVIDIA GeForce RTX 3090 (0),1,,7,"gemv_kernel_g128(const float4 *, const unsigned int *, const unsigned int *, const __half *, __half *, int, int)"
14487485826,73247,4868,1,1024,1,32,4,1,32,0.000,0.000,,,,,NVIDIA GeForce RTX 3090 (0),1,,7,"gemv_kernel_g128(const float4 *, const unsigned int *, const unsigned int *, const __half *, __half *, int, int)"
14487580417,65984,4874,1,2752,1,32,4,1,32,0.000,0.000,,,,,NVIDIA GeForce RTX 3090 (0),1,,7,"gemv_kernel_g128(const float4 *, const unsigned int *, const unsigned int *, const __half *, __half *, int, int)"
14487647809,66336,4876,1,2752,1,32,4,1,32,0.000,0.000,,,,,NVIDIA GeForce RTX 3090 (0),1,,7,"gemv_kernel_g128(const float4 *, const unsigned int *, const unsigned int *, const __half *, __half *, int, int)"
14487719265,38016,4880,1,1024,1,32,4,1,32,0.000,0.000,,,,,NVIDIA GeForce RTX 3090 (0),1,,7,"gemv_kernel_g128(const float4 *, const unsigned int *, const unsigned int *, const __half *, __half *, int, int)"
14487778561,97120,4886,1,3072,1,32,4,1,32,0.000,0.000,,,,,NVIDIA GeForce RTX 3090 (0),1,,7,"gemv_kernel_g128(const float4 *, const unsigned int *, const unsigned int *, const __half *, __half *, int, int)"
14489526236,70432,5034,1,1024,1,32,4,1,32,0.000,0.000,,,,,NVIDIA GeForce RTX 3090 (0),1,,7,"gemv_kernel_g128(const float4 *, const unsigned int *, const unsigned int *, const __half *, __half *, int, int)"
14489618652,65952,5040,1,2752,1,32,4,1,32,0.000,0.000,,,,,NVIDIA GeForce RTX 3090 (0),1,,7,"gemv_kernel_g128(const float4 *, const unsigned int *, const unsigned int *, const __half *, __half *, int, int)"
14489686492,65087,5042,1,2752,1,32,4,1,32,0.000,0.000,,,,,NVIDIA GeForce RTX 3090 (0),1,,7,"gemv_kernel_g128(const float4 *, const unsigned int *, const unsigned int *, const __half *, __half *, int, int)"
14489756155,36672,5046,1,1024,1,32,4,1,32,0.000,0.000,,,,,NVIDIA GeForce RTX 3090 (0),1,,7,"gemv_kernel_g128(const float4 *, const unsigned int *, const unsigned int *, const __half *, __half *, int, int)"
14489813563,87008,5052,1,3072,1,32,4,1,32,0.000,0.000,,,,,NVIDIA GeForce RTX 3090 (0),1,,7,"gemv_kernel_g128(const float4 *, const unsigned int *, const unsigned int *, const __half *, __half *, int, int)"
14491527095,69439,5200,1,1024,1,32,4,1,32,0.000,0.000,,,,,NVIDIA GeForce RTX 3090 (0),1,,7,"gemv_kernel_g128(const float4 *, const unsigned int *, const unsigned int *, const __half *, __half *, int, int)"
14491618294,64672,5206,1,2752,1,32,4,1,32,0.000,0.000,,,,,NVIDIA GeForce RTX 3090 (0),1,,7,"gemv_kernel_g128(const float4 *, const unsigned int *, const unsigned int *, const __half *, __half *, int, int)"
14491684438,65344,5208,1,2752,1,32,4,1,32,0.000,0.000,,,,,NVIDIA GeForce RTX 3090 (0),1,,7,"gemv_kernel_g128(const float4 *, const unsigned int *, const unsigned int *, const __half *, __half *, int, int)"
14491754902,37344,5212,1,1024,1,32,4,1,32,0.000,0.000,,,,,NVIDIA GeForce RTX 3090 (0),1,,7,"gemv_kernel_g128(const float4 *, const unsigned int *, const unsigned int *, const __half *, __half *, int, int)"
14491813526,89855,5218,1,3072,1,32,4,1,32,0.000,0.000,,,,,NVIDIA GeForce RTX 3090 (0),1,,7,"gemv_kernel_g128(const float4 *, const unsigned int *, const unsigned int *, const __half *, __half *, int, int)"
14493547281,69664,5366,1,1024,1,32,4,1,32,0.000,0.000,,,,,NVIDIA GeForce RTX 3090 (0),1,,7,"gemv_kernel_g128(const float4 *, const unsigned int *, const unsigned int *, const __half *, __half *, int, int)"
14493638897,64671,5372,1,2752,1,32,4,1,32,0.000,0.000,,,,,NVIDIA GeForce RTX 3090 (0),1,,7,"gemv_kernel_g128(const float4 *, const unsigned int *, const unsigned int *, const __half *, __half *, int, int)"
14493705072,65600,5374,1,2752,1,32,4,1,32,0.000,0.000,,,,,NVIDIA GeForce RTX 3090 (0),1,,7,"gemv_kernel_g128(const float4 *, const unsigned int *, const unsigned int *, const __half *, __half *, int, int)"
14493775856,36768,5378,1,1024,1,32,4,1,32,0.000,0.000,,,,,NVIDIA GeForce RTX 3090 (0),1,,7,"gemv_kernel_g128(const float4 *, const unsigned int *, const unsigned int *, const __half *, __half *, int, int)"
14493833744,86912,5384,1,3072,1,32,4,1,32,0.000,0.000,,,,,NVIDIA GeForce RTX 3090 (0),1,,7,"gemv_kernel_g128(const float4 *, const unsigned int *, const unsigned int *, const __half *, __half *, int, int)"
14495538123,72320,5532,1,1024,1,32,4,1,32,0.000,0.000,,,,,NVIDIA GeForce RTX 3090 (0),1,,7,"gemv_kernel_g128(const float4 *, const unsigned int *, const unsigned int *, const __half *, __half *, int, int)"
14495632171,66848,5538,1,2752,1,32,4,1,32,0.000,0.000,,,,,NVIDIA GeForce RTX 3090 (0),1,,7,"gemv_kernel_g128(const float4 *, const unsigned int *, const unsigned int *, const __half *, __half *, int, int)"
14495700523,67552,5540,1,2752,1,32,4,1,32,0.000,0.000,,,,,NVIDIA GeForce RTX 3090 (0),1,,7,"gemv_kernel_g128(const float4 *, const unsigned int *, const unsigned int *, const __half *, __half *, int, int)"
14495772779,38592,5544,1,1024,1,32,4,1,32,0.000,0.000,,,,,NVIDIA GeForce RTX 3090 (0),1,,7,"gemv_kernel_g128(const float4 *, const unsigned int *, const unsigned int *, const __half *, __half *, int, int)"
14495832587,90015,5550,1,3072,1,32,4,1,32,0.000,0.000,,,,,NVIDIA GeForce RTX 3090 (0),1,,7,"gemv_kernel_g128(const float4 *, const unsigned int *, const unsigned int *, const __half *, __half *, int, int)"
14497736741,67936,5698,1,1024,1,32,4,1,32,0.000,0.000,,,,,NVIDIA GeForce RTX 3090 (0),1,,7,"gemv_kernel_g128(const float4 *, const unsigned int *, const unsigned int *, const __half *, __half *, int, int)"
14497826085,65856,5704,1,2752,1,32,4,1,32,0.000,0.000,,,,,NVIDIA GeForce RTX 3090 (0),1,,7,"gemv_kernel_g128(const float4 *, const unsigned int *, const unsigned int *, const __half *, __half *, int, int)"
14497893765,65184,5706,1,2752,1,32,4,1,32,0.000,0.000,,,,,NVIDIA GeForce RTX 3090 (0),1,,7,"gemv_kernel_g128(const float4 *, const unsigned int *, const unsigned int *, const __half *, __half *, int, int)"
14497963557,37376,5710,1,1024,1,32,4,1,32,0.000,0.000,,,,,NVIDIA GeForce RTX 3090 (0),1,,7,"gemv_kernel_g128(const float4 *, const unsigned int *, const unsigned int *, const __half *, __half *, int, int)"
14498021765,88415,5716,1,3072,1,32,4,1,32,0.000,0.000,,,,,NVIDIA GeForce RTX 3090 (0),1,,7,"gemv_kernel_g128(const float4 *, const unsigned int *, const unsigned int *, const __half *, __half *, int, int)"
14499818144,71871,5864,1,1024,1,32,4,1,32,0.000,0.000,,,,,NVIDIA GeForce RTX 3090 (0),1,,7,"gemv_kernel_g128(const float4 *, const unsigned int *, const unsigned int *, const __half *, __half *, int, int)"
14499911647,65376,5870,1,2752,1,32,4,1,32,0.000,0.000,,,,,NVIDIA GeForce RTX 3090 (0),1,,7,"gemv_kernel_g128(const float4 *, const unsigned int *, const unsigned int *, const __half *, __half *, int, int)"
14499978527,65536,5872,1,2752,1,32,4,1,32,0.000,0.000,,,,,NVIDIA GeForce RTX 3090 (0),1,,7,"gemv_kernel_g128(const float4 *, const unsigned int *, const unsigned int *, const __half *, __half *, int, int)"
14500049119,38784,5876,1,1024,1,32,4,1,32,0.000,0.000,,,,,NVIDIA GeForce RTX 3090 (0),1,,7,"gemv_kernel_g128(const float4 *, const unsigned int *, const unsigned int *, const __half *, __half *, int, int)"
14500109087,85984,5882,1,3072,1,32,4,1,32,0.000,0.000,,,,,NVIDIA GeForce RTX 3090 (0),1,,7,"gemv_kernel_g128(const float4 *, const unsigned int *, const unsigned int *, const __half *, __half *, int, int)"
14501872378,79328,6030,1,1024,1,32,4,1,32,0.000,0.000,,,,,NVIDIA GeForce RTX 3090 (0),1,,7,"gemv_kernel_g128(const float4 *, const unsigned int *, const unsigned int *, const __half *, __half *, int, int)"
14501974042,78335,6036,1,2752,1,32,4,1,32,0.000,0.000,,,,,NVIDIA GeForce RTX 3090 (0),1,,7,"gemv_kernel_g128(const float4 *, const unsigned int *, const unsigned int *, const __half *, __half *, int, int)"
14502053849,73376,6038,1,2752,1,32,4,1,32,0.000,0.000,,,,,NVIDIA GeForce RTX 3090 (0),1,,7,"gemv_kernel_g128(const float4 *, const unsigned int *, const unsigned int *, const __half *, __half *, int, int)"
14502132537,39040,6042,1,1024,1,32,4,1,32,0.000,0.000,,,,,NVIDIA GeForce RTX 3090 (0),1,,7,"gemv_kernel_g128(const float4 *, const unsigned int *, const unsigned int *, const __half *, __half *, int, int)"
14502192825,91776,6048,1,3072,1,32,4,1,32,0.000,0.000,,,,,NVIDIA GeForce RTX 3090 (0),1,,7,"gemv_kernel_g128(const float4 *, const unsigned int *, const unsigned int *, const __half *, __half *, int, int)"
14504302643,73408,6196,1,1024,1,32,4,1,32,0.000,0.000,,,,,NVIDIA GeForce RTX 3090 (0),1,,7,"gemv_kernel_g128(const float4 *, const unsigned int *, const unsigned int *, const __half *, __half *, int, int)"
14504398227,65184,6202,1,2752,1,32,4,1,32,0.000,0.000,,,,,NVIDIA GeForce RTX 3090 (0),1,,7,"gemv_kernel_g128(const float4 *, const unsigned int *, const unsigned int *, const __half *, __half *, int, int)"
14504464787,471454,6204,1,2752,1,32,4,1,32,0.000,0.000,,,,,NVIDIA GeForce RTX 3090 (0),1,,7,"gemv_kernel_g128(const float4 *, const unsigned int *, const unsigned int *, const __half *, __half *, int, int)"
14504941041,39200,6208,1,1024,1,32,4,1,32,0.000,0.000,,,,,NVIDIA GeForce RTX 3090 (0),1,,7,"gemv_kernel_g128(const float4 *, const unsigned int *, const unsigned int *, const __half *, __half *, int, int)"
14505001713,87360,6214,1,3072,1,32,4,1,32,0.000,0.000,,,,,NVIDIA GeForce RTX 3090 (0),1,,7,"gemv_kernel_g128(const float4 *, const unsigned int *, const unsigned int *, const __half *, __half *, int, int)"
14506743692,75072,6362,1,1024,1,32,4,1,32,0.000,0.000,,,,,NVIDIA GeForce RTX 3090 (0),1,,7,"gemv_kernel_g128(const float4 *, const unsigned int *, const unsigned int *, const __half *, __half *, int, int)"
14506840812,65824,6368,1,2752,1,32,4,1,32,0.000,0.000,,,,,NVIDIA GeForce RTX 3090 (0),1,,7,"gemv_kernel_g128(const float4 *, const unsigned int *, const unsigned int *, const __half *, __half *, int, int)"
14506908588,64096,6370,1,2752,1,32,4,1,32,0.000,0.000,,,,,NVIDIA GeForce RTX 3090 (0),1,,7,"gemv_kernel_g128(const float4 *, const unsigned int *, const unsigned int *, const __half *, __half *, int, int)"
14506977356,37184,6374,1,1024,1,32,4,1,32,0.000,0.000,,,,,NVIDIA GeForce RTX 3090 (0),1,,7,"gemv_kernel_g128(const float4 *, const unsigned int *, const unsigned int *, const __half *, __half *, int, int)"
14507035532,92415,6380,1,3072,1,32,4,1,32,0.000,0.000,,,,,NVIDIA GeForce RTX 3090 (0),1,,7,"gemv_kernel_g128(const float4 *, const unsigned int *, const unsigned int *, const __half *, __half *, int, int)"
14508713319,72288,6528,1,1024,1,32,4,1,32,0.000,0.000,,,,,NVIDIA GeForce RTX 3090 (0),1,,7,"gemv_kernel_g128(const float4 *, const unsigned int *, const unsigned int *, const __half *, __half *, int, int)"
14508807591,66271,6534,1,2752,1,32,4,1,32,0.000,0.000,,,,,NVIDIA GeForce RTX 3090 (0),1,,7,"gemv_kernel_g128(const float4 *, const unsigned int *, const unsigned int *, const __half *, __half *, int, int)"
14508875334,67296,6536,1,2752,1,32,4,1,32,0.000,0.000,,,,,NVIDIA GeForce RTX 3090 (0),1,,7,"gemv_kernel_g128(const float4 *, const unsigned int *, const unsigned int *, const __half *, __half *, int, int)"
14508947782,38208,6540,1,1024,1,32,4,1,32,0.000,0.000,,,,,NVIDIA GeForce RTX 3090 (0),1,,7,"gemv_kernel_g128(const float4 *, const unsigned int *, const unsigned int *, const __half *, __half *, int, int)"
14509007206,87936,6546,1,3072,1,32,4,1,32,0.000,0.000,,,,,NVIDIA GeForce RTX 3090 (0),1,,7,"gemv_kernel_g128(const float4 *, const unsigned int *, const unsigned int *, const __half *, __half *, int, int)"
14510706721,73600,6694,1,1024,1,32,4,1,32,0.000,0.000,,,,,NVIDIA GeForce RTX 3090 (0),1,,7,"gemv_kernel_g128(const float4 *, const unsigned int *, const unsigned int *, const __half *, __half *, int, int)"
14510802145,65792,6700,1,2752,1,32,4,1,32,0.000,0.000,,,,,NVIDIA GeForce RTX 3090 (0),1,,7,"gemv_kernel_g128(const float4 *, const unsigned int *, const unsigned int *, const __half *, __half *, int, int)"
14510869345,65984,6702,1,2752,1,32,4,1,32,0.000,0.000,,,,,NVIDIA GeForce RTX 3090 (0),1,,7,"gemv_kernel_g128(const float4 *, const unsigned int *, const unsigned int *, const __half *, __half *, int, int)"
14510940545,37504,6706,1,1024,1,32,4,1,32,0.000,0.000,,,,,NVIDIA GeForce RTX 3090 (0),1,,7,"gemv_kernel_g128(const float4 *, const unsigned int *, const unsigned int *, const __half *, __half *, int, int)"
14510998849,88287,6712,1,3072,1,32,4,1,32,0.000,0.000,,,,,NVIDIA GeForce RTX 3090 (0),1,,7,"gemv_kernel_g128(const float4 *, const unsigned int *, const unsigned int *, const __half *, __half *, int, int)"
14512930747,101664,6860,1,1024,1,32,4,1,32,0.000,0.000,,,,,NVIDIA GeForce RTX 3090 (0),1,,7,"gemv_kernel_g128(const float4 *, const unsigned int *, const unsigned int *, const __half *, __half *, int, int)"
14513056411,94624,6866,1,2752,1,32,4,1,32,0.000,0.000,,,,,NVIDIA GeForce RTX 3090 (0),1,,7,"gemv_kernel_g128(const float4 *, const unsigned int *, const unsigned int *, const __half *, __half *, int, int)"
14513152507,85407,6868,1,2752,1,32,4,1,32,0.000,0.000,,,,,NVIDIA GeForce RTX 3090 (0),1,,7,"gemv_kernel_g128(const float4 *, const unsigned int *, const unsigned int *, const __half *, __half *, int, int)"
14513242554,38784,6872,1,1024,1,32,4,1,32,0.000,0.000,,,,,NVIDIA GeForce RTX 3090 (0),1,,7,"gemv_kernel_g128(const float4 *, const unsigned int *, const unsigned int *, const __half *, __half *, int, int)"
14513303130,106336,6878,1,3072,1,32,4,1,32,0.000,0.000,,,,,NVIDIA GeForce RTX 3090 (0),1,,7,"gemv_kernel_g128(const float4 *, const unsigned int *, const unsigned int *, const __half *, __half *, int, int)"
14515172501,73056,7026,1,1024,1,32,4,1,32,0.000,0.000,,,,,NVIDIA GeForce RTX 3090 (0),1,,7,"gemv_kernel_g128(const float4 *, const unsigned int *, const unsigned int *, const __half *, __half *, int, int)"
14515266805,65568,7032,1,2752,1,32,4,1,32,0.000,0.000,,,,,NVIDIA GeForce RTX 3090 (0),1,,7,"gemv_kernel_g128(const float4 *, const unsigned int *, const unsigned int *, const __half *, __half *, int, int)"
14515334261,74847,7034,1,2752,1,32,4,1,32,0.000,0.000,,,,,NVIDIA GeForce RTX 3090 (0),1,,7,"gemv_kernel_g128(const float4 *, const unsigned int *, const unsigned int *, const __half *, __half *, int, int)"
14515413812,37472,7038,1,1024,1,32,4,1,32,0.000,0.000,,,,,NVIDIA GeForce RTX 3090 (0),1,,7,"gemv_kernel_g128(const float4 *, const unsigned int *, const unsigned int *, const __half *, __half *, int, int)"
14515472756,91168,7044,1,3072,1,32,4,1,32,0.000,0.000,,,,,NVIDIA GeForce RTX 3090 (0),1,,7,"gemv_kernel_g128(const float4 *, const unsigned int *, const unsigned int *, const __half *, __half *, int, int)"
14517243887,73952,7192,1,1024,1,32,4,1,32,0.000,0.000,,,,,NVIDIA GeForce RTX 3090 (0),1,,7,"gemv_kernel_g128(const float4 *, const unsigned int *, const unsigned int *, const __half *, __half *, int, int)"
14517339599,65408,7198,1,2752,1,32,4,1,32,0.000,0.000,,,,,NVIDIA GeForce RTX 3090 (0),1,,7,"gemv_kernel_g128(const float4 *, const unsigned int *, const unsigned int *, const __half *, __half *, int, int)"
14517406479,65536,7200,1,2752,1,32,4,1,32,0.000,0.000,,,,,NVIDIA GeForce RTX 3090 (0),1,,7,"gemv_kernel_g128(const float4 *, const unsigned int *, const unsigned int *, const __half *, __half *, int, int)"
14517477199,37440,7204,1,1024,1,32,4,1,32,0.000,0.000,,,,,NVIDIA GeForce RTX 3090 (0),1,,7,"gemv_kernel_g128(const float4 *, const unsigned int *, const unsigned int *, const __half *, __half *, int, int)"
14517535215,89759,7210,1,3072,1,32,4,1,32,0.000,0.000,,,,,NVIDIA GeForce RTX 3090 (0),1,,7,"gemv_kernel_g128(const float4 *, const unsigned int *, const unsigned int *, const __half *, __half *, int, int)"
14519244394,72864,7358,1,1024,1,32,4,1,32,0.000,0.000,,,,,NVIDIA GeForce RTX 3090 (0),1,,7,"gemv_kernel_g128(const float4 *, const unsigned int *, const unsigned int *, const __half *, __half *, int, int)"
14519339146,66623,7364,1,2752,1,32,4,1,32,0.000,0.000,,,,,NVIDIA GeForce RTX 3090 (0),1,,7,"gemv_kernel_g128(const float4 *, const unsigned int *, const unsigned int *, const __half *, __half *, int, int)"
14519407273,65664,7366,1,2752,1,32,4,1,32,0.000,0.000,,,,,NVIDIA GeForce RTX 3090 (0),1,,7,"gemv_kernel_g128(const float4 *, const unsigned int *, const unsigned int *, const __half *, __half *, int, int)"
14519477993,37120,7370,1,1024,1,32,4,1,32,0.000,0.000,,,,,NVIDIA GeForce RTX 3090 (0),1,,7,"gemv_kernel_g128(const float4 *, const unsigned int *, const unsigned int *, const __half *, __half *, int, int)"
14519535657,90528,7376,1,3072,1,32,4,1,32,0.000,0.000,,,,,NVIDIA GeForce RTX 3090 (0),1,,7,"gemv_kernel_g128(const float4 *, const unsigned int *, const unsigned int *, const __half *, __half *, int, int)"
14521220292,70752,7524,1,1024,1,32,4,1,32,0.000,0.000,,,,,NVIDIA GeForce RTX 3090 (0),1,,7,"gemv_kernel_g128(const float4 *, const unsigned int *, const unsigned int *, const __half *, __half *, int, int)"
14521312772,66208,7530,1,2752,1,32,4,1,32,0.000,0.000,,,,,NVIDIA GeForce RTX 3090 (0),1,,7,"gemv_kernel_g128(const float4 *, const unsigned int *, const unsigned int *, const __half *, __half *, int, int)"
14521380388,66112,7532,1,2752,1,32,4,1,32,0.000,0.000,,,,,NVIDIA GeForce RTX 3090 (0),1,,7,"gemv_kernel_g128(const float4 *, const unsigned int *, const unsigned int *, const __half *, __half *, int, int)"
14521456644,37600,7536,1,1024,1,32,4,1,32,0.000,0.000,,,,,NVIDIA GeForce RTX 3090 (0),1,,7,"gemv_kernel_g128(const float4 *, const unsigned int *, const unsigned int *, const __half *, __half *, int, int)"
14521515651,86624,7542,1,3072,1,32,4,1,32,0.000,0.000,,,,,NVIDIA GeForce RTX 3090 (0),1,,7,"gemv_kernel_g128(const float4 *, const unsigned int *, const unsigned int *, const __half *, __half *, int, int)"
14523341886,75232,7690,1,1024,1,32,4,1,32,0.000,0.000,,,,,NVIDIA GeForce RTX 3090 (0),1,,7,"gemv_kernel_g128(const float4 *, const unsigned int *, const unsigned int *, const __half *, __half *, int, int)"
14523648766,71935,7696,1,2752,1,32,4,1,32,0.000,0.000,,,,,NVIDIA GeForce RTX 3090 (0),1,,7,"gemv_kernel_g128(const float4 *, const unsigned int *, const unsigned int *, const __half *, __half *, int, int)"
14523722589,65792,7698,1,2752,1,32,4,1,32,0.000,0.000,,,,,NVIDIA GeForce RTX 3090 (0),1,,7,"gemv_kernel_g128(const float4 *, const unsigned int *, const unsigned int *, const __half *, __half *, int, int)"
14523793085,36960,7702,1,1024,1,32,4,1,32,0.000,0.000,,,,,NVIDIA GeForce RTX 3090 (0),1,,7,"gemv_kernel_g128(const float4 *, const unsigned int *, const unsigned int *, const __half *, __half *, int, int)"
14523850941,89280,7708,1,3072,1,32,4,1,32,0.000,0.000,,,,,NVIDIA GeForce RTX 3090 (0),1,,7,"gemv_kernel_g128(const float4 *, const unsigned int *, const unsigned int *, const __half *, __half *, int, int)"
14525542424,73984,7856,1,1024,1,32,4,1,32,0.000,0.000,,,,,NVIDIA GeForce RTX 3090 (0),1,,7,"gemv_kernel_g128(const float4 *, const unsigned int *, const unsigned int *, const __half *, __half *, int, int)"
14525637784,65856,7862,1,2752,1,32,4,1,32,0.000,0.000,,,,,NVIDIA GeForce RTX 3090 (0),1,,7,"gemv_kernel_g128(const float4 *, const unsigned int *, const unsigned int *, const __half *, __half *, int, int)"
14525705080,66208,7864,1,2752,1,32,4,1,32,0.000,0.000,,,,,NVIDIA GeForce RTX 3090 (0),1,,7,"gemv_kernel_g128(const float4 *, const unsigned int *, const unsigned int *, const __half *, __half *, int, int)"
14525776376,37120,7868,1,1024,1,32,4,1,32,0.000,0.000,,,,,NVIDIA GeForce RTX 3090 (0),1,,7,"gemv_kernel_g128(const float4 *, const unsigned int *, const unsigned int *, const __half *, __half *, int, int)"
14525834296,134143,7874,1,8000,1,32,4,1,32,0.000,0.000,,,,,NVIDIA GeForce RTX 3090 (0),1,,7,"gemv_kernel_g128(const float4 *, const unsigned int *, const unsigned int *, const __half *, __half *, int, int)"
14555562597,97856,7888,1,3072,1,32,4,1,32,0.000,0.000,,,,,NVIDIA GeForce RTX 3090 (0),1,,7,"gemv_kernel_g128(const float4 *, const unsigned int *, const unsigned int *, const __half *, __half *, int, int)"
14557505440,82720,8036,1,1024,1,32,4,1,32,0.000,0.000,,,,,NVIDIA GeForce RTX 3090 (0),1,,7,"gemv_kernel_g128(const float4 *, const unsigned int *, const unsigned int *, const __half *, __half *, int, int)"
14557610272,74047,8042,1,2752,1,32,4,1,32,0.000,0.000,,,,,NVIDIA GeForce RTX 3090 (0),1,,7,"gemv_kernel_g128(const float4 *, const unsigned int *, const unsigned int *, const __half *, __half *, int, int)"
14557685727,71648,8044,1,2752,1,32,4,1,32,0.000,0.000,,,,,NVIDIA GeForce RTX 3090 (0),1,,7,"gemv_kernel_g128(const float4 *, const unsigned int *, const unsigned int *, const __half *, __half *, int, int)"
14557762495,39616,8048,1,1024,1,32,4,1,32,0.000,0.000,,,,,NVIDIA GeForce RTX 3090 (0),1,,7,"gemv_kernel_g128(const float4 *, const unsigned int *, const unsigned int *, const __half *, __half *, int, int)"
14557823583,98272,8054,1,3072,1,32,4,1,32,0.000,0.000,,,,,NVIDIA GeForce RTX 3090 (0),1,,7,"gemv_kernel_g128(const float4 *, const unsigned int *, const unsigned int *, const __half *, __half *, int, int)"
14559806874,78303,8202,1,1024,1,32,4,1,32,0.000,0.000,,,,,NVIDIA GeForce RTX 3090 (0),1,,7,"gemv_kernel_g128(const float4 *, const unsigned int *, const unsigned int *, const __half *, __half *, int, int)"
14559907033,69856,8208,1,2752,1,32,4,1,32,0.000,0.000,,,,,NVIDIA GeForce RTX 3090 (0),1,,7,"gemv_kernel_g128(const float4 *, const unsigned int *, const unsigned int *, const __half *, __half *, int, int)"
14559978329,69504,8210,1,2752,1,32,4,1,32,0.000,0.000,,,,,NVIDIA GeForce RTX 3090 (0),1,,7,"gemv_kernel_g128(const float4 *, const unsigned int *, const unsigned int *, const __half *, __half *, int, int)"
14560052889,37568,8214,1,1024,1,32,4,1,32,0.000,0.000,,,,,NVIDIA GeForce RTX 3090 (0),1,,7,"gemv_kernel_g128(const float4 *, const unsigned int *, const unsigned int *, const __half *, __half *, int, int)"
14560111001,90495,8220,1,3072,1,32,4,1,32,0.000,0.000,,,,,NVIDIA GeForce RTX 3090 (0),1,,7,"gemv_kernel_g128(const float4 *, const unsigned int *, const unsigned int *, const __half *, __half *, int, int)"
14561887828,72128,8368,1,1024,1,32,4,1,32,0.000,0.000,,,,,NVIDIA GeForce RTX 3090 (0),1,,7,"gemv_kernel_g128(const float4 *, const unsigned int *, const unsigned int *, const __half *, __half *, int, int)"
14561981747,69088,8374,1,2752,1,32,4,1,32,0.000,0.000,,,,,NVIDIA GeForce RTX 3090 (0),1,,7,"gemv_kernel_g128(const float4 *, const unsigned int *, const unsigned int *, const __half *, __half *, int, int)"
14562052307,69152,8376,1,2752,1,32,4,1,32,0.000,0.000,,,,,NVIDIA GeForce RTX 3090 (0),1,,7,"gemv_kernel_g128(const float4 *, const unsigned int *, const unsigned int *, const __half *, __half *, int, int)"
14562126131,37216,8380,1,1024,1,32,4,1,32,0.000,0.000,,,,,NVIDIA GeForce RTX 3090 (0),1,,7,"gemv_kernel_g128(const float4 *, const unsigned int *, const unsigned int *, const __half *, __half *, int, int)"
14562184883,87680,8386,1,3072,1,32,4,1,32,0.000,0.000,,,,,NVIDIA GeForce RTX 3090 (0),1,,7,"gemv_kernel_g128(const float4 *, const unsigned int *, const unsigned int *, const __half *, __half *, int, int)"
14563884814,72224,8534,1,1024,1,32,4,1,32,0.000,0.000,,,,,NVIDIA GeForce RTX 3090 (0),1,,7,"gemv_kernel_g128(const float4 *, const unsigned int *, const unsigned int *, const __half *, __half *, int, int)"
14563978126,66016,8540,1,2752,1,32,4,1,32,0.000,0.000,,,,,NVIDIA GeForce RTX 3090 (0),1,,7,"gemv_kernel_g128(const float4 *, const unsigned int *, const unsigned int *, const __half *, __half *, int, int)"
14564045966,64992,8542,1,2752,1,32,4,1,32,0.000,0.000,,,,,NVIDIA GeForce RTX 3090 (0),1,,7,"gemv_kernel_g128(const float4 *, const unsigned int *, const unsigned int *, const __half *, __half *, int, int)"
14564115662,37407,8546,1,1024,1,32,4,1,32,0.000,0.000,,,,,NVIDIA GeForce RTX 3090 (0),1,,7,"gemv_kernel_g128(const float4 *, const unsigned int *, const unsigned int *, const __half *, __half *, int, int)"
14564174157,96800,8552,1,3072,1,32,4,1,32,0.000,0.000,,,,,NVIDIA GeForce RTX 3090 (0),1,,7,"gemv_kernel_g128(const float4 *, const unsigned int *, const unsigned int *, const __half *, __half *, int, int)"
14565856361,74144,8700,1,1024,1,32,4,1,32,0.000,0.000,,,,,NVIDIA GeForce RTX 3090 (0),1,,7,"gemv_kernel_g128(const float4 *, const unsigned int *, const unsigned int *, const __half *, __half *, int, int)"
14565952201,66751,8706,1,2752,1,32,4,1,32,0.000,0.000,,,,,NVIDIA GeForce RTX 3090 (0),1,,7,"gemv_kernel_g128(const float4 *, const unsigned int *, const unsigned int *, const __half *, __half *, int, int)"
14566020840,68160,8708,1,2752,1,32,4,1,32,0.000,0.000,,,,,NVIDIA GeForce RTX 3090 (0),1,,7,"gemv_kernel_g128(const float4 *, const unsigned int *, const unsigned int *, const __half *, __half *, int, int)"
14566094376,39168,8712,1,1024,1,32,4,1,32,0.000,0.000,,,,,NVIDIA GeForce RTX 3090 (0),1,,7,"gemv_kernel_g128(const float4 *, const unsigned int *, const unsigned int *, const __half *, __half *, int, int)"
14566154632,91616,8718,1,3072,1,32,4,1,32,0.000,0.000,,,,,NVIDIA GeForce RTX 3090 (0),1,,7,"gemv_kernel_g128(const float4 *, const unsigned int *, const unsigned int *, const __half *, __half *, int, int)"
14568109283,72639,8866,1,1024,1,32,4,1,32,0.000,0.000,,,,,NVIDIA GeForce RTX 3090 (0),1,,7,"gemv_kernel_g128(const float4 *, const unsigned int *, const unsigned int *, const __half *, __half *, int, int)"
14568204738,67616,8872,1,2752,1,32,4,1,32,0.000,0.000,,,,,NVIDIA GeForce RTX 3090 (0),1,,7,"gemv_kernel_g128(const float4 *, const unsigned int *, const unsigned int *, const __half *, __half *, int, int)"
14568273826,67040,8874,1,2752,1,32,4,1,32,0.000,0.000,,,,,NVIDIA GeForce RTX 3090 (0),1,,7,"gemv_kernel_g128(const float4 *, const unsigned int *, const unsigned int *, const __half *, __half *, int, int)"
14568345954,38752,8878,1,1024,1,32,4,1,32,0.000,0.000,,,,,NVIDIA GeForce RTX 3090 (0),1,,7,"gemv_kernel_g128(const float4 *, const unsigned int *, const unsigned int *, const __half *, __half *, int, int)"
14568404962,468190,8884,1,3072,1,32,4,1,32,0.000,0.000,,,,,NVIDIA GeForce RTX 3090 (0),1,,7,"gemv_kernel_g128(const float4 *, const unsigned int *, const unsigned int *, const __half *, __half *, int, int)"
14570440348,73120,9032,1,1024,1,32,4,1,32,0.000,0.000,,,,,NVIDIA GeForce RTX 3090 (0),1,,7,"gemv_kernel_g128(const float4 *, const unsigned int *, const unsigned int *, const __half *, __half *, int, int)"
14570534908,65536,9038,1,2752,1,32,4,1,32,0.000,0.000,,,,,NVIDIA GeForce RTX 3090 (0),1,,7,"gemv_kernel_g128(const float4 *, const unsigned int *, const unsigned int *, const __half *, __half *, int, int)"
14570601820,65215,9040,1,2752,1,32,4,1,32,0.000,0.000,,,,,NVIDIA GeForce RTX 3090 (0),1,,7,"gemv_kernel_g128(const float4 *, const unsigned int *, const unsigned int *, const __half *, __half *, int, int)"
14570671643,38272,9044,1,1024,1,32,4,1,32,0.000,0.000,,,,,NVIDIA GeForce RTX 3090 (0),1,,7,"gemv_kernel_g128(const float4 *, const unsigned int *, const unsigned int *, const __half *, __half *, int, int)"
14570731867,85440,9050,1,3072,1,32,4,1,32,0.000,0.000,,,,,NVIDIA GeForce RTX 3090 (0),1,,7,"gemv_kernel_g128(const float4 *, const unsigned int *, const unsigned int *, const __half *, __half *, int, int)"
14572502646,74112,9198,1,1024,1,32,4,1,32,0.000,0.000,,,,,NVIDIA GeForce RTX 3090 (0),1,,7,"gemv_kernel_g128(const float4 *, const unsigned int *, const unsigned int *, const __half *, __half *, int, int)"
14572597910,65728,9204,1,2752,1,32,4,1,32,0.000,0.000,,,,,NVIDIA GeForce RTX 3090 (0),1,,7,"gemv_kernel_g128(const float4 *, const unsigned int *, const unsigned int *, const __half *, __half *, int, int)"
14572665526,473535,9206,1,2752,1,32,4,1,32,0.000,0.000,,,,,NVIDIA GeForce RTX 3090 (0),1,,7,"gemv_kernel_g128(const float4 *, const unsigned int *, const unsigned int *, const __half *, __half *, int, int)"
14573143893,38815,9210,1,1024,1,32,4,1,32,0.000,0.000,,,,,NVIDIA GeForce RTX 3090 (0),1,,7,"gemv_kernel_g128(const float4 *, const unsigned int *, const unsigned int *, const __half *, __half *, int, int)"
14573203860,86976,9216,1,3072,1,32,4,1,32,0.000,0.000,,,,,NVIDIA GeForce RTX 3090 (0),1,,7,"gemv_kernel_g128(const float4 *, const unsigned int *, const unsigned int *, const __half *, __half *, int, int)"
14575140079,77440,9364,1,1024,1,32,4,1,32,0.000,0.000,,,,,NVIDIA GeForce RTX 3090 (0),1,,7,"gemv_kernel_g128(const float4 *, const unsigned int *, const unsigned int *, const __half *, __half *, int, int)"
14575239503,70944,9370,1,2752,1,32,4,1,32,0.000,0.000,,,,,NVIDIA GeForce RTX 3090 (0),1,,7,"gemv_kernel_g128(const float4 *, const unsigned int *, const unsigned int *, const __half *, __half *, int, int)"
14575311951,68319,9372,1,2752,1,32,4,1,32,0.000,0.000,,,,,NVIDIA GeForce RTX 3090 (0),1,,7,"gemv_kernel_g128(const float4 *, const unsigned int *, const unsigned int *, const __half *, __half *, int, int)"
14575385390,36896,9376,1,1024,1,32,4,1,32,0.000,0.000,,,,,NVIDIA GeForce RTX 3090 (0),1,,7,"gemv_kernel_g128(const float4 *, const unsigned int *, const unsigned int *, const __half *, __half *, int, int)"
14575443406,87744,9382,1,3072,1,32,4,1,32,0.000,0.000,,,,,NVIDIA GeForce RTX 3090 (0),1,,7,"gemv_kernel_g128(const float4 *, const unsigned int *, const unsigned int *, const __half *, __half *, int, int)"
14577178857,72704,9530,1,1024,1,32,4,1,32,0.000,0.000,,,,,NVIDIA GeForce RTX 3090 (0),1,,7,"gemv_kernel_g128(const float4 *, const unsigned int *, const unsigned int *, const __half *, __half *, int, int)"
14577273705,65280,9536,1,2752,1,32,4,1,32,0.000,0.000,,,,,NVIDIA GeForce RTX 3090 (0),1,,7,"gemv_kernel_g128(const float4 *, const unsigned int *, const unsigned int *, const __half *, __half *, int, int)"
14577340425,65440,9538,1,2752,1,32,4,1,32,0.000,0.000,,,,,NVIDIA GeForce RTX 3090 (0),1,,7,"gemv_kernel_g128(const float4 *, const unsigned int *, const unsigned int *, const __half *, __half *, int, int)"
14577410889,38656,9542,1,1024,1,32,4,1,32,0.000,0.000,,,,,NVIDIA GeForce RTX 3090 (0),1,,7,"gemv_kernel_g128(const float4 *, const unsigned int *, const unsigned int *, const __half *, __half *, int, int)"
14577473321,93023,9548,1,3072,1,32,4,1,32,0.000,0.000,,,,,NVIDIA GeForce RTX 3090 (0),1,,7,"gemv_kernel_g128(const float4 *, const unsigned int *, const unsigned int *, const __half *, __half *, int, int)"
14579217796,69984,9696,1,1024,1,32,4,1,32,0.000,0.000,,,,,NVIDIA GeForce RTX 3090 (0),1,,7,"gemv_kernel_g128(const float4 *, const unsigned int *, const unsigned int *, const __half *, __half *, int, int)"
14579309988,65119,9702,1,2752,1,32,4,1,32,0.000,0.000,,,,,NVIDIA GeForce RTX 3090 (0),1,,7,"gemv_kernel_g128(const float4 *, const unsigned int *, const unsigned int *, const __half *, __half *, int, int)"
14579376611,66528,9704,1,2752,1,32,4,1,32,0.000,0.000,,,,,NVIDIA GeForce RTX 3090 (0),1,,7,"gemv_kernel_g128(const float4 *, const unsigned int *, const unsigned int *, const __half *, __half *, int, int)"
14579447811,37696,9708,1,1024,1,32,4,1,32,0.000,0.000,,,,,NVIDIA GeForce RTX 3090 (0),1,,7,"gemv_kernel_g128(const float4 *, const unsigned int *, const unsigned int *, const __half *, __half *, int, int)"
14579509795,95296,9714,1,3072,1,32,4,1,32,0.000,0.000,,,,,NVIDIA GeForce RTX 3090 (0),1,,7,"gemv_kernel_g128(const float4 *, const unsigned int *, const unsigned int *, const __half *, __half *, int, int)"
14581272830,73056,9862,1,1024,1,32,4,1,32,0.000,0.000,,,,,NVIDIA GeForce RTX 3090 (0),1,,7,"gemv_kernel_g128(const float4 *, const unsigned int *, const unsigned int *, const __half *, __half *, int, int)"
14581367390,65888,9868,1,2752,1,32,4,1,32,0.000,0.000,,,,,NVIDIA GeForce RTX 3090 (0),1,,7,"gemv_kernel_g128(const float4 *, const unsigned int *, const unsigned int *, const __half *, __half *, int, int)"
14581435198,65759,9870,1,2752,1,32,4,1,32,0.000,0.000,,,,,NVIDIA GeForce RTX 3090 (0),1,,7,"gemv_kernel_g128(const float4 *, const unsigned int *, const unsigned int *, const __half *, __half *, int, int)"
14581505629,36960,9874,1,1024,1,32,4,1,32,0.000,0.000,,,,,NVIDIA GeForce RTX 3090 (0),1,,7,"gemv_kernel_g128(const float4 *, const unsigned int *, const unsigned int *, const __half *, __half *, int, int)"
14581563357,88608,9880,1,3072,1,32,4,1,32,0.000,0.000,,,,,NVIDIA GeForce RTX 3090 (0),1,,7,"gemv_kernel_g128(const float4 *, const unsigned int *, const unsigned int *, const __half *, __half *, int, int)"
14583321688,71296,10028,1,1024,1,32,4,1,32,0.000,0.000,,,,,NVIDIA GeForce RTX 3090 (0),1,,7,"gemv_kernel_g128(const float4 *, const unsigned int *, const unsigned int *, const __half *, __half *, int, int)"
14583414424,65120,10034,1,2752,1,32,4,1,32,0.000,0.000,,,,,NVIDIA GeForce RTX 3090 (0),1,,7,"gemv_kernel_g128(const float4 *, const unsigned int *, const unsigned int *, const __half *, __half *, int, int)"
14583481048,65792,10036,1,2752,1,32,4,1,32,0.000,0.000,,,,,NVIDIA GeForce RTX 3090 (0),1,,7,"gemv_kernel_g128(const float4 *, const unsigned int *, const unsigned int *, const __half *, __half *, int, int)"
14583551960,38400,10040,1,1024,1,32,4,1,32,0.000,0.000,,,,,NVIDIA GeForce RTX 3090 (0),1,,7,"gemv_kernel_g128(const float4 *, const unsigned int *, const unsigned int *, const __half *, __half *, int, int)"
14583611032,92479,10046,1,3072,1,32,4,1,32,0.000,0.000,,,,,NVIDIA GeForce RTX 3090 (0),1,,7,"gemv_kernel_g128(const float4 *, const unsigned int *, const unsigned int *, const __half *, __half *, int, int)"
14585468274,81504,10194,1,1024,1,32,4,1,32,0.000,0.000,,,,,NVIDIA GeForce RTX 3090 (0),1,,7,"gemv_kernel_g128(const float4 *, const unsigned int *, const unsigned int *, const __half *, __half *, int, int)"
14585572306,72800,10200,1,2752,1,32,4,1,32,0.000,0.000,,,,,NVIDIA GeForce RTX 3090 (0),1,,7,"gemv_kernel_g128(const float4 *, const unsigned int *, const unsigned int *, const __half *, __half *, int, int)"
14585646738,66720,10202,1,2752,1,32,4,1,32,0.000,0.000,,,,,NVIDIA GeForce RTX 3090 (0),1,,7,"gemv_kernel_g128(const float4 *, const unsigned int *, const unsigned int *, const __half *, __half *, int, int)"
14585718482,39808,10206,1,1024,1,32,4,1,32,0.000,0.000,,,,,NVIDIA GeForce RTX 3090 (0),1,,7,"gemv_kernel_g128(const float4 *, const unsigned int *, const unsigned int *, const __half *, __half *, int, int)"
14585779794,95167,10212,1,3072,1,32,4,1,32,0.000,0.000,,,,,NVIDIA GeForce RTX 3090 (0),1,,7,"gemv_kernel_g128(const float4 *, const unsigned int *, const unsigned int *, const __half *, __half *, int, int)"
14587528557,70368,10360,1,1024,1,32,4,1,32,0.000,0.000,,,,,NVIDIA GeForce RTX 3090 (0),1,,7,"gemv_kernel_g128(const float4 *, const unsigned int *, const unsigned int *, const __half *, __half *, int, int)"
14587621133,65759,10366,1,2752,1,32,4,1,32,0.000,0.000,,,,,NVIDIA GeForce RTX 3090 (0),1,,7,"gemv_kernel_g128(const float4 *, const unsigned int *, const unsigned int *, const __half *, __half *, int, int)"
14587688364,65984,10368,1,2752,1,32,4,1,32,0.000,0.000,,,,,NVIDIA GeForce RTX 3090 (0),1,,7,"gemv_kernel_g128(const float4 *, const unsigned int *, const unsigned int *, const __half *, __half *, int, int)"
14587759148,38240,10372,1,1024,1,32,4,1,32,0.000,0.000,,,,,NVIDIA GeForce RTX 3090 (0),1,,7,"gemv_kernel_g128(const float4 *, const unsigned int *, const unsigned int *, const __half *, __half *, int, int)"
14587818252,90464,10378,1,3072,1,32,4,1,32,0.000,0.000,,,,,NVIDIA GeForce RTX 3090 (0),1,,7,"gemv_kernel_g128(const float4 *, const unsigned int *, const unsigned int *, const __half *, __half *, int, int)"
14589558023,73760,10526,1,1024,1,32,4,1,32,0.000,0.000,,,,,NVIDIA GeForce RTX 3090 (0),1,,7,"gemv_kernel_g128(const float4 *, const unsigned int *, const unsigned int *, const __half *, __half *, int, int)"
14589652935,64704,10532,1,2752,1,32,4,1,32,0.000,0.000,,,,,NVIDIA GeForce RTX 3090 (0),1,,7,"gemv_kernel_g128(const float4 *, const unsigned int *, const unsigned int *, const __half *, __half *, int, int)"
14589719879,64416,10534,1,2752,1,32,4,1,32,0.000,0.000,,,,,NVIDIA GeForce RTX 3090 (0),1,,7,"gemv_kernel_g128(const float4 *, const unsigned int *, const unsigned int *, const __half *, __half *, int, int)"
14589795079,37343,10538,1,1024,1,32,4,1,32,0.000,0.000,,,,,NVIDIA GeForce RTX 3090 (0),1,,7,"gemv_kernel_g128(const float4 *, const unsigned int *, const unsigned int *, const __half *, __half *, int, int)"
14589853190,89376,10544,1,3072,1,32,4,1,32,0.000,0.000,,,,,NVIDIA GeForce RTX 3090 (0),1,,7,"gemv_kernel_g128(const float4 *, const unsigned int *, const unsigned int *, const __half *, __half *, int, int)"
14591757409,75072,10692,1,1024,1,32,4,1,32,0.000,0.000,,,,,NVIDIA GeForce RTX 3090 (0),1,,7,"gemv_kernel_g128(const float4 *, const unsigned int *, const unsigned int *, const __half *, __half *, int, int)"
14591854689,67008,10698,1,2752,1,32,4,1,32,0.000,0.000,,,,,NVIDIA GeForce RTX 3090 (0),1,,7,"gemv_kernel_g128(const float4 *, const unsigned int *, const unsigned int *, const __half *, __half *, int, int)"
14591923105,74943,10700,1,2752,1,32,4,1,32,0.000,0.000,,,,,NVIDIA GeForce RTX 3090 (0),1,,7,"gemv_kernel_g128(const float4 *, const unsigned int *, const unsigned int *, const __half *, __half *, int, int)"
14592003168,39040,10704,1,1024,1,32,4,1,32,0.000,0.000,,,,,NVIDIA GeForce RTX 3090 (0),1,,7,"gemv_kernel_g128(const float4 *, const unsigned int *, const unsigned int *, const __half *, __half *, int, int)"
14592063936,99328,10710,1,3072,1,32,4,1,32,0.000,0.000,,,,,NVIDIA GeForce RTX 3090 (0),1,,7,"gemv_kernel_g128(const float4 *, const unsigned int *, const unsigned int *, const __half *, __half *, int, int)"
14593886587,72352,10858,1,1024,1,32,4,1,32,0.000,0.000,,,,,NVIDIA GeForce RTX 3090 (0),1,,7,"gemv_kernel_g128(const float4 *, const unsigned int *, const unsigned int *, const __half *, __half *, int, int)"
14593980891,67744,10864,1,2752,1,32,4,1,32,0.000,0.000,,,,,NVIDIA GeForce RTX 3090 (0),1,,7,"gemv_kernel_g128(const float4 *, const unsigned int *, const unsigned int *, const __half *, __half *, int, int)"
14594050011,72704,10866,1,2752,1,32,4,1,32,0.000,0.000,,,,,NVIDIA GeForce RTX 3090 (0),1,,7,"gemv_kernel_g128(const float4 *, const unsigned int *, const unsigned int *, const __half *, __half *, int, int)"
14594127931,38015,10870,1,1024,1,32,4,1,32,0.000,0.000,,,,,NVIDIA GeForce RTX 3090 (0),1,,7,"gemv_kernel_g128(const float4 *, const unsigned int *, const unsigned int *, const __half *, __half *, int, int)"
14594186682,94272,10876,1,3072,1,32,4,1,32,0.000,0.000,,,,,NVIDIA GeForce RTX 3090 (0),1,,7,"gemv_kernel_g128(const float4 *, const unsigned int *, const unsigned int *, const __half *, __half *, int, int)"
14595978101,75008,11024,1,1024,1,32,4,1,32,0.000,0.000,,,,,NVIDIA GeForce RTX 3090 (0),1,,7,"gemv_kernel_g128(const float4 *, const unsigned int *, const unsigned int *, const __half *, __half *, int, int)"
14596074869,65472,11030,1,2752,1,32,4,1,32,0.000,0.000,,,,,NVIDIA GeForce RTX 3090 (0),1,,7,"gemv_kernel_g128(const float4 *, const unsigned int *, const unsigned int *, const __half *, __half *, int, int)"
14596141717,64544,11032,1,2752,1,32,4,1,32,0.000,0.000,,,,,NVIDIA GeForce RTX 3090 (0),1,,7,"gemv_kernel_g128(const float4 *, const unsigned int *, const unsigned int *, const __half *, __half *, int, int)"
14596217493,38560,11036,1,1024,1,32,4,1,32,0.000,0.000,,,,,NVIDIA GeForce RTX 3090 (0),1,,7,"gemv_kernel_g128(const float4 *, const unsigned int *, const unsigned int *, const __half *, __half *, int, int)"
14596277333,89791,11042,1,3072,1,32,4,1,32,0.000,0.000,,,,,NVIDIA GeForce RTX 3090 (0),1,,7,"gemv_kernel_g128(const float4 *, const unsigned int *, const unsigned int *, const __half *, __half *, int, int)"
14598020336,71392,11190,1,1024,1,32,4,1,32,0.000,0.000,,,,,NVIDIA GeForce RTX 3090 (0),1,,7,"gemv_kernel_g128(const float4 *, const unsigned int *, const unsigned int *, const __half *, __half *, int, int)"
14598113391,65376,11196,1,2752,1,32,4,1,32,0.000,0.000,,,,,NVIDIA GeForce RTX 3090 (0),1,,7,"gemv_kernel_g128(const float4 *, const unsigned int *, const unsigned int *, const __half *, __half *, int, int)"
14598180591,65824,11198,1,2752,1,32,4,1,32,0.000,0.000,,,,,NVIDIA GeForce RTX 3090 (0),1,,7,"gemv_kernel_g128(const float4 *, const unsigned int *, const unsigned int *, const __half *, __half *, int, int)"
14598251087,38496,11202,1,1024,1,32,4,1,32,0.000,0.000,,,,,NVIDIA GeForce RTX 3090 (0),1,,7,"gemv_kernel_g128(const float4 *, const unsigned int *, const unsigned int *, const __half *, __half *, int, int)"
14598310287,85824,11208,1,3072,1,32,4,1,32,0.000,0.000,,,,,NVIDIA GeForce RTX 3090 (0),1,,7,"gemv_kernel_g128(const float4 *, const unsigned int *, const unsigned int *, const __half *, __half *, int, int)"
14600009738,72064,11356,1,1024,1,32,4,1,32,0.000,0.000,,,,,NVIDIA GeForce RTX 3090 (0),1,,7,"gemv_kernel_g128(const float4 *, const unsigned int *, const unsigned int *, const __half *, __half *, int, int)"
14600103018,65216,11362,1,2752,1,32,4,1,32,0.000,0.000,,,,,NVIDIA GeForce RTX 3090 (0),1,,7,"gemv_kernel_g128(const float4 *, const unsigned int *, const unsigned int *, const __half *, __half *, int, int)"
14600169610,66624,11364,1,2752,1,32,4,1,32,0.000,0.000,,,,,NVIDIA GeForce RTX 3090 (0),1,,7,"gemv_kernel_g128(const float4 *, const unsigned int *, const unsigned int *, const __half *, __half *, int, int)"
14600241322,39135,11368,1,1024,1,32,4,1,32,0.000,0.000,,,,,NVIDIA GeForce RTX 3090 (0),1,,7,"gemv_kernel_g128(const float4 *, const unsigned int *, const unsigned int *, const __half *, __half *, int, int)"
14600302089,90080,11374,1,3072,1,32,4,1,32,0.000,0.000,,,,,NVIDIA GeForce RTX 3090 (0),1,,7,"gemv_kernel_g128(const float4 *, const unsigned int *, const unsigned int *, const __half *, __half *, int, int)"
14602076709,71999,11522,1,1024,1,32,4,1,32,0.000,0.000,,,,,NVIDIA GeForce RTX 3090 (0),1,,7,"gemv_kernel_g128(const float4 *, const unsigned int *, const unsigned int *, const __half *, __half *, int, int)"
14602171396,78080,11528,1,2752,1,32,4,1,32,0.000,0.000,,,,,NVIDIA GeForce RTX 3090 (0),1,,7,"gemv_kernel_g128(const float4 *, const unsigned int *, const unsigned int *, const __half *, __half *, int, int)"
14602250980,69600,11530,1,2752,1,32,4,1,32,0.000,0.000,,,,,NVIDIA GeForce RTX 3090 (0),1,,7,"gemv_kernel_g128(const float4 *, const unsigned int *, const unsigned int *, const __half *, __half *, int, int)"
14602326788,38688,11534,1,1024,1,32,4,1,32,0.000,0.000,,,,,NVIDIA GeForce RTX 3090 (0),1,,7,"gemv_kernel_g128(const float4 *, const unsigned int *, const unsigned int *, const __half *, __half *, int, int)"
14602386724,91263,11540,1,3072,1,32,4,1,32,0.000,0.000,,,,,NVIDIA GeForce RTX 3090 (0),1,,7,"gemv_kernel_g128(const float4 *, const unsigned int *, const unsigned int *, const __half *, __half *, int, int)"
14604215615,71999,11688,1,1024,1,32,4,1,32,0.000,0.000,,,,,NVIDIA GeForce RTX 3090 (0),1,,7,"gemv_kernel_g128(const float4 *, const unsigned int *, const unsigned int *, const __half *, __half *, int, int)"
14604309886,72896,11694,1,2752,1,32,4,1,32,0.000,0.000,,,,,NVIDIA GeForce RTX 3090 (0),1,,7,"gemv_kernel_g128(const float4 *, const unsigned int *, const unsigned int *, const __half *, __half *, int, int)"
14604390334,70976,11696,1,2752,1,32,4,1,32,0.000,0.000,,,,,NVIDIA GeForce RTX 3090 (0),1,,7,"gemv_kernel_g128(const float4 *, const unsigned int *, const unsigned int *, const __half *, __half *, int, int)"
14604466046,37408,11700,1,1024,1,32,4,1,32,0.000,0.000,,,,,NVIDIA GeForce RTX 3090 (0),1,,7,"gemv_kernel_g128(const float4 *, const unsigned int *, const unsigned int *, const __half *, __half *, int, int)"
14604524478,92607,11706,1,3072,1,32,4,1,32,0.000,0.000,,,,,NVIDIA GeForce RTX 3090 (0),1,,7,"gemv_kernel_g128(const float4 *, const unsigned int *, const unsigned int *, const __half *, __half *, int, int)"
14606446520,76832,11854,1,1024,1,32,4,1,32,0.000,0.000,,,,,NVIDIA GeForce RTX 3090 (0),1,,7,"gemv_kernel_g128(const float4 *, const unsigned int *, const unsigned int *, const __half *, __half *, int, int)"
14606545304,112064,11860,1,2752,1,32,4,1,32,0.000,0.000,,,,,NVIDIA GeForce RTX 3090 (0),1,,7,"gemv_kernel_g128(const float4 *, const unsigned int *, const unsigned int *, const __half *, __half *, int, int)"
14606659224,94464,11862,1,2752,1,32,4,1,32,0.000,0.000,,,,,NVIDIA GeForce RTX 3090 (0),1,,7,"gemv_kernel_g128(const float4 *, const unsigned int *, const unsigned int *, const __half *, __half *, int, int)"
14606758488,39775,11866,1,1024,1,32,4,1,32,0.000,0.000,,,,,NVIDIA GeForce RTX 3090 (0),1,,7,"gemv_kernel_g128(const float4 *, const unsigned int *, const unsigned int *, const __half *, __half *, int, int)"
14606822231,132032,11872,1,3072,1,32,4,1,32,0.000,0.000,,,,,NVIDIA GeForce RTX 3090 (0),1,,7,"gemv_kernel_g128(const float4 *, const unsigned int *, const unsigned int *, const __half *, __half *, int, int)"
14609040273,83936,12020,1,1024,1,32,4,1,32,0.000,0.000,,,,,NVIDIA GeForce RTX 3090 (0),1,,7,"gemv_kernel_g128(const float4 *, const unsigned int *, const unsigned int *, const __half *, __half *, int, int)"
14609148081,77696,12026,1,2752,1,32,4,1,32,0.000,0.000,,,,,NVIDIA GeForce RTX 3090 (0),1,,7,"gemv_kernel_g128(const float4 *, const unsigned int *, const unsigned int *, const __half *, __half *, int, int)"
14609227249,77056,12028,1,2752,1,32,4,1,32,0.000,0.000,,,,,NVIDIA GeForce RTX 3090 (0),1,,7,"gemv_kernel_g128(const float4 *, const unsigned int *, const unsigned int *, const __half *, __half *, int, int)"
14609309425,37407,12032,1,1024,1,32,4,1,32,0.000,0.000,,,,,NVIDIA GeForce RTX 3090 (0),1,,7,"gemv_kernel_g128(const float4 *, const unsigned int *, const unsigned int *, const __half *, __half *, int, int)"
14609368272,91552,12038,1,3072,1,32,4,1,32,0.000,0.000,,,,,NVIDIA GeForce RTX 3090 (0),1,,7,"gemv_kernel_g128(const float4 *, const unsigned int *, const unsigned int *, const __half *, __half *, int, int)"
14611199819,74528,12186,1,1024,1,32,4,1,32,0.000,0.000,,,,,NVIDIA GeForce RTX 3090 (0),1,,7,"gemv_kernel_g128(const float4 *, const unsigned int *, const unsigned int *, const __half *, __half *, int, int)"
14611297547,65792,12192,1,2752,1,32,4,1,32,0.000,0.000,,,,,NVIDIA GeForce RTX 3090 (0),1,,7,"gemv_kernel_g128(const float4 *, const unsigned int *, const unsigned int *, const __half *, __half *, int, int)"
14611364811,66272,12194,1,2752,1,32,4,1,32,0.000,0.000,,,,,NVIDIA GeForce RTX 3090 (0),1,,7,"gemv_kernel_g128(const float4 *, const unsigned int *, const unsigned int *, const __half *, __half *, int, int)"
14611436171,38752,12198,1,1024,1,32,4,1,32,0.000,0.000,,,,,NVIDIA GeForce RTX 3090 (0),1,,7,"gemv_kernel_g128(const float4 *, const unsigned int *, const unsigned int *, const __half *, __half *, int, int)"
14611495146,91200,12204,1,3072,1,32,4,1,32,0.000,0.000,,,,,NVIDIA GeForce RTX 3090 (0),1,,7,"gemv_kernel_g128(const float4 *, const unsigned int *, const unsigned int *, const __half *, __half *, int, int)"
14613408709,72672,12352,1,1024,1,32,4,1,32,0.000,0.000,,,,,NVIDIA GeForce RTX 3090 (0),1,,7,"gemv_kernel_g128(const float4 *, const unsigned int *, const unsigned int *, const __half *, __half *, int, int)"
14613503397,66528,12358,1,2752,1,32,4,1,32,0.000,0.000,,,,,NVIDIA GeForce RTX 3090 (0),1,,7,"gemv_kernel_g128(const float4 *, const unsigned int *, const unsigned int *, const __half *, __half *, int, int)"
14613571397,67168,12360,1,2752,1,32,4,1,32,0.000,0.000,,,,,NVIDIA GeForce RTX 3090 (0),1,,7,"gemv_kernel_g128(const float4 *, const unsigned int *, const unsigned int *, const __half *, __half *, int, int)"
14613643269,38879,12364,1,1024,1,32,4,1,32,0.000,0.000,,,,,NVIDIA GeForce RTX 3090 (0),1,,7,"gemv_kernel_g128(const float4 *, const unsigned int *, const unsigned int *, const __half *, __half *, int, int)"
14613703652,93824,12370,1,3072,1,32,4,1,32,0.000,0.000,,,,,NVIDIA GeForce RTX 3090 (0),1,,7,"gemv_kernel_g128(const float4 *, const unsigned int *, const unsigned int *, const __half *, __half *, int, int)"
14615545215,74688,12518,1,1024,1,32,4,1,32,0.000,0.000,,,,,NVIDIA GeForce RTX 3090 (0),1,,7,"gemv_kernel_g128(const float4 *, const unsigned int *, const unsigned int *, const __half *, __half *, int, int)"
14615642239,67136,12524,1,2752,1,32,4,1,32,0.000,0.000,,,,,NVIDIA GeForce RTX 3090 (0),1,,7,"gemv_kernel_g128(const float4 *, const unsigned int *, const unsigned int *, const __half *, __half *, int, int)"
14615711167,66240,12526,1,2752,1,32,4,1,32,0.000,0.000,,,,,NVIDIA GeForce RTX 3090 (0),1,,7,"gemv_kernel_g128(const float4 *, const unsigned int *, const unsigned int *, const __half *, __half *, int, int)"
14615782175,37311,12530,1,1024,1,32,4,1,32,0.000,0.000,,,,,NVIDIA GeForce RTX 3090 (0),1,,7,"gemv_kernel_g128(const float4 *, const unsigned int *, const unsigned int *, const __half *, __half *, int, int)"
14615840542,85824,12536,1,3072,1,32,4,1,32,0.000,0.000,,,,,NVIDIA GeForce RTX 3090 (0),1,,7,"gemv_kernel_g128(const float4 *, const unsigned int *, const unsigned int *, const __half *, __half *, int, int)"
14617570138,73983,12684,1,1024,1,32,4,1,32,0.000,0.000,,,,,NVIDIA GeForce RTX 3090 (0),1,,7,"gemv_kernel_g128(const float4 *, const unsigned int *, const unsigned int *, const __half *, __half *, int, int)"
14617666521,65152,12690,1,2752,1,32,4,1,32,0.000,0.000,,,,,NVIDIA GeForce RTX 3090 (0),1,,7,"gemv_kernel_g128(const float4 *, const unsigned int *, const unsigned int *, const __half *, __half *, int, int)"
14617733049,66496,12692,1,2752,1,32,4,1,32,0.000,0.000,,,,,NVIDIA GeForce RTX 3090 (0),1,,7,"gemv_kernel_g128(const float4 *, const unsigned int *, const unsigned int *, const __half *, __half *, int, int)"
14617804633,38112,12696,1,1024,1,32,4,1,32,0.000,0.000,,,,,NVIDIA GeForce RTX 3090 (0),1,,7,"gemv_kernel_g128(const float4 *, const unsigned int *, const unsigned int *, const __half *, __half *, int, int)"
14617864473,89024,12702,1,3072,1,32,4,1,32,0.000,0.000,,,,,NVIDIA GeForce RTX 3090 (0),1,,7,"gemv_kernel_g128(const float4 *, const unsigned int *, const unsigned int *, const __half *, __half *, int, int)"
14619525524,73120,12850,1,1024,1,32,4,1,32,0.000,0.000,,,,,NVIDIA GeForce RTX 3090 (0),1,,7,"gemv_kernel_g128(const float4 *, const unsigned int *, const unsigned int *, const __half *, __half *, int, int)"
14619620020,65024,12856,1,2752,1,32,4,1,32,0.000,0.000,,,,,NVIDIA GeForce RTX 3090 (0),1,,7,"gemv_kernel_g128(const float4 *, const unsigned int *, const unsigned int *, const __half *, __half *, int, int)"
14619686548,66432,12858,1,2752,1,32,4,1,32,0.000,0.000,,,,,NVIDIA GeForce RTX 3090 (0),1,,7,"gemv_kernel_g128(const float4 *, const unsigned int *, const unsigned int *, const __half *, __half *, int, int)"
14619758068,38015,12862,1,1024,1,32,4,1,32,0.000,0.000,,,,,NVIDIA GeForce RTX 3090 (0),1,,7,"gemv_kernel_g128(const float4 *, const unsigned int *, const unsigned int *, const __half *, __half *, int, int)"
14619818803,94560,12868,1,3072,1,32,4,1,32,0.000,0.000,,,,,NVIDIA GeForce RTX 3090 (0),1,,7,"gemv_kernel_g128(const float4 *, const unsigned int *, const unsigned int *, const __half *, __half *, int, int)"
14621568047,75583,13016,1,1024,1,32,4,1,32,0.000,0.000,,,,,NVIDIA GeForce RTX 3090 (0),1,,7,"gemv_kernel_g128(const float4 *, const unsigned int *, const unsigned int *, const __half *, __half *, int, int)"
14621665390,67328,13022,1,2752,1,32,4,1,32,0.000,0.000,,,,,NVIDIA GeForce RTX 3090 (0),1,,7,"gemv_kernel_g128(const float4 *, const unsigned int *, const unsigned int *, const __half *, __half *, int, int)"
14621734222,76608,13024,1,2752,1,32,4,1,32,0.000,0.000,,,,,NVIDIA GeForce RTX 3090 (0),1,,7,"gemv_kernel_g128(const float4 *, const unsigned int *, const unsigned int *, const __half *, __half *, int, int)"
14621839182,36768,13028,1,1024,1,32,4,1,32,0.000,0.000,,,,,NVIDIA GeForce RTX 3090 (0),1,,7,"gemv_kernel_g128(const float4 *, const unsigned int *, const unsigned int *, const __half *, __half *, int, int)"
14621898030,104927,13034,1,3072,1,32,4,1,32,0.000,0.000,,,,,NVIDIA GeForce RTX 3090 (0),1,,7,"gemv_kernel_g128(const float4 *, const unsigned int *, const unsigned int *, const __half *, __half *, int, int)"
14623774984,79392,13182,1,1024,1,32,4,1,32,0.000,0.000,,,,,NVIDIA GeForce RTX 3090 (0),1,,7,"gemv_kernel_g128(const float4 *, const unsigned int *, const unsigned int *, const __half *, __half *, int, int)"
14623876008,71360,13188,1,2752,1,32,4,1,32,0.000,0.000,,,,,NVIDIA GeForce RTX 3090 (0),1,,7,"gemv_kernel_g128(const float4 *, const unsigned int *, const unsigned int *, const __half *, __half *, int, int)"
14623949384,71232,13190,1,2752,1,32,4,1,32,0.000,0.000,,,,,NVIDIA GeForce RTX 3090 (0),1,,7,"gemv_kernel_g128(const float4 *, const unsigned int *, const unsigned int *, const __half *, __half *, int, int)"
14624025288,38688,13194,1,1024,1,32,4,1,32,0.000,0.000,,,,,NVIDIA GeForce RTX 3090 (0),1,,7,"gemv_kernel_g128(const float4 *, const unsigned int *, const unsigned int *, const __half *, __half *, int, int)"
14624085160,204447,13200,1,8000,1,32,4,1,32,0.000,0.000,,,,,NVIDIA GeForce RTX 3090 (0),1,,7,"gemv_kernel_g128(const float4 *, const unsigned int *, const unsigned int *, const __half *, __half *, int, int)"
14655034322,113088,13214,1,3072,1,32,4,1,32,0.000,0.000,,,,,NVIDIA GeForce RTX 3090 (0),1,,7,"gemv_kernel_g128(const float4 *, const unsigned int *, const unsigned int *, const __half *, __half *, int, int)"
14657455723,89376,13362,1,1024,1,32,4,1,32,0.000,0.000,,,,,NVIDIA GeForce RTX 3090 (0),1,,7,"gemv_kernel_g128(const float4 *, const unsigned int *, const unsigned int *, const __half *, __half *, int, int)"
14657567179,80544,13368,1,2752,1,32,4,1,32,0.000,0.000,,,,,NVIDIA GeForce RTX 3090 (0),1,,7,"gemv_kernel_g128(const float4 *, const unsigned int *, const unsigned int *, const __half *, __half *, int, int)"
14657649643,81471,13370,1,2752,1,32,4,1,32,0.000,0.000,,,,,NVIDIA GeForce RTX 3090 (0),1,,7,"gemv_kernel_g128(const float4 *, const unsigned int *, const unsigned int *, const __half *, __half *, int, int)"
14657735946,38176,13374,1,1024,1,32,4,1,32,0.000,0.000,,,,,NVIDIA GeForce RTX 3090 (0),1,,7,"gemv_kernel_g128(const float4 *, const unsigned int *, const unsigned int *, const __half *, __half *, int, int)"
14657795530,91808,13380,1,3072,1,32,4,1,32,0.000,0.000,,,,,NVIDIA GeForce RTX 3090 (0),1,,7,"gemv_kernel_g128(const float4 *, const unsigned int *, const unsigned int *, const __half *, __half *, int, int)"
14659591749,80736,13528,1,1024,1,32,4,1,32,0.000,0.000,,,,,NVIDIA GeForce RTX 3090 (0),1,,7,"gemv_kernel_g128(const float4 *, const unsigned int *, const unsigned int *, const __half *, __half *, int, int)"
14659695237,67584,13534,1,2752,1,32,4,1,32,0.000,0.000,,,,,NVIDIA GeForce RTX 3090 (0),1,,7,"gemv_kernel_g128(const float4 *, const unsigned int *, const unsigned int *, const __half *, __half *, int, int)"
14659764293,66144,13536,1,2752,1,32,4,1,32,0.000,0.000,,,,,NVIDIA GeForce RTX 3090 (0),1,,7,"gemv_kernel_g128(const float4 *, const unsigned int *, const unsigned int *, const __half *, __half *, int, int)"
14659835781,37344,13540,1,1024,1,32,4,1,32,0.000,0.000,,,,,NVIDIA GeForce RTX 3090 (0),1,,7,"gemv_kernel_g128(const float4 *, const unsigned int *, const unsigned int *, const __half *, __half *, int, int)"
14659894372,89376,13546,1,3072,1,32,4,1,32,0.000,0.000,,,,,NVIDIA GeForce RTX 3090 (0),1,,7,"gemv_kernel_g128(const float4 *, const unsigned int *, const unsigned int *, const __half *, __half *, int, int)"
14661894783,81696,13694,1,1024,1,32,4,1,32,0.000,0.000,,,,,NVIDIA GeForce RTX 3090 (0),1,,7,"gemv_kernel_g128(const float4 *, const unsigned int *, const unsigned int *, const __half *, __half *, int, int)"
14661999711,75263,13700,1,2752,1,32,4,1,32,0.000,0.000,,,,,NVIDIA GeForce RTX 3090 (0),1,,7,"gemv_kernel_g128(const float4 *, const unsigned int *, const unsigned int *, const __half *, __half *, int, int)"
14662076446,76576,13702,1,2752,1,32,4,1,32,0.000,0.000,,,,,NVIDIA GeForce RTX 3090 (0),1,,7,"gemv_kernel_g128(const float4 *, const unsigned int *, const unsigned int *, const __half *, __half *, int, int)"
14662158174,39392,13706,1,1024,1,32,4,1,32,0.000,0.000,,,,,NVIDIA GeForce RTX 3090 (0),1,,7,"gemv_kernel_g128(const float4 *, const unsigned int *, const unsigned int *, const __half *, __half *, int, int)"
14662218878,103232,13712,1,3072,1,32,4,1,32,0.000,0.000,,,,,NVIDIA GeForce RTX 3090 (0),1,,7,"gemv_kernel_g128(const float4 *, const unsigned int *, const unsigned int *, const __half *, __half *, int, int)"
14664137945,74208,13860,1,1024,1,32,4,1,32,0.000,0.000,,,,,NVIDIA GeForce RTX 3090 (0),1,,7,"gemv_kernel_g128(const float4 *, const unsigned int *, const unsigned int *, const __half *, __half *, int, int)"
14664234232,67776,13866,1,2752,1,32,4,1,32,0.000,0.000,,,,,NVIDIA GeForce RTX 3090 (0),1,,7,"gemv_kernel_g128(const float4 *, const unsigned int *, const unsigned int *, const __half *, __half *, int, int)"
14664303384,66208,13868,1,2752,1,32,4,1,32,0.000,0.000,,,,,NVIDIA GeForce RTX 3090 (0),1,,7,"gemv_kernel_g128(const float4 *, const unsigned int *, const unsigned int *, const __half *, __half *, int, int)"
14664374424,37696,13872,1,1024,1,32,4,1,32,0.000,0.000,,,,,NVIDIA GeForce RTX 3090 (0),1,,7,"gemv_kernel_g128(const float4 *, const unsigned int *, const unsigned int *, const __half *, __half *, int, int)"
14664433208,98016,13878,1,3072,1,32,4,1,32,0.000,0.000,,,,,NVIDIA GeForce RTX 3090 (0),1,,7,"gemv_kernel_g128(const float4 *, const unsigned int *, const unsigned int *, const __half *, __half *, int, int)"
14666180691,76960,14026,1,1024,1,32,4,1,32,0.000,0.000,,,,,NVIDIA GeForce RTX 3090 (0),1,,7,"gemv_kernel_g128(const float4 *, const unsigned int *, const unsigned int *, const __half *, __half *, int, int)"
14666279251,65856,14032,1,2752,1,32,4,1,32,0.000,0.000,,,,,NVIDIA GeForce RTX 3090 (0),1,,7,"gemv_kernel_g128(const float4 *, const unsigned int *, const unsigned int *, const __half *, __half *, int, int)"
14666347091,70015,14034,1,2752,1,32,4,1,32,0.000,0.000,,,,,NVIDIA GeForce RTX 3090 (0),1,,7,"gemv_kernel_g128(const float4 *, const unsigned int *, const unsigned int *, const __half *, __half *, int, int)"
14666421778,39616,14038,1,1024,1,32,4,1,32,0.000,0.000,,,,,NVIDIA GeForce RTX 3090 (0),1,,7,"gemv_kernel_g128(const float4 *, const unsigned int *, const unsigned int *, const __half *, __half *, int, int)"
14666482802,90400,14044,1,3072,1,32,4,1,32,0.000,0.000,,,,,NVIDIA GeForce RTX 3090 (0),1,,7,"gemv_kernel_g128(const float4 *, const unsigned int *, const unsigned int *, const __half *, __half *, int, int)"
14668161838,73311,14192,1,1024,1,32,4,1,32,0.000,0.000,,,,,NVIDIA GeForce RTX 3090 (0),1,,7,"gemv_kernel_g128(const float4 *, const unsigned int *, const unsigned int *, const __half *, __half *, int, int)"
14668257005,66816,14198,1,2752,1,32,4,1,32,0.000,0.000,,,,,NVIDIA GeForce RTX 3090 (0),1,,7,"gemv_kernel_g128(const float4 *, const unsigned int *, const unsigned int *, const __half *, __half *, int, int)"
14668325293,68576,14200,1,2752,1,32,4,1,32,0.000,0.000,,,,,NVIDIA GeForce RTX 3090 (0),1,,7,"gemv_kernel_g128(const float4 *, const unsigned int *, const unsigned int *, const __half *, __half *, int, int)"
14668398989,39680,14204,1,1024,1,32,4,1,32,0.000,0.000,,,,,NVIDIA GeForce RTX 3090 (0),1,,7,"gemv_kernel_g128(const float4 *, const unsigned int *, const unsigned int *, const __half *, __half *, int, int)"
14668459821,96960,14210,1,3072,1,32,4,1,32,0.000,0.000,,,,,NVIDIA GeForce RTX 3090 (0),1,,7,"gemv_kernel_g128(const float4 *, const unsigned int *, const unsigned int *, const __half *, __half *, int, int)"
14670260424,84896,14358,1,1024,1,32,4,1,32,0.000,0.000,,,,,NVIDIA GeForce RTX 3090 (0),1,,7,"gemv_kernel_g128(const float4 *, const unsigned int *, const unsigned int *, const __half *, __half *, int, int)"
14670367368,75711,14364,1,2752,1,32,4,1,32,0.000,0.000,,,,,NVIDIA GeForce RTX 3090 (0),1,,7,"gemv_kernel_g128(const float4 *, const unsigned int *, const unsigned int *, const __half *, __half *, int, int)"
14670444583,83136,14366,1,2752,1,32,4,1,32,0.000,0.000,,,,,NVIDIA GeForce RTX 3090 (0),1,,7,"gemv_kernel_g128(const float4 *, const unsigned int *, const unsigned int *, const __half *, __half *, int, int)"
14670532967,38752,14370,1,1024,1,32,4,1,32,0.000,0.000,,,,,NVIDIA GeForce RTX 3090 (0),1,,7,"gemv_kernel_g128(const float4 *, const unsigned int *, const unsigned int *, const __half *, __half *, int, int)"
14670592487,105152,14376,1,3072,1,32,4,1,32,0.000,0.000,,,,,NVIDIA GeForce RTX 3090 (0),1,,7,"gemv_kernel_g128(const float4 *, const unsigned int *, const unsigned int *, const __half *, __half *, int, int)"
14672471746,74687,14524,1,1024,1,32,4,1,32,0.000,0.000,,,,,NVIDIA GeForce RTX 3090 (0),1,,7,"gemv_kernel_g128(const float4 *, const unsigned int *, const unsigned int *, const __half *, __half *, int, int)"
14672571745,78848,14530,1,2752,1,32,4,1,32,0.000,0.000,,,,,NVIDIA GeForce RTX 3090 (0),1,,7,"gemv_kernel_g128(const float4 *, const unsigned int *, const unsigned int *, const __half *, __half *, int, int)"
14672652097,80192,14532,1,2752,1,32,4,1,32,0.000,0.000,,,,,NVIDIA GeForce RTX 3090 (0),1,,7,"gemv_kernel_g128(const float4 *, const unsigned int *, const unsigned int *, const __half *, __half *, int, int)"
14672737057,37952,14536,1,1024,1,32,4,1,32,0.000,0.000,,,,,NVIDIA GeForce RTX 3090 (0),1,,7,"gemv_kernel_g128(const float4 *, const unsigned int *, const unsigned int *, const __half *, __half *, int, int)"
14672796545,119775,14542,1,3072,1,32,4,1,32,0.000,0.000,,,,,NVIDIA GeForce RTX 3090 (0),1,,7,"gemv_kernel_g128(const float4 *, const unsigned int *, const unsigned int *, const __half *, __half *, int, int)"
14674684700,79583,14690,1,1024,1,32,4,1,32,0.000,0.000,,,,,NVIDIA GeForce RTX 3090 (0),1,,7,"gemv_kernel_g128(const float4 *, const unsigned int *, const unsigned int *, const __half *, __half *, int, int)"
14674786363,71296,14696,1,2752,1,32,4,1,32,0.000,0.000,,,,,NVIDIA GeForce RTX 3090 (0),1,,7,"gemv_kernel_g128(const float4 *, const unsigned int *, const unsigned int *, const __half *, __half *, int, int)"
14674859707,71584,14698,1,2752,1,32,4,1,32,0.000,0.000,,,,,NVIDIA GeForce RTX 3090 (0),1,,7,"gemv_kernel_g128(const float4 *, const unsigned int *, const unsigned int *, const __half *, __half *, int, int)"
14674936091,37248,14702,1,1024,1,32,4,1,32,0.000,0.000,,,,,NVIDIA GeForce RTX 3090 (0),1,,7,"gemv_kernel_g128(const float4 *, const unsigned int *, const unsigned int *, const __half *, __half *, int, int)"
14674994811,98111,14708,1,3072,1,32,4,1,32,0.000,0.000,,,,,NVIDIA GeForce RTX 3090 (0),1,,7,"gemv_kernel_g128(const float4 *, const unsigned int *, const unsigned int *, const __half *, __half *, int, int)"
14676752982,73440,14856,1,1024,1,32,4,1,32,0.000,0.000,,,,,NVIDIA GeForce RTX 3090 (0),1,,7,"gemv_kernel_g128(const float4 *, const unsigned int *, const unsigned int *, const __half *, __half *, int, int)"
14676849718,77663,14862,1,2752,1,32,4,1,32,0.000,0.000,,,,,NVIDIA GeForce RTX 3090 (0),1,,7,"gemv_kernel_g128(const float4 *, const unsigned int *, const unsigned int *, const __half *, __half *, int, int)"
14676928757,70592,14864,1,2752,1,32,4,1,32,0.000,0.000,,,,,NVIDIA GeForce RTX 3090 (0),1,,7,"gemv_kernel_g128(const float4 *, const unsigned int *, const unsigned int *, const __half *, __half *, int, int)"
14677004437,38336,14868,1,1024,1,32,4,1,32,0.000,0.000,,,,,NVIDIA GeForce RTX 3090 (0),1,,7,"gemv_kernel_g128(const float4 *, const unsigned int *, const unsigned int *, const __half *, __half *, int, int)"
14677063765,96128,14874,1,3072,1,32,4,1,32,0.000,0.000,,,,,NVIDIA GeForce RTX 3090 (0),1,,7,"gemv_kernel_g128(const float4 *, const unsigned int *, const unsigned int *, const __half *, __half *, int, int)"
14679122863,76768,15022,1,1024,1,32,4,1,32,0.000,0.000,,,,,NVIDIA GeForce RTX 3090 (0),1,,7,"gemv_kernel_g128(const float4 *, const unsigned int *, const unsigned int *, const __half *, __half *, int, int)"
14679221999,68736,15028,1,2752,1,32,4,1,32,0.000,0.000,,,,,NVIDIA GeForce RTX 3090 (0),1,,7,"gemv_kernel_g128(const float4 *, const unsigned int *, const unsigned int *, const __half *, __half *, int, int)"
14679292143,280383,15030,1,2752,1,32,4,1,32,0.000,0.000,,,,,NVIDIA GeForce RTX 3090 (0),1,,7,"gemv_kernel_g128(const float4 *, const unsigned int *, const unsigned int *, const __half *, __half *, int, int)"
14679577998,41920,15034,1,1024,1,32,4,1,32,0.000,0.000,,,,,NVIDIA GeForce RTX 3090 (0),1,,7,"gemv_kernel_g128(const float4 *, const unsigned int *, const unsigned int *, const __half *, __half *, int, int)"
14679641646,99072,15040,1,3072,1,32,4,1,32,0.000,0.000,,,,,NVIDIA GeForce RTX 3090 (0),1,,7,"gemv_kernel_g128(const float4 *, const unsigned int *, const unsigned int *, const __half *, __half *, int, int)"
14681467721,75520,15188,1,1024,1,32,4,1,32,0.000,0.000,,,,,NVIDIA GeForce RTX 3090 (0),1,,7,"gemv_kernel_g128(const float4 *, const unsigned int *, const unsigned int *, const __half *, __half *, int, int)"
14681565001,66495,15194,1,2752,1,32,4,1,32,0.000,0.000,,,,,NVIDIA GeForce RTX 3090 (0),1,,7,"gemv_kernel_g128(const float4 *, const unsigned int *, const unsigned int *, const __half *, __half *, int, int)"
14681632872,68384,15196,1,2752,1,32,4,1,32,0.000,0.000,,,,,NVIDIA GeForce RTX 3090 (0),1,,7,"gemv_kernel_g128(const float4 *, const unsigned int *, const unsigned int *, const __half *, __half *, int, int)"
14681705928,37280,15200,1,1024,1,32,4,1,32,0.000,0.000,,,,,NVIDIA GeForce RTX 3090 (0),1,,7,"gemv_kernel_g128(const float4 *, const unsigned int *, const unsigned int *, const __half *, __half *, int, int)"
14681763784,91552,15206,1,3072,1,32,4,1,32,0.000,0.000,,,,,NVIDIA GeForce RTX 3090 (0),1,,7,"gemv_kernel_g128(const float4 *, const unsigned int *, const unsigned int *, const __half *, __half *, int, int)"
14683605059,74880,15354,1,1024,1,32,4,1,32,0.000,0.000,,,,,NVIDIA GeForce RTX 3090 (0),1,,7,"gemv_kernel_g128(const float4 *, const unsigned int *, const unsigned int *, const __half *, __half *, int, int)"
14683701763,68831,15360,1,2752,1,32,4,1,32,0.000,0.000,,,,,NVIDIA GeForce RTX 3090 (0),1,,7,"gemv_kernel_g128(const float4 *, const unsigned int *, const unsigned int *, const __half *, __half *, int, int)"
14683772450,68064,15362,1,2752,1,32,4,1,32,0.000,0.000,,,,,NVIDIA GeForce RTX 3090 (0),1,,7,"gemv_kernel_g128(const float4 *, const unsigned int *, const unsigned int *, const __half *, __half *, int, int)"
14683845122,39168,15366,1,1024,1,32,4,1,32,0.000,0.000,,,,,NVIDIA GeForce RTX 3090 (0),1,,7,"gemv_kernel_g128(const float4 *, const unsigned int *, const unsigned int *, const __half *, __half *, int, int)"
14683905698,94528,15372,1,3072,1,32,4,1,32,0.000,0.000,,,,,NVIDIA GeForce RTX 3090 (0),1,,7,"gemv_kernel_g128(const float4 *, const unsigned int *, const unsigned int *, const __half *, __half *, int, int)"
14685948604,87488,15520,1,1024,1,32,4,1,32,0.000,0.000,,,,,NVIDIA GeForce RTX 3090 (0),1,,7,"gemv_kernel_g128(const float4 *, const unsigned int *, const unsigned int *, const __half *, __half *, int, int)"
14686058972,82720,15526,1,2752,1,32,4,1,32,0.000,0.000,,,,,NVIDIA GeForce RTX 3090 (0),1,,7,"gemv_kernel_g128(const float4 *, const unsigned int *, const unsigned int *, const __half *, __half *, int, int)"
14686143196,83904,15528,1,2752,1,32,4,1,32,0.000,0.000,,,,,NVIDIA GeForce RTX 3090 (0),1,,7,"gemv_kernel_g128(const float4 *, const unsigned int *, const unsigned int *, const __half *, __half *, int, int)"
14686232156,37823,15532,1,1024,1,32,4,1,32,0.000,0.000,,,,,NVIDIA GeForce RTX 3090 (0),1,,7,"gemv_kernel_g128(const float4 *, const unsigned int *, const unsigned int *, const __half *, __half *, int, int)"
14686291323,92128,15538,1,3072,1,32,4,1,32,0.000,0.000,,,,,NVIDIA GeForce RTX 3090 (0),1,,7,"gemv_kernel_g128(const float4 *, const unsigned int *, const unsigned int *, const __half *, __half *, int, int)"
14688148214,74976,15686,1,1024,1,32,4,1,32,0.000,0.000,,,,,NVIDIA GeForce RTX 3090 (0),1,,7,"gemv_kernel_g128(const float4 *, const unsigned int *, const unsigned int *, const __half *, __half *, int, int)"
14688245270,66784,15692,1,2752,1,32,4,1,32,0.000,0.000,,,,,NVIDIA GeForce RTX 3090 (0),1,,7,"gemv_kernel_g128(const float4 *, const unsigned int *, const unsigned int *, const __half *, __half *, int, int)"
14688313494,66528,15694,1,2752,1,32,4,1,32,0.000,0.000,,,,,NVIDIA GeForce RTX 3090 (0),1,,7,"gemv_kernel_g128(const float4 *, const unsigned int *, const unsigned int *, const __half *, __half *, int, int)"
14688385078,37792,15698,1,1024,1,32,4,1,32,0.000,0.000,,,,,NVIDIA GeForce RTX 3090 (0),1,,7,"gemv_kernel_g128(const float4 *, const unsigned int *, const unsigned int *, const __half *, __half *, int, int)"
14688443093,90240,15704,1,3072,1,32,4,1,32,0.000,0.000,,,,,NVIDIA GeForce RTX 3090 (0),1,,7,"gemv_kernel_g128(const float4 *, const unsigned int *, const unsigned int *, const __half *, __half *, int, int)"
14690424912,72192,15852,1,1024,1,32,4,1,32,0.000,0.000,,,,,NVIDIA GeForce RTX 3090 (0),1,,7,"gemv_kernel_g128(const float4 *, const unsigned int *, const unsigned int *, const __half *, __half *, int, int)"
14690519568,65696,15858,1,2752,1,32,4,1,32,0.000,0.000,,,,,NVIDIA GeForce RTX 3090 (0),1,,7,"gemv_kernel_g128(const float4 *, const unsigned int *, const unsigned int *, const __half *, __half *, int, int)"
14690586640,64959,15860,1,2752,1,32,4,1,32,0.000,0.000,,,,,NVIDIA GeForce RTX 3090 (0),1,,7,"gemv_kernel_g128(const float4 *, const unsigned int *, const unsigned int *, const __half *, __half *, int, int)"
14690656207,37696,15864,1,1024,1,32,4,1,32,0.000,0.000,,,,,NVIDIA GeForce RTX 3090 (0),1,,7,"gemv_kernel_g128(const float4 *, const unsigned int *, const unsigned int *, const __half *, __half *, int, int)"
14690714959,90432,15870,1,3072,1,32,4,1,32,0.000,0.000,,,,,NVIDIA GeForce RTX 3090 (0),1,,7,"gemv_kernel_g128(const float4 *, const unsigned int *, const unsigned int *, const __half *, __half *, int, int)"
14692477130,74784,16018,1,1024,1,32,4,1,32,0.000,0.000,,,,,NVIDIA GeForce RTX 3090 (0),1,,7,"gemv_kernel_g128(const float4 *, const unsigned int *, const unsigned int *, const __half *, __half *, int, int)"
14692574186,66016,16024,1,2752,1,32,4,1,32,0.000,0.000,,,,,NVIDIA GeForce RTX 3090 (0),1,,7,"gemv_kernel_g128(const float4 *, const unsigned int *, const unsigned int *, const __half *, __half *, int, int)"
14692642122,65664,16026,1,2752,1,32,4,1,32,0.000,0.000,,,,,NVIDIA GeForce RTX 3090 (0),1,,7,"gemv_kernel_g128(const float4 *, const unsigned int *, const unsigned int *, const __half *, __half *, int, int)"
14692712362,37664,16030,1,1024,1,32,4,1,32,0.000,0.000,,,,,NVIDIA GeForce RTX 3090 (0),1,,7,"gemv_kernel_g128(const float4 *, const unsigned int *, const unsigned int *, const __half *, __half *, int, int)"
14692771177,109472,16036,1,3072,1,32,4,1,32,0.000,0.000,,,,,NVIDIA GeForce RTX 3090 (0),1,,7,"gemv_kernel_g128(const float4 *, const unsigned int *, const unsigned int *, const __half *, __half *, int, int)"
14694570981,72767,16184,1,1024,1,32,4,1,32,0.000,0.000,,,,,NVIDIA GeForce RTX 3090 (0),1,,7,"gemv_kernel_g128(const float4 *, const unsigned int *, const unsigned int *, const __half *, __half *, int, int)"
14694665188,65856,16190,1,2752,1,32,4,1,32,0.000,0.000,,,,,NVIDIA GeForce RTX 3090 (0),1,,7,"gemv_kernel_g128(const float4 *, const unsigned int *, const unsigned int *, const __half *, __half *, int, int)"
14694732420,65120,16192,1,2752,1,32,4,1,32,0.000,0.000,,,,,NVIDIA GeForce RTX 3090 (0),1,,7,"gemv_kernel_g128(const float4 *, const unsigned int *, const unsigned int *, const __half *, __half *, int, int)"
14694802660,38304,16196,1,1024,1,32,4,1,32,0.000,0.000,,,,,NVIDIA GeForce RTX 3090 (0),1,,7,"gemv_kernel_g128(const float4 *, const unsigned int *, const unsigned int *, const __half *, __half *, int, int)"
14694861412,89023,16202,1,3072,1,32,4,1,32,0.000,0.000,,,,,NVIDIA GeForce RTX 3090 (0),1,,7,"gemv_kernel_g128(const float4 *, const unsigned int *, const unsigned int *, const __half *, __half *, int, int)"
14696693695,73535,16350,1,1024,1,32,4,1,32,0.000,0.000,,,,,NVIDIA GeForce RTX 3090 (0),1,,7,"gemv_kernel_g128(const float4 *, const unsigned int *, const unsigned int *, const __half *, __half *, int, int)"
14696789278,84832,16356,1,2752,1,32,4,1,32,0.000,0.000,,,,,NVIDIA GeForce RTX 3090 (0),1,,7,"gemv_kernel_g128(const float4 *, const unsigned int *, const unsigned int *, const __half *, __half *, int, int)"
14696875582,68640,16358,1,2752,1,32,4,1,32,0.000,0.000,,,,,NVIDIA GeForce RTX 3090 (0),1,,7,"gemv_kernel_g128(const float4 *, const unsigned int *, const unsigned int *, const __half *, __half *, int, int)"
14696949534,40192,16362,1,1024,1,32,4,1,32,0.000,0.000,,,,,NVIDIA GeForce RTX 3090 (0),1,,7,"gemv_kernel_g128(const float4 *, const unsigned int *, const unsigned int *, const __half *, __half *, int, int)"
14697011070,105023,16368,1,3072,1,32,4,1,32,0.000,0.000,,,,,NVIDIA GeForce RTX 3090 (0),1,,7,"gemv_kernel_g128(const float4 *, const unsigned int *, const unsigned int *, const __half *, __half *, int, int)"
14698894425,71263,16516,1,1024,1,32,4,1,32,0.000,0.000,,,,,NVIDIA GeForce RTX 3090 (0),1,,7,"gemv_kernel_g128(const float4 *, const unsigned int *, const unsigned int *, const __half *, __half *, int, int)"
14699182488,76032,16522,1,2752,1,32,4,1,32,0.000,0.000,,,,,NVIDIA GeForce RTX 3090 (0),1,,7,"gemv_kernel_g128(const float4 *, const unsigned int *, const unsigned int *, const __half *, __half *, int, int)"
14699259992,73183,16524,1,2752,1,32,4,1,32,0.000,0.000,,,,,NVIDIA GeForce RTX 3090 (0),1,,7,"gemv_kernel_g128(const float4 *, const unsigned int *, const unsigned int *, const __half *, __half *, int, int)"
14699337911,38464,16528,1,1024,1,32,4,1,32,0.000,0.000,,,,,NVIDIA GeForce RTX 3090 (0),1,,7,"gemv_kernel_g128(const float4 *, const unsigned int *, const unsigned int *, const __half *, __half *, int, int)"
14699397623,90592,16534,1,3072,1,32,4,1,32,0.000,0.000,,,,,NVIDIA GeForce RTX 3090 (0),1,,7,"gemv_kernel_g128(const float4 *, const unsigned int *, const unsigned int *, const __half *, __half *, int, int)"
14701385074,91487,16682,1,1024,1,32,4,1,32,0.000,0.000,,,,,NVIDIA GeForce RTX 3090 (0),1,,7,"gemv_kernel_g128(const float4 *, const unsigned int *, const unsigned int *, const __half *, __half *, int, int)"
14701499825,84864,16688,1,2752,1,32,4,1,32,0.000,0.000,,,,,NVIDIA GeForce RTX 3090 (0),1,,7,"gemv_kernel_g128(const float4 *, const unsigned int *, const unsigned int *, const __half *, __half *, int, int)"
14701586993,74784,16690,1,2752,1,32,4,1,32,0.000,0.000,,,,,NVIDIA GeForce RTX 3090 (0),1,,7,"gemv_kernel_g128(const float4 *, const unsigned int *, const unsigned int *, const __half *, __half *, int, int)"
14701666865,38560,16694,1,1024,1,32,4,1,32,0.000,0.000,,,,,NVIDIA GeForce RTX 3090 (0),1,,7,"gemv_kernel_g128(const float4 *, const unsigned int *, const unsigned int *, const __half *, __half *, int, int)"
14701726961,101055,16700,1,3072,1,32,4,1,32,0.000,0.000,,,,,NVIDIA GeForce RTX 3090 (0),1,,7,"gemv_kernel_g128(const float4 *, const unsigned int *, const unsigned int *, const __half *, __half *, int, int)"
14703658603,82720,16848,1,1024,1,32,4,1,32,0.000,0.000,,,,,NVIDIA GeForce RTX 3090 (0),1,,7,"gemv_kernel_g128(const float4 *, const unsigned int *, const unsigned int *, const __half *, __half *, int, int)"
14703764235,76512,16854,1,2752,1,32,4,1,32,0.000,0.000,,,,,NVIDIA GeForce RTX 3090 (0),1,,7,"gemv_kernel_g128(const float4 *, const unsigned int *, const unsigned int *, const __half *, __half *, int, int)"
14703842251,73376,16856,1,2752,1,32,4,1,32,0.000,0.000,,,,,NVIDIA GeForce RTX 3090 (0),1,,7,"gemv_kernel_g128(const float4 *, const unsigned int *, const unsigned int *, const __half *, __half *, int, int)"
14703920715,39488,16860,1,1024,1,32,4,1,32,0.000,0.000,,,,,NVIDIA GeForce RTX 3090 (0),1,,7,"gemv_kernel_g128(const float4 *, const unsigned int *, const unsigned int *, const __half *, __half *, int, int)"
14703982154,97632,16866,1,3072,1,32,4,1,32,0.000,0.000,,,,,NVIDIA GeForce RTX 3090 (0),1,,7,"gemv_kernel_g128(const float4 *, const unsigned int *, const unsigned int *, const __half *, __half *, int, int)"
14705917093,78624,17014,1,1024,1,32,4,1,32,0.000,0.000,,,,,NVIDIA GeForce RTX 3090 (0),1,,7,"gemv_kernel_g128(const float4 *, const unsigned int *, const unsigned int *, const __half *, __half *, int, int)"
14706017157,69824,17020,1,2752,1,32,4,1,32,0.000,0.000,,,,,NVIDIA GeForce RTX 3090 (0),1,,7,"gemv_kernel_g128(const float4 *, const unsigned int *, const unsigned int *, const __half *, __half *, int, int)"
14706088485,72095,17022,1,2752,1,32,4,1,32,0.000,0.000,,,,,NVIDIA GeForce RTX 3090 (0),1,,7,"gemv_kernel_g128(const float4 *, const unsigned int *, const unsigned int *, const __half *, __half *, int, int)"
14706165764,37792,17026,1,1024,1,32,4,1,32,0.000,0.000,,,,,NVIDIA GeForce RTX 3090 (0),1,,7,"gemv_kernel_g128(const float4 *, const unsigned int *, const unsigned int *, const __half *, __half *, int, int)"
14706226500,101952,17032,1,3072,1,32,4,1,32,0.000,0.000,,,,,NVIDIA GeForce RTX 3090 (0),1,,7,"gemv_kernel_g128(const float4 *, const unsigned int *, const unsigned int *, const __half *, __half *, int, int)"
14708238879,73375,17180,1,1024,1,32,4,1,32,0.000,0.000,,,,,NVIDIA GeForce RTX 3090 (0),1,,7,"gemv_kernel_g128(const float4 *, const unsigned int *, const unsigned int *, const __half *, __half *, int, int)"
14708337086,70208,17186,1,2752,1,32,4,1,32,0.000,0.000,,,,,NVIDIA GeForce RTX 3090 (0),1,,7,"gemv_kernel_g128(const float4 *, const unsigned int *, const unsigned int *, const __half *, __half *, int, int)"
14708408734,72064,17188,1,2752,1,32,4,1,32,0.000,0.000,,,,,NVIDIA GeForce RTX 3090 (0),1,,7,"gemv_kernel_g128(const float4 *, const unsigned int *, const unsigned int *, const __half *, __half *, int, int)"
14708485598,39072,17192,1,1024,1,32,4,1,32,0.000,0.000,,,,,NVIDIA GeForce RTX 3090 (0),1,,7,"gemv_kernel_g128(const float4 *, const unsigned int *, const unsigned int *, const __half *, __half *, int, int)"
14708546686,96160,17198,1,3072,1,32,4,1,32,0.000,0.000,,,,,NVIDIA GeForce RTX 3090 (0),1,,7,"gemv_kernel_g128(const float4 *, const unsigned int *, const unsigned int *, const __half *, __half *, int, int)"
14710662232,86240,17346,1,1024,1,32,4,1,32,0.000,0.000,,,,,NVIDIA GeForce RTX 3090 (0),1,,7,"gemv_kernel_g128(const float4 *, const unsigned int *, const unsigned int *, const __half *, __half *, int, int)"
14710769816,76255,17352,1,2752,1,32,4,1,32,0.000,0.000,,,,,NVIDIA GeForce RTX 3090 (0),1,,7,"gemv_kernel_g128(const float4 *, const unsigned int *, const unsigned int *, const __half *, __half *, int, int)"
14710848023,81120,17354,1,2752,1,32,4,1,32,0.000,0.000,,,,,NVIDIA GeForce RTX 3090 (0),1,,7,"gemv_kernel_g128(const float4 *, const unsigned int *, const unsigned int *, const __half *, __half *, int, int)"
14710933975,38528,17358,1,1024,1,32,4,1,32,0.000,0.000,,,,,NVIDIA GeForce RTX 3090 (0),1,,7,"gemv_kernel_g128(const float4 *, const unsigned int *, const unsigned int *, const __half *, __half *, int, int)"
14710995127,97152,17364,1,3072,1,32,4,1,32,0.000,0.000,,,,,NVIDIA GeForce RTX 3090 (0),1,,7,"gemv_kernel_g128(const float4 *, const unsigned int *, const unsigned int *, const __half *, __half *, int, int)"
14713089393,77664,17512,1,1024,1,32,4,1,32,0.000,0.000,,,,,NVIDIA GeForce RTX 3090 (0),1,,7,"gemv_kernel_g128(const float4 *, const unsigned int *, const unsigned int *, const __half *, __half *, int, int)"
14713189649,72160,17518,1,2752,1,32,4,1,32,0.000,0.000,,,,,NVIDIA GeForce RTX 3090 (0),1,,7,"gemv_kernel_g128(const float4 *, const unsigned int *, const unsigned int *, const __half *, __half *, int, int)"
14713263313,71168,17520,1,2752,1,32,4,1,32,0.000,0.000,,,,,NVIDIA GeForce RTX 3090 (0),1,,7,"gemv_kernel_g128(const float4 *, const unsigned int *, const unsigned int *, const __half *, __half *, int, int)"
14713339665,38335,17524,1,1024,1,32,4,1,32,0.000,0.000,,,,,NVIDIA GeForce RTX 3090 (0),1,,7,"gemv_kernel_g128(const float4 *, const unsigned int *, const unsigned int *, const __half *, __half *, int, int)"
14713400144,98400,17530,1,3072,1,32,4,1,32,0.000,0.000,,,,,NVIDIA GeForce RTX 3090 (0),1,,7,"gemv_kernel_g128(const float4 *, const unsigned int *, const unsigned int *, const __half *, __half *, int, int)"
14715489771,76191,17678,1,1024,1,32,4,1,32,0.000,0.000,,,,,NVIDIA GeForce RTX 3090 (0),1,,7,"gemv_kernel_g128(const float4 *, const unsigned int *, const unsigned int *, const __half *, __half *, int, int)"
14715588202,68576,17684,1,2752,1,32,4,1,32,0.000,0.000,,,,,NVIDIA GeForce RTX 3090 (0),1,,7,"gemv_kernel_g128(const float4 *, const unsigned int *, const unsigned int *, const __half *, __half *, int, int)"
14715658250,68224,17686,1,2752,1,32,4,1,32,0.000,0.000,,,,,NVIDIA GeForce RTX 3090 (0),1,,7,"gemv_kernel_g128(const float4 *, const unsigned int *, const unsigned int *, const __half *, __half *, int, int)"
14715731786,37184,17690,1,1024,1,32,4,1,32,0.000,0.000,,,,,NVIDIA GeForce RTX 3090 (0),1,,7,"gemv_kernel_g128(const float4 *, const unsigned int *, const unsigned int *, const __half *, __half *, int, int)"
14715790250,91360,17696,1,3072,1,32,4,1,32,0.000,0.000,,,,,NVIDIA GeForce RTX 3090 (0),1,,7,"gemv_kernel_g128(const float4 *, const unsigned int *, const unsigned int *, const __half *, __half *, int, int)"
14718137827,81056,17844,1,1024,1,32,4,1,32,0.000,0.000,,,,,NVIDIA GeForce RTX 3090 (0),1,,7,"gemv_kernel_g128(const float4 *, const unsigned int *, const unsigned int *, const __half *, __half *, int, int)"
14718242467,84256,17850,1,2752,1,32,4,1,32,0.000,0.000,,,,,NVIDIA GeForce RTX 3090 (0),1,,7,"gemv_kernel_g128(const float4 *, const unsigned int *, const unsigned int *, const __half *, __half *, int, int)"
14718328131,75392,17852,1,2752,1,32,4,1,32,0.000,0.000,,,,,NVIDIA GeForce RTX 3090 (0),1,,7,"gemv_kernel_g128(const float4 *, const unsigned int *, const unsigned int *, const __half *, __half *, int, int)"
14718408227,37855,17856,1,1024,1,32,4,1,32,0.000,0.000,,,,,NVIDIA GeForce RTX 3090 (0),1,,7,"gemv_kernel_g128(const float4 *, const unsigned int *, const unsigned int *, const __half *, __half *, int, int)"
14718467554,512735,17862,1,3072,1,32,4,1,32,0.000,0.000,,,,,NVIDIA GeForce RTX 3090 (0),1,,7,"gemv_kernel_g128(const float4 *, const unsigned int *, const unsigned int *, const __half *, __half *, int, int)"
14720776028,76640,18010,1,1024,1,32,4,1,32,0.000,0.000,,,,,NVIDIA GeForce RTX 3090 (0),1,,7,"gemv_kernel_g128(const float4 *, const unsigned int *, const unsigned int *, const __half *, __half *, int, int)"
14720874332,65248,18016,1,2752,1,32,4,1,32,0.000,0.000,,,,,NVIDIA GeForce RTX 3090 (0),1,,7,"gemv_kernel_g128(const float4 *, const unsigned int *, const unsigned int *, const __half *, __half *, int, int)"
14720941404,64959,18018,1,2752,1,32,4,1,32,0.000,0.000,,,,,NVIDIA GeForce RTX 3090 (0),1,,7,"gemv_kernel_g128(const float4 *, const unsigned int *, const unsigned int *, const __half *, __half *, int, int)"
14721010971,37760,18022,1,1024,1,32,4,1,32,0.000,0.000,,,,,NVIDIA GeForce RTX 3090 (0),1,,7,"gemv_kernel_g128(const float4 *, const unsigned int *, const unsigned int *, const __half *, __half *, int, int)"
14721069883,93280,18028,1,3072,1,32,4,1,32,0.000,0.000,,,,,NVIDIA GeForce RTX 3090 (0),1,,7,"gemv_kernel_g128(const float4 *, const unsigned int *, const unsigned int *, const __half *, __half *, int, int)"
14722985910,70144,18176,1,1024,1,32,4,1,32,0.000,0.000,,,,,NVIDIA GeForce RTX 3090 (0),1,,7,"gemv_kernel_g128(const float4 *, const unsigned int *, const unsigned int *, const __half *, __half *, int, int)"
14723077366,64735,18182,1,2752,1,32,4,1,32,0.000,0.000,,,,,NVIDIA GeForce RTX 3090 (0),1,,7,"gemv_kernel_g128(const float4 *, const unsigned int *, const unsigned int *, const __half *, __half *, int, int)"
14723143605,65632,18184,1,2752,1,32,4,1,32,0.000,0.000,,,,,NVIDIA GeForce RTX 3090 (0),1,,7,"gemv_kernel_g128(const float4 *, const unsigned int *, const unsigned int *, const __half *, __half *, int, int)"
14723214325,38176,18188,1,1024,1,32,4,1,32,0.000,0.000,,,,,NVIDIA GeForce RTX 3090 (0),1,,7,"gemv_kernel_g128(const float4 *, const unsigned int *, const unsigned int *, const __half *, __half *, int, int)"
14723273173,90240,18194,1,3072,1,32,4,1,32,0.000,0.000,,,,,NVIDIA GeForce RTX 3090 (0),1,,7,"gemv_kernel_g128(const float4 *, const unsigned int *, const unsigned int *, const __half *, __half *, int, int)"
14725116144,71392,18342,1,1024,1,32,4,1,32,0.000,0.000,,,,,NVIDIA GeForce RTX 3090 (0),1,,7,"gemv_kernel_g128(const float4 *, const unsigned int *, const unsigned int *, const __half *, __half *, int, int)"
14725209296,66016,18348,1,2752,1,32,4,1,32,0.000,0.000,,,,,NVIDIA GeForce RTX 3090 (0),1,,7,"gemv_kernel_g128(const float4 *, const unsigned int *, const unsigned int *, const __half *, __half *, int, int)"
14725276784,65535,18350,1,2752,1,32,4,1,32,0.000,0.000,,,,,NVIDIA GeForce RTX 3090 (0),1,,7,"gemv_kernel_g128(const float4 *, const unsigned int *, const unsigned int *, const __half *, __half *, int, int)"
14725347407,36832,18354,1,1024,1,32,4,1,32,0.000,0.000,,,,,NVIDIA GeForce RTX 3090 (0),1,,7,"gemv_kernel_g128(const float4 *, const unsigned int *, const unsigned int *, const __half *, __half *, int, int)"
14725404623,87136,18360,1,3072,1,32,4,1,32,0.000,0.000,,,,,NVIDIA GeForce RTX 3090 (0),1,,7,"gemv_kernel_g128(const float4 *, const unsigned int *, const unsigned int *, const __half *, __half *, int, int)"
14727138474,75840,18508,1,1024,1,32,4,1,32,0.000,0.000,,,,,NVIDIA GeForce RTX 3090 (0),1,,7,"gemv_kernel_g128(const float4 *, const unsigned int *, const unsigned int *, const __half *, __half *, int, int)"
14727235754,65120,18514,1,2752,1,32,4,1,32,0.000,0.000,,,,,NVIDIA GeForce RTX 3090 (0),1,,7,"gemv_kernel_g128(const float4 *, const unsigned int *, const unsigned int *, const __half *, __half *, int, int)"
14727302250,67392,18516,1,2752,1,32,4,1,32,0.000,0.000,,,,,NVIDIA GeForce RTX 3090 (0),1,,7,"gemv_kernel_g128(const float4 *, const unsigned int *, const unsigned int *, const __half *, __half *, int, int)"
14727374346,38400,18520,1,1024,1,32,4,1,32,0.000,0.000,,,,,NVIDIA GeForce RTX 3090 (0),1,,7,"gemv_kernel_g128(const float4 *, const unsigned int *, const unsigned int *, const __half *, __half *, int, int)"
14727433226,136607,18526,1,8000,1,32,4,1,32,0.000,0.000,,,,,NVIDIA GeForce RTX 3090 (0),1,,7,"gemv_kernel_g128(const float4 *, const unsigned int *, const unsigned int *, const __half *, __half *, int, int)"
14757999605,94496,18540,1,3072,1,32,4,1,32,0.000,0.000,,,,,NVIDIA GeForce RTX 3090 (0),1,,7,"gemv_kernel_g128(const float4 *, const unsigned int *, const unsigned int *, const __half *, __half *, int, int)"
14760162383,73344,18688,1,1024,1,32,4,1,32,0.000,0.000,,,,,NVIDIA GeForce RTX 3090 (0),1,,7,"gemv_kernel_g128(const float4 *, const unsigned int *, const unsigned int *, const __half *, __half *, int, int)"
14760257743,66144,18694,1,2752,1,32,4,1,32,0.000,0.000,,,,,NVIDIA GeForce RTX 3090 (0),1,,7,"gemv_kernel_g128(const float4 *, const unsigned int *, const unsigned int *, const __half *, __half *, int, int)"
14760325391,65919,18696,1,2752,1,32,4,1,32,0.000,0.000,,,,,NVIDIA GeForce RTX 3090 (0),1,,7,"gemv_kernel_g128(const float4 *, const unsigned int *, const unsigned int *, const __half *, __half *, int, int)"
14760396014,39296,18700,1,1024,1,32,4,1,32,0.000,0.000,,,,,NVIDIA GeForce RTX 3090 (0),1,,7,"gemv_kernel_g128(const float4 *, const unsigned int *, const unsigned int *, const __half *, __half *, int, int)"
14760459822,90496,18706,1,3072,1,32,4,1,32,0.000,0.000,,,,,NVIDIA GeForce RTX 3090 (0),1,,7,"gemv_kernel_g128(const float4 *, const unsigned int *, const unsigned int *, const __half *, __half *, int, int)"
14762317865,75456,18854,1,1024,1,32,4,1,32,0.000,0.000,,,,,NVIDIA GeForce RTX 3090 (0),1,,7,"gemv_kernel_g128(const float4 *, const unsigned int *, const unsigned int *, const __half *, __half *, int, int)"
14762414825,66368,18860,1,2752,1,32,4,1,32,0.000,0.000,,,,,NVIDIA GeForce RTX 3090 (0),1,,7,"gemv_kernel_g128(const float4 *, const unsigned int *, const unsigned int *, const __half *, __half *, int, int)"
14762483113,65951,18862,1,2752,1,32,4,1,32,0.000,0.000,,,,,NVIDIA GeForce RTX 3090 (0),1,,7,"gemv_kernel_g128(const float4 *, const unsigned int *, const unsigned int *, const __half *, __half *, int, int)"
14762553832,36480,18866,1,1024,1,32,4,1,32,0.000,0.000,,,,,NVIDIA GeForce RTX 3090 (0),1,,7,"gemv_kernel_g128(const float4 *, const unsigned int *, const unsigned int *, const __half *, __half *, int, int)"
14762611400,89888,18872,1,3072,1,32,4,1,32,0.000,0.000,,,,,NVIDIA GeForce RTX 3090 (0),1,,7,"gemv_kernel_g128(const float4 *, const unsigned int *, const unsigned int *, const __half *, __half *, int, int)"
14764385955,69568,19020,1,1024,1,32,4,1,32,0.000,0.000,,,,,NVIDIA GeForce RTX 3090 (0),1,,7,"gemv_kernel_g128(const float4 *, const unsigned int *, const unsigned int *, const __half *, __half *, int, int)"
14764477763,66656,19026,1,2752,1,32,4,1,32,0.000,0.000,,,,,NVIDIA GeForce RTX 3090 (0),1,,7,"gemv_kernel_g128(const float4 *, const unsigned int *, const unsigned int *, const __half *, __half *, int, int)"
14764545827,65888,19028,1,2752,1,32,4,1,32,0.000,0.000,,,,,NVIDIA GeForce RTX 3090 (0),1,,7,"gemv_kernel_g128(const float4 *, const unsigned int *, const unsigned int *, const __half *, __half *, int, int)"
14764617059,36704,19032,1,1024,1,32,4,1,32,0.000,0.000,,,,,NVIDIA GeForce RTX 3090 (0),1,,7,"gemv_kernel_g128(const float4 *, const unsigned int *, const unsigned int *, const __half *, __half *, int, int)"
14764674754,88320,19038,1,3072,1,32,4,1,32,0.000,0.000,,,,,NVIDIA GeForce RTX 3090 (0),1,,7,"gemv_kernel_g128(const float4 *, const unsigned int *, const unsigned int *, const __half *, __half *, int, int)"
14766372158,71104,19186,1,1024,1,32,4,1,32,0.000,0.000,,,,,NVIDIA GeForce RTX 3090 (0),1,,7,"gemv_kernel_g128(const float4 *, const unsigned int *, const unsigned int *, const __half *, __half *, int, int)"
14766464926,65599,19192,1,2752,1,32,4,1,32,0.000,0.000,,,,,NVIDIA GeForce RTX 3090 (0),1,,7,"gemv_kernel_g128(const float4 *, const unsigned int *, const unsigned int *, const __half *, __half *, int, int)"
14766531965,65536,19194,1,2752,1,32,4,1,32,0.000,0.000,,,,,NVIDIA GeForce RTX 3090 (0),1,,7,"gemv_kernel_g128(const float4 *, const unsigned int *, const unsigned int *, const __half *, __half *, int, int)"
14766608381,38368,19198,1,1024,1,32,4,1,32,0.000,0.000,,,,,NVIDIA GeForce RTX 3090 (0),1,,7,"gemv_kernel_g128(const float4 *, const unsigned int *, const unsigned int *, const __half *, __half *, int, int)"
14766667677,91072,19204,1,3072,1,32,4,1,32,0.000,0.000,,,,,NVIDIA GeForce RTX 3090 (0),1,,7,"gemv_kernel_g128(const float4 *, const unsigned int *, const unsigned int *, const __half *, __half *, int, int)"
14768389432,73120,19352,1,1024,1,32,4,1,32,0.000,0.000,,,,,NVIDIA GeForce RTX 3090 (0),1,,7,"gemv_kernel_g128(const float4 *, const unsigned int *, const unsigned int *, const __half *, __half *, int, int)"
14768484440,65312,19358,1,2752,1,32,4,1,32,0.000,0.000,,,,,NVIDIA GeForce RTX 3090 (0),1,,7,"gemv_kernel_g128(const float4 *, const unsigned int *, const unsigned int *, const __half *, __half *, int, int)"
14768551224,66112,19360,1,2752,1,32,4,1,32,0.000,0.000,,,,,NVIDIA GeForce RTX 3090 (0),1,,7,"gemv_kernel_g128(const float4 *, const unsigned int *, const unsigned int *, const __half *, __half *, int, int)"
14768621976,38495,19364,1,1024,1,32,4,1,32,0.000,0.000,,,,,NVIDIA GeForce RTX 3090 (0),1,,7,"gemv_kernel_g128(const float4 *, const unsigned int *, const unsigned int *, const __half *, __half *, int, int)"
14768681431,90432,19370,1,3072,1,32,4,1,32,0.000,0.000,,,,,NVIDIA GeForce RTX 3090 (0),1,,7,"gemv_kernel_g128(const float4 *, const unsigned int *, const unsigned int *, const __half *, __half *, int, int)"
14770294835,72928,19518,1,1024,1,32,4,1,32,0.000,0.000,,,,,NVIDIA GeForce RTX 3090 (0),1,,7,"gemv_kernel_g128(const float4 *, const unsigned int *, const unsigned int *, const __half *, __half *, int, int)"
14770388915,65727,19524,1,2752,1,32,4,1,32,0.000,0.000,,,,,NVIDIA GeForce RTX 3090 (0),1,,7,"gemv_kernel_g128(const float4 *, const unsigned int *, const unsigned int *, const __half *, __half *, int, int)"
14770456562,66496,19526,1,2752,1,32,4,1,32,0.000,0.000,,,,,NVIDIA GeForce RTX 3090 (0),1,,7,"gemv_kernel_g128(const float4 *, const unsigned int *, const unsigned int *, const __half *, __half *, int, int)"
14770527826,39040,19530,1,1024,1,32,4,1,32,0.000,0.000,,,,,NVIDIA GeForce RTX 3090 (0),1,,7,"gemv_kernel_g128(const float4 *, const unsigned int *, const unsigned int *, const __half *, __half *, int, int)"
14770587314,91040,19536,1,3072,1,32,4,1,32,0.000,0.000,,,,,NVIDIA GeForce RTX 3090 (0),1,,7,"gemv_kernel_g128(const float4 *, const unsigned int *, const unsigned int *, const __half *, __half *, int, int)"
14772182702,73375,19684,1,1024,1,32,4,1,32,0.000,0.000,,,,,NVIDIA GeForce RTX 3090 (0),1,,7,"gemv_kernel_g128(const float4 *, const unsigned int *, const unsigned int *, const __half *, __half *, int, int)"
14772277773,66304,19690,1,2752,1,32,4,1,32,0.000,0.000,,,,,NVIDIA GeForce RTX 3090 (0),1,,7,"gemv_kernel_g128(const float4 *, const unsigned int *, const unsigned int *, const __half *, __half *, int, int)"
14772345549,66016,19692,1,2752,1,32,4,1,32,0.000,0.000,,,,,NVIDIA GeForce RTX 3090 (0),1,,7,"gemv_kernel_g128(const float4 *, const unsigned int *, const unsigned int *, const __half *, __half *, int, int)"
14772416685,39008,19696,1,1024,1,32,4,1,32,0.000,0.000,,,,,NVIDIA GeForce RTX 3090 (0),1,,7,"gemv_kernel_g128(const float4 *, const unsigned int *, const unsigned int *, const __half *, __half *, int, int)"
14772476845,97536,19702,1,3072,1,32,4,1,32,0.000,0.000,,,,,NVIDIA GeForce RTX 3090 (0),1,,7,"gemv_kernel_g128(const float4 *, const unsigned int *, const unsigned int *, const __half *, __half *, int, int)"
14774435079,75712,19850,1,1024,1,32,4,1,32,0.000,0.000,,,,,NVIDIA GeForce RTX 3090 (0),1,,7,"gemv_kernel_g128(const float4 *, const unsigned int *, const unsigned int *, const __half *, __half *, int, int)"
14774532359,69024,19856,1,2752,1,32,4,1,32,0.000,0.000,,,,,NVIDIA GeForce RTX 3090 (0),1,,7,"gemv_kernel_g128(const float4 *, const unsigned int *, const unsigned int *, const __half *, __half *, int, int)"
14774602855,67040,19858,1,2752,1,32,4,1,32,0.000,0.000,,,,,NVIDIA GeForce RTX 3090 (0),1,,7,"gemv_kernel_g128(const float4 *, const unsigned int *, const unsigned int *, const __half *, __half *, int, int)"
14774674951,38976,19862,1,1024,1,32,4,1,32,0.000,0.000,,,,,NVIDIA GeForce RTX 3090 (0),1,,7,"gemv_kernel_g128(const float4 *, const unsigned int *, const unsigned int *, const __half *, __half *, int, int)"
14774735143,87647,19868,1,3072,1,32,4,1,32,0.000,0.000,,,,,NVIDIA GeForce RTX 3090 (0),1,,7,"gemv_kernel_g128(const float4 *, const unsigned int *, const unsigned int *, const __half *, __half *, int, int)"
14776383554,72512,20016,1,1024,1,32,4,1,32,0.000,0.000,,,,,NVIDIA GeForce RTX 3090 (0),1,,7,"gemv_kernel_g128(const float4 *, const unsigned int *, const unsigned int *, const __half *, __half *, int, int)"
14776477794,65856,20022,1,2752,1,32,4,1,32,0.000,0.000,,,,,NVIDIA GeForce RTX 3090 (0),1,,7,"gemv_kernel_g128(const float4 *, const unsigned int *, const unsigned int *, const __half *, __half *, int, int)"
14776545058,66111,20024,1,2752,1,32,4,1,32,0.000,0.000,,,,,NVIDIA GeForce RTX 3090 (0),1,,7,"gemv_kernel_g128(const float4 *, const unsigned int *, const unsigned int *, const __half *, __half *, int, int)"
14776615841,36992,20028,1,1024,1,32,4,1,32,0.000,0.000,,,,,NVIDIA GeForce RTX 3090 (0),1,,7,"gemv_kernel_g128(const float4 *, const unsigned int *, const unsigned int *, const __half *, __half *, int, int)"
14776675777,87872,20034,1,3072,1,32,4,1,32,0.000,0.000,,,,,NVIDIA GeForce RTX 3090 (0),1,,7,"gemv_kernel_g128(const float4 *, const unsigned int *, const unsigned int *, const __half *, __half *, int, int)"
14778377053,92927,20182,1,1024,1,32,4,1,32,0.000,0.000,,,,,NVIDIA GeForce RTX 3090 (0),1,,7,"gemv_kernel_g128(const float4 *, const unsigned int *, const unsigned int *, const __half *, __half *, int, int)"
14778494300,100000,20188,1,2752,1,32,4,1,32,0.000,0.000,,,,,NVIDIA GeForce RTX 3090 (0),1,,7,"gemv_kernel_g128(const float4 *, const unsigned int *, const unsigned int *, const __half *, __half *, int, int)"
14778601372,97792,20190,1,2752,1,32,4,1,32,0.000,0.000,,,,,NVIDIA GeForce RTX 3090 (0),1,,7,"gemv_kernel_g128(const float4 *, const unsigned int *, const unsigned int *, const __half *, __half *, int, int)"
14778703932,38784,20194,1,1024,1,32,4,1,32,0.000,0.000,,,,,NVIDIA GeForce RTX 3090 (0),1,,7,"gemv_kernel_g128(const float4 *, const unsigned int *, const unsigned int *, const __half *, __half *, int, int)"
14778764219,108160,20200,1,3072,1,32,4,1,32,0.000,0.000,,,,,NVIDIA GeForce RTX 3090 (0),1,,7,"gemv_kernel_g128(const float4 *, const unsigned int *, const unsigned int *, const __half *, __half *, int, int)"
14780571894,74528,20348,1,1024,1,32,4,1,32,0.000,0.000,,,,,NVIDIA GeForce RTX 3090 (0),1,,7,"gemv_kernel_g128(const float4 *, const unsigned int *, const unsigned int *, const __half *, __half *, int, int)"
14780668662,69280,20354,1,2752,1,32,4,1,32,0.000,0.000,,,,,NVIDIA GeForce RTX 3090 (0),1,,7,"gemv_kernel_g128(const float4 *, const unsigned int *, const unsigned int *, const __half *, __half *, int, int)"
14780739414,68640,20356,1,2752,1,32,4,1,32,0.000,0.000,,,,,NVIDIA GeForce RTX 3090 (0),1,,7,"gemv_kernel_g128(const float4 *, const unsigned int *, const unsigned int *, const __half *, __half *, int, int)"
14780813270,37376,20360,1,1024,1,32,4,1,32,0.000,0.000,,,,,NVIDIA GeForce RTX 3090 (0),1,,7,"gemv_kernel_g128(const float4 *, const unsigned int *, const unsigned int *, const __half *, __half *, int, int)"
14780872310,97631,20366,1,3072,1,32,4,1,32,0.000,0.000,,,,,NVIDIA GeForce RTX 3090 (0),1,,7,"gemv_kernel_g128(const float4 *, const unsigned int *, const unsigned int *, const __half *, __half *, int, int)"
14782802704,78176,20514,1,1024,1,32,4,1,32,0.000,0.000,,,,,NVIDIA GeForce RTX 3090 (0),1,,7,"gemv_kernel_g128(const float4 *, const unsigned int *, const unsigned int *, const __half *, __half *, int, int)"
14782902288,73824,20520,1,2752,1,32,4,1,32,0.000,0.000,,,,,NVIDIA GeForce RTX 3090 (0),1,,7,"gemv_kernel_g128(const float4 *, const unsigned int *, const unsigned int *, const __half *, __half *, int, int)"
14782977520,68448,20522,1,2752,1,32,4,1,32,0.000,0.000,,,,,NVIDIA GeForce RTX 3090 (0),1,,7,"gemv_kernel_g128(const float4 *, const unsigned int *, const unsigned int *, const __half *, __half *, int, int)"
14783051088,36512,20526,1,1024,1,32,4,1,32,0.000,0.000,,,,,NVIDIA GeForce RTX 3090 (0),1,,7,"gemv_kernel_g128(const float4 *, const unsigned int *, const unsigned int *, const __half *, __half *, int, int)"
14783108655,91232,20532,1,3072,1,32,4,1,32,0.000,0.000,,,,,NVIDIA GeForce RTX 3090 (0),1,,7,"gemv_kernel_g128(const float4 *, const unsigned int *, const unsigned int *, const __half *, __half *, int, int)"
14785133162,81600,20680,1,1024,1,32,4,1,32,0.000,0.000,,,,,NVIDIA GeForce RTX 3090 (0),1,,7,"gemv_kernel_g128(const float4 *, const unsigned int *, const unsigned int *, const __half *, __half *, int, int)"
14785240266,74943,20686,1,2752,1,32,4,1,32,0.000,0.000,,,,,NVIDIA GeForce RTX 3090 (0),1,,7,"gemv_kernel_g128(const float4 *, const unsigned int *, const unsigned int *, const __half *, __half *, int, int)"
14785316617,76640,20688,1,2752,1,32,4,1,32,0.000,0.000,,,,,NVIDIA GeForce RTX 3090 (0),1,,7,"gemv_kernel_g128(const float4 *, const unsigned int *, const unsigned int *, const __half *, __half *, int, int)"
14785397929,38560,20692,1,1024,1,32,4,1,32,0.000,0.000,,,,,NVIDIA GeForce RTX 3090 (0),1,,7,"gemv_kernel_g128(const float4 *, const unsigned int *, const unsigned int *, const __half *, __half *, int, int)"
14785457961,107360,20698,1,3072,1,32,4,1,32,0.000,0.000,,,,,NVIDIA GeForce RTX 3090 (0),1,,7,"gemv_kernel_g128(const float4 *, const unsigned int *, const unsigned int *, const __half *, __half *, int, int)"
14787510275,77856,20846,1,1024,1,32,4,1,32,0.000,0.000,,,,,NVIDIA GeForce RTX 3090 (0),1,,7,"gemv_kernel_g128(const float4 *, const unsigned int *, const unsigned int *, const __half *, __half *, int, int)"
14787609891,75744,20852,1,2752,1,32,4,1,32,0.000,0.000,,,,,NVIDIA GeForce RTX 3090 (0),1,,7,"gemv_kernel_g128(const float4 *, const unsigned int *, const unsigned int *, const __half *, __half *, int, int)"
14787687619,72608,20854,1,2752,1,32,4,1,32,0.000,0.000,,,,,NVIDIA GeForce RTX 3090 (0),1,,7,"gemv_kernel_g128(const float4 *, const unsigned int *, const unsigned int *, const __half *, __half *, int, int)"
14787764867,38335,20858,1,1024,1,32,4,1,32,0.000,0.000,,,,,NVIDIA GeForce RTX 3090 (0),1,,7,"gemv_kernel_g128(const float4 *, const unsigned int *, const unsigned int *, const __half *, __half *, int, int)"
14787824898,106848,20864,1,3072,1,32,4,1,32,0.000,0.000,,,,,NVIDIA GeForce RTX 3090 (0),1,,7,"gemv_kernel_g128(const float4 *, const unsigned int *, const unsigned int *, const __half *, __half *, int, int)"
14790166364,80832,21012,1,1024,1,32,4,1,32,0.000,0.000,,,,,NVIDIA GeForce RTX 3090 (0),1,,7,"gemv_kernel_g128(const float4 *, const unsigned int *, const unsigned int *, const __half *, __half *, int, int)"
14790270524,72127,21018,1,2752,1,32,4,1,32,0.000,0.000,,,,,NVIDIA GeForce RTX 3090 (0),1,,7,"gemv_kernel_g128(const float4 *, const unsigned int *, const unsigned int *, const __half *, __half *, int, int)"
14790344059,74784,21020,1,2752,1,32,4,1,32,0.000,0.000,,,,,NVIDIA GeForce RTX 3090 (0),1,,7,"gemv_kernel_g128(const float4 *, const unsigned int *, const unsigned int *, const __half *, __half *, int, int)"
14790423963,37056,21024,1,1024,1,32,4,1,32,0.000,0.000,,,,,NVIDIA GeForce RTX 3090 (0),1,,7,"gemv_kernel_g128(const float4 *, const unsigned int *, const unsigned int *, const __half *, __half *, int, int)"
14790482651,100192,21030,1,3072,1,32,4,1,32,0.000,0.000,,,,,NVIDIA GeForce RTX 3090 (0),1,,7,"gemv_kernel_g128(const float4 *, const unsigned int *, const unsigned int *, const __half *, __half *, int, int)"
14792502005,83488,21178,1,1024,1,32,4,1,32,0.000,0.000,,,,,NVIDIA GeForce RTX 3090 (0),1,,7,"gemv_kernel_g128(const float4 *, const unsigned int *, const unsigned int *, const __half *, __half *, int, int)"
14792607797,74112,21184,1,2752,1,32,4,1,32,0.000,0.000,,,,,NVIDIA GeForce RTX 3090 (0),1,,7,"gemv_kernel_g128(const float4 *, const unsigned int *, const unsigned int *, const __half *, __half *, int, int)"
14792683509,72192,21186,1,2752,1,32,4,1,32,0.000,0.000,,,,,NVIDIA GeForce RTX 3090 (0),1,,7,"gemv_kernel_g128(const float4 *, const unsigned int *, const unsigned int *, const __half *, __half *, int, int)"
14792760821,36928,21190,1,1024,1,32,4,1,32,0.000,0.000,,,,,NVIDIA GeForce RTX 3090 (0),1,,7,"gemv_kernel_g128(const float4 *, const unsigned int *, const unsigned int *, const __half *, __half *, int, int)"
14792819669,105759,21196,1,3072,1,32,4,1,32,0.000,0.000,,,,,NVIDIA GeForce RTX 3090 (0),1,,7,"gemv_kernel_g128(const float4 *, const unsigned int *, const unsigned int *, const __half *, __half *, int, int)"
14795059918,96480,21344,1,1024,1,32,4,1,32,0.000,0.000,,,,,NVIDIA GeForce RTX 3090 (0),1,,7,"gemv_kernel_g128(const float4 *, const unsigned int *, const unsigned int *, const __half *, __half *, int, int)"
14795178830,84896,21350,1,2752,1,32,4,1,32,0.000,0.000,,,,,NVIDIA GeForce RTX 3090 (0),1,,7,"gemv_kernel_g128(const float4 *, const unsigned int *, const unsigned int *, const __half *, __half *, int, int)"
14795265198,85344,21352,1,2752,1,32,4,1,32,0.000,0.000,,,,,NVIDIA GeForce RTX 3090 (0),1,,7,"gemv_kernel_g128(const float4 *, const unsigned int *, const unsigned int *, const __half *, __half *, int, int)"
14795355374,37183,21356,1,1024,1,32,4,1,32,0.000,0.000,,,,,NVIDIA GeForce RTX 3090 (0),1,,7,"gemv_kernel_g128(const float4 *, const unsigned int *, const unsigned int *, const __half *, __half *, int, int)"
14795415437,113024,21362,1,3072,1,32,4,1,32,0.000,0.000,,,,,NVIDIA GeForce RTX 3090 (0),1,,7,"gemv_kernel_g128(const float4 *, const unsigned int *, const unsigned int *, const __half *, __half *, int, int)"
14797669415,96864,21510,1,1024,1,32,4,1,32,0.000,0.000,,,,,NVIDIA GeForce RTX 3090 (0),1,,7,"gemv_kernel_g128(const float4 *, const unsigned int *, const unsigned int *, const __half *, __half *, int, int)"
14797789159,81984,21516,1,2752,1,32,4,1,32,0.000,0.000,,,,,NVIDIA GeForce RTX 3090 (0),1,,7,"gemv_kernel_g128(const float4 *, const unsigned int *, const unsigned int *, const __half *, __half *, int, int)"
14797873159,83679,21518,1,2752,1,32,4,1,32,0.000,0.000,,,,,NVIDIA GeForce RTX 3090 (0),1,,7,"gemv_kernel_g128(const float4 *, const unsigned int *, const unsigned int *, const __half *, __half *, int, int)"
14797961766,38784,21522,1,1024,1,32,4,1,32,0.000,0.000,,,,,NVIDIA GeForce RTX 3090 (0),1,,7,"gemv_kernel_g128(const float4 *, const unsigned int *, const unsigned int *, const __half *, __half *, int, int)"
14798023174,106528,21528,1,3072,1,32,4,1,32,0.000,0.000,,,,,NVIDIA GeForce RTX 3090 (0),1,,7,"gemv_kernel_g128(const float4 *, const unsigned int *, const unsigned int *, const __half *, __half *, int, int)"
14800006657,76287,21676,1,1024,1,32,4,1,32,0.000,0.000,,,,,NVIDIA GeForce RTX 3090 (0),1,,7,"gemv_kernel_g128(const float4 *, const unsigned int *, const unsigned int *, const __half *, __half *, int, int)"
14800105056,65600,21682,1,2752,1,32,4,1,32,0.000,0.000,,,,,NVIDIA GeForce RTX 3090 (0),1,,7,"gemv_kernel_g128(const float4 *, const unsigned int *, const unsigned int *, const __half *, __half *, int, int)"
14800172160,67392,21684,1,2752,1,32,4,1,32,0.000,0.000,,,,,NVIDIA GeForce RTX 3090 (0),1,,7,"gemv_kernel_g128(const float4 *, const unsigned int *, const unsigned int *, const __half *, __half *, int, int)"
14800244736,38624,21688,1,1024,1,32,4,1,32,0.000,0.000,,,,,NVIDIA GeForce RTX 3090 (0),1,,7,"gemv_kernel_g128(const float4 *, const unsigned int *, const unsigned int *, const __half *, __half *, int, int)"
14800304864,99040,21694,1,3072,1,32,4,1,32,0.000,0.000,,,,,NVIDIA GeForce RTX 3090 (0),1,,7,"gemv_kernel_g128(const float4 *, const unsigned int *, const unsigned int *, const __half *, __half *, int, int)"
14802173755,79199,21842,1,1024,1,32,4,1,32,0.000,0.000,,,,,NVIDIA GeForce RTX 3090 (0),1,,7,"gemv_kernel_g128(const float4 *, const unsigned int *, const unsigned int *, const __half *, __half *, int, int)"
14802275578,68640,21848,1,2752,1,32,4,1,32,0.000,0.000,,,,,NVIDIA GeForce RTX 3090 (0),1,,7,"gemv_kernel_g128(const float4 *, const unsigned int *, const unsigned int *, const __half *, __half *, int, int)"
14802345690,69472,21850,1,2752,1,32,4,1,32,0.000,0.000,,,,,NVIDIA GeForce RTX 3090 (0),1,,7,"gemv_kernel_g128(const float4 *, const unsigned int *, const unsigned int *, const __half *, __half *, int, int)"
14802420282,37504,21854,1,1024,1,32,4,1,32,0.000,0.000,,,,,NVIDIA GeForce RTX 3090 (0),1,,7,"gemv_kernel_g128(const float4 *, const unsigned int *, const unsigned int *, const __half *, __half *, int, int)"
14802479482,99072,21860,1,3072,1,32,4,1,32,0.000,0.000,,,,,NVIDIA GeForce RTX 3090 (0),1,,7,"gemv_kernel_g128(const float4 *, const unsigned int *, const unsigned int *, const __half *, __half *, int, int)"
14804253621,77024,22008,1,1024,1,32,4,1,32,0.000,0.000,,,,,NVIDIA GeForce RTX 3090 (0),1,,7,"gemv_kernel_g128(const float4 *, const unsigned int *, const unsigned int *, const __half *, __half *, int, int)"
14804352949,65823,22014,1,2752,1,32,4,1,32,0.000,0.000,,,,,NVIDIA GeForce RTX 3090 (0),1,,7,"gemv_kernel_g128(const float4 *, const unsigned int *, const unsigned int *, const __half *, __half *, int, int)"
14804420276,65120,22016,1,2752,1,32,4,1,32,0.000,0.000,,,,,NVIDIA GeForce RTX 3090 (0),1,,7,"gemv_kernel_g128(const float4 *, const unsigned int *, const unsigned int *, const __half *, __half *, int, int)"
14804490100,39104,22020,1,1024,1,32,4,1,32,0.000,0.000,,,,,NVIDIA GeForce RTX 3090 (0),1,,7,"gemv_kernel_g128(const float4 *, const unsigned int *, const unsigned int *, const __half *, __half *, int, int)"
14804550420,90720,22026,1,3072,1,32,4,1,32,0.000,0.000,,,,,NVIDIA GeForce RTX 3090 (0),1,,7,"gemv_kernel_g128(const float4 *, const unsigned int *, const unsigned int *, const __half *, __half *, int, int)"
14806349807,74752,22174,1,1024,1,32,4,1,32,0.000,0.000,,,,,NVIDIA GeForce RTX 3090 (0),1,,7,"gemv_kernel_g128(const float4 *, const unsigned int *, const unsigned int *, const __half *, __half *, int, int)"
14806446511,65984,22180,1,2752,1,32,4,1,32,0.000,0.000,,,,,NVIDIA GeForce RTX 3090 (0),1,,7,"gemv_kernel_g128(const float4 *, const unsigned int *, const unsigned int *, const __half *, __half *, int, int)"
14806514383,65311,22182,1,2752,1,32,4,1,32,0.000,0.000,,,,,NVIDIA GeForce RTX 3090 (0),1,,7,"gemv_kernel_g128(const float4 *, const unsigned int *, const unsigned int *, const __half *, __half *, int, int)"
14806588558,38496,22186,1,1024,1,32,4,1,32,0.000,0.000,,,,,NVIDIA GeForce RTX 3090 (0),1,,7,"gemv_kernel_g128(const float4 *, const unsigned int *, const unsigned int *, const __half *, __half *, int, int)"
14806648366,92736,22192,1,3072,1,32,4,1,32,0.000,0.000,,,,,NVIDIA GeForce RTX 3090 (0),1,,7,"gemv_kernel_g128(const float4 *, const unsigned int *, const unsigned int *, const __half *, __half *, int, int)"
14808441545,77536,22340,1,1024,1,32,4,1,32,0.000,0.000,,,,,NVIDIA GeForce RTX 3090 (0),1,,7,"gemv_kernel_g128(const float4 *, const unsigned int *, const unsigned int *, const __half *, __half *, int, int)"
14808540873,69696,22346,1,2752,1,32,4,1,32,0.000,0.000,,,,,NVIDIA GeForce RTX 3090 (0),1,,7,"gemv_kernel_g128(const float4 *, const unsigned int *, const unsigned int *, const __half *, __half *, int, int)"
14808612041,67648,22348,1,2752,1,32,4,1,32,0.000,0.000,,,,,NVIDIA GeForce RTX 3090 (0),1,,7,"gemv_kernel_g128(const float4 *, const unsigned int *, const unsigned int *, const __half *, __half *, int, int)"
14808684809,36640,22352,1,1024,1,32,4,1,32,0.000,0.000,,,,,NVIDIA GeForce RTX 3090 (0),1,,7,"gemv_kernel_g128(const float4 *, const unsigned int *, const unsigned int *, const __half *, __half *, int, int)"
14808743593,92831,22358,1,3072,1,32,4,1,32,0.000,0.000,,,,,NVIDIA GeForce RTX 3090 (0),1,,7,"gemv_kernel_g128(const float4 *, const unsigned int *, const unsigned int *, const __half *, __half *, int, int)"
14811008866,80064,22506,1,1024,1,32,4,1,32,0.000,0.000,,,,,NVIDIA GeForce RTX 3090 (0),1,,7,"gemv_kernel_g128(const float4 *, const unsigned int *, const unsigned int *, const __half *, __half *, int, int)"
14811111650,73760,22512,1,2752,1,32,4,1,32,0.000,0.000,,,,,NVIDIA GeForce RTX 3090 (0),1,,7,"gemv_kernel_g128(const float4 *, const unsigned int *, const unsigned int *, const __half *, __half *, int, int)"
14811186786,69728,22514,1,2752,1,32,4,1,32,0.000,0.000,,,,,NVIDIA GeForce RTX 3090 (0),1,,7,"gemv_kernel_g128(const float4 *, const unsigned int *, const unsigned int *, const __half *, __half *, int, int)"
14811261922,36927,22518,1,1024,1,32,4,1,32,0.000,0.000,,,,,NVIDIA GeForce RTX 3090 (0),1,,7,"gemv_kernel_g128(const float4 *, const unsigned int *, const unsigned int *, const __half *, __half *, int, int)"
14811320353,92064,22524,1,3072,1,32,4,1,32,0.000,0.000,,,,,NVIDIA GeForce RTX 3090 (0),1,,7,"gemv_kernel_g128(const float4 *, const unsigned int *, const unsigned int *, const __half *, __half *, int, int)"
14813408732,78911,22672,1,1024,1,32,4,1,32,0.000,0.000,,,,,NVIDIA GeForce RTX 3090 (0),1,,7,"gemv_kernel_g128(const float4 *, const unsigned int *, const unsigned int *, const __half *, __half *, int, int)"
14813515803,69600,22678,1,2752,1,32,4,1,32,0.000,0.000,,,,,NVIDIA GeForce RTX 3090 (0),1,,7,"gemv_kernel_g128(const float4 *, const unsigned int *, const unsigned int *, const __half *, __half *, int, int)"
14813586939,77856,22680,1,2752,1,32,4,1,32,0.000,0.000,,,,,NVIDIA GeForce RTX 3090 (0),1,,7,"gemv_kernel_g128(const float4 *, const unsigned int *, const unsigned int *, const __half *, __half *, int, int)"
14813669467,37856,22684,1,1024,1,32,4,1,32,0.000,0.000,,,,,NVIDIA GeForce RTX 3090 (0),1,,7,"gemv_kernel_g128(const float4 *, const unsigned int *, const unsigned int *, const __half *, __half *, int, int)"
14813728891,93055,22690,1,3072,1,32,4,1,32,0.000,0.000,,,,,NVIDIA GeForce RTX 3090 (0),1,,7,"gemv_kernel_g128(const float4 *, const unsigned int *, const unsigned int *, const __half *, __half *, int, int)"
14815679413,75488,22838,1,1024,1,32,4,1,32,0.000,0.000,,,,,NVIDIA GeForce RTX 3090 (0),1,,7,"gemv_kernel_g128(const float4 *, const unsigned int *, const unsigned int *, const __half *, __half *, int, int)"
14815777141,70336,22844,1,2752,1,32,4,1,32,0.000,0.000,,,,,NVIDIA GeForce RTX 3090 (0),1,,7,"gemv_kernel_g128(const float4 *, const unsigned int *, const unsigned int *, const __half *, __half *, int, int)"
14815849301,64768,22846,1,2752,1,32,4,1,32,0.000,0.000,,,,,NVIDIA GeForce RTX 3090 (0),1,,7,"gemv_kernel_g128(const float4 *, const unsigned int *, const unsigned int *, const __half *, __half *, int, int)"
14815919285,38240,22850,1,1024,1,32,4,1,32,0.000,0.000,,,,,NVIDIA GeForce RTX 3090 (0),1,,7,"gemv_kernel_g128(const float4 *, const unsigned int *, const unsigned int *, const __half *, __half *, int, int)"
14815979124,93408,22856,1,3072,1,32,4,1,32,0.000,0.000,,,,,NVIDIA GeForce RTX 3090 (0),1,,7,"gemv_kernel_g128(const float4 *, const unsigned int *, const unsigned int *, const __half *, __half *, int, int)"
14817982159,75488,23004,1,1024,1,32,4,1,32,0.000,0.000,,,,,NVIDIA GeForce RTX 3090 (0),1,,7,"gemv_kernel_g128(const float4 *, const unsigned int *, const unsigned int *, const __half *, __half *, int, int)"
14818079311,65663,23010,1,2752,1,32,4,1,32,0.000,0.000,,,,,NVIDIA GeForce RTX 3090 (0),1,,7,"gemv_kernel_g128(const float4 *, const unsigned int *, const unsigned int *, const __half *, __half *, int, int)"
14818146414,65600,23012,1,2752,1,32,4,1,32,0.000,0.000,,,,,NVIDIA GeForce RTX 3090 (0),1,,7,"gemv_kernel_g128(const float4 *, const unsigned int *, const unsigned int *, const __half *, __half *, int, int)"
14818217230,37120,23016,1,1024,1,32,4,1,32,0.000,0.000,,,,,NVIDIA GeForce RTX 3090 (0),1,,7,"gemv_kernel_g128(const float4 *, const unsigned int *, const unsigned int *, const __half *, __half *, int, int)"
14818275470,91200,23022,1,3072,1,32,4,1,32,0.000,0.000,,,,,NVIDIA GeForce RTX 3090 (0),1,,7,"gemv_kernel_g128(const float4 *, const unsigned int *, const unsigned int *, const __half *, __half *, int, int)"
14820219113,78784,23170,1,1024,1,32,4,1,32,0.000,0.000,,,,,NVIDIA GeForce RTX 3090 (0),1,,7,"gemv_kernel_g128(const float4 *, const unsigned int *, const unsigned int *, const __half *, __half *, int, int)"
14820319048,66784,23176,1,2752,1,32,4,1,32,0.000,0.000,,,,,NVIDIA GeForce RTX 3090 (0),1,,7,"gemv_kernel_g128(const float4 *, const unsigned int *, const unsigned int *, const __half *, __half *, int, int)"
14820387336,66656,23178,1,2752,1,32,4,1,32,0.000,0.000,,,,,NVIDIA GeForce RTX 3090 (0),1,,7,"gemv_kernel_g128(const float4 *, const unsigned int *, const unsigned int *, const __half *, __half *, int, int)"
14820459176,37216,23182,1,1024,1,32,4,1,32,0.000,0.000,,,,,NVIDIA GeForce RTX 3090 (0),1,,7,"gemv_kernel_g128(const float4 *, const unsigned int *, const unsigned int *, const __half *, __half *, int, int)"
14820517192,88320,23188,1,3072,1,32,4,1,32,0.000,0.000,,,,,NVIDIA GeForce RTX 3090 (0),1,,7,"gemv_kernel_g128(const float4 *, const unsigned int *, const unsigned int *, const __half *, __half *, int, int)"
14822463075,78719,23336,1,1024,1,32,4,1,32,0.000,0.000,,,,,NVIDIA GeForce RTX 3090 (0),1,,7,"gemv_kernel_g128(const float4 *, const unsigned int *, const unsigned int *, const __half *, __half *, int, int)"
14822564546,67264,23342,1,2752,1,32,4,1,32,0.000,0.000,,,,,NVIDIA GeForce RTX 3090 (0),1,,7,"gemv_kernel_g128(const float4 *, const unsigned int *, const unsigned int *, const __half *, __half *, int, int)"
14822633186,72512,23344,1,2752,1,32,4,1,32,0.000,0.000,,,,,NVIDIA GeForce RTX 3090 (0),1,,7,"gemv_kernel_g128(const float4 *, const unsigned int *, const unsigned int *, const __half *, __half *, int, int)"
14822710530,37440,23348,1,1024,1,32,4,1,32,0.000,0.000,,,,,NVIDIA GeForce RTX 3090 (0),1,,7,"gemv_kernel_g128(const float4 *, const unsigned int *, const unsigned int *, const __half *, __half *, int, int)"
14822769474,94015,23354,1,3072,1,32,4,1,32,0.000,0.000,,,,,NVIDIA GeForce RTX 3090 (0),1,,7,"gemv_kernel_g128(const float4 *, const unsigned int *, const unsigned int *, const __half *, __half *, int, int)"
14824806012,104000,23502,1,1024,1,32,4,1,32,0.000,0.000,,,,,NVIDIA GeForce RTX 3090 (0),1,,7,"gemv_kernel_g128(const float4 *, const unsigned int *, const unsigned int *, const __half *, __half *, int, int)"
14824932604,90303,23508,1,2752,1,32,4,1,32,0.000,0.000,,,,,NVIDIA GeForce RTX 3090 (0),1,,7,"gemv_kernel_g128(const float4 *, const unsigned int *, const unsigned int *, const __half *, __half *, int, int)"
14825025275,78144,23510,1,2752,1,32,4,1,32,0.000,0.000,,,,,NVIDIA GeForce RTX 3090 (0),1,,7,"gemv_kernel_g128(const float4 *, const unsigned int *, const unsigned int *, const __half *, __half *, int, int)"
14825108155,37888,23514,1,1024,1,32,4,1,32,0.000,0.000,,,,,NVIDIA GeForce RTX 3090 (0),1,,7,"gemv_kernel_g128(const float4 *, const unsigned int *, const unsigned int *, const __half *, __half *, int, int)"
14825167451,98080,23520,1,3072,1,32,4,1,32,0.000,0.000,,,,,NVIDIA GeForce RTX 3090 (0),1,,7,"gemv_kernel_g128(const float4 *, const unsigned int *, const unsigned int *, const __half *, __half *, int, int)"
14827430069,87808,23668,1,1024,1,32,4,1,32,0.000,0.000,,,,,NVIDIA GeForce RTX 3090 (0),1,,7,"gemv_kernel_g128(const float4 *, const unsigned int *, const unsigned int *, const __half *, __half *, int, int)"
14827540244,76608,23674,1,2752,1,32,4,1,32,0.000,0.000,,,,,NVIDIA GeForce RTX 3090 (0),1,,7,"gemv_kernel_g128(const float4 *, const unsigned int *, const unsigned int *, const __half *, __half *, int, int)"
14827618324,79520,23676,1,2752,1,32,4,1,32,0.000,0.000,,,,,NVIDIA GeForce RTX 3090 (0),1,,7,"gemv_kernel_g128(const float4 *, const unsigned int *, const unsigned int *, const __half *, __half *, int, int)"
14827703284,36928,23680,1,1024,1,32,4,1,32,0.000,0.000,,,,,NVIDIA GeForce RTX 3090 (0),1,,7,"gemv_kernel_g128(const float4 *, const unsigned int *, const unsigned int *, const __half *, __half *, int, int)"
14827761300,105664,23686,1,3072,1,32,4,1,32,0.000,0.000,,,,,NVIDIA GeForce RTX 3090 (0),1,,7,"gemv_kernel_g128(const float4 *, const unsigned int *, const unsigned int *, const __half *, __half *, int, int)"
14829835022,87904,23834,1,1024,1,32,4,1,32,0.000,0.000,,,,,NVIDIA GeForce RTX 3090 (0),1,,7,"gemv_kernel_g128(const float4 *, const unsigned int *, const unsigned int *, const __half *, __half *, int, int)"
14829945390,84896,23840,1,2752,1,32,4,1,32,0.000,0.000,,,,,NVIDIA GeForce RTX 3090 (0),1,,7,"gemv_kernel_g128(const float4 *, const unsigned int *, const unsigned int *, const __half *, __half *, int, int)"
14830031790,86847,23842,1,2752,1,32,4,1,32,0.000,0.000,,,,,NVIDIA GeForce RTX 3090 (0),1,,7,"gemv_kernel_g128(const float4 *, const unsigned int *, const unsigned int *, const __half *, __half *, int, int)"
14830123821,38624,23846,1,1024,1,32,4,1,32,0.000,0.000,,,,,NVIDIA GeForce RTX 3090 (0),1,,7,"gemv_kernel_g128(const float4 *, const unsigned int *, const unsigned int *, const __half *, __half *, int, int)"
14830183661,632254,23852,1,8000,1,32,4,1,32,0.000,0.000,,,,,NVIDIA GeForce RTX 3090 (0),1,,7,"gemv_kernel_g128(const float4 *, const unsigned int *, const unsigned int *, const __half *, __half *, int, int)"
14862100533,115520,23866,1,3072,1,32,4,1,32,0.000,0.000,,,,,NVIDIA GeForce RTX 3090 (0),1,,7,"gemv_kernel_g128(const float4 *, const unsigned int *, const unsigned int *, const __half *, __half *, int, int)"
14864190575,80224,24014,1,1024,1,32,4,1,32,0.000,0.000,,,,,NVIDIA GeForce RTX 3090 (0),1,,7,"gemv_kernel_g128(const float4 *, const unsigned int *, const unsigned int *, const __half *, __half *, int, int)"
14864293455,76864,24020,1,2752,1,32,4,1,32,0.000,0.000,,,,,NVIDIA GeForce RTX 3090 (0),1,,7,"gemv_kernel_g128(const float4 *, const unsigned int *, const unsigned int *, const __half *, __half *, int, int)"
14864371791,73759,24022,1,2752,1,32,4,1,32,0.000,0.000,,,,,NVIDIA GeForce RTX 3090 (0),1,,7,"gemv_kernel_g128(const float4 *, const unsigned int *, const unsigned int *, const __half *, __half *, int, int)"
14864450926,36480,24026,1,1024,1,32,4,1,32,0.000,0.000,,,,,NVIDIA GeForce RTX 3090 (0),1,,7,"gemv_kernel_g128(const float4 *, const unsigned int *, const unsigned int *, const __half *, __half *, int, int)"
14864508878,105376,24032,1,3072,1,32,4,1,32,0.000,0.000,,,,,NVIDIA GeForce RTX 3090 (0),1,,7,"gemv_kernel_g128(const float4 *, const unsigned int *, const unsigned int *, const __half *, __half *, int, int)"
14866479113,79935,24180,1,1024,1,32,4,1,32,0.000,0.000,,,,,NVIDIA GeForce RTX 3090 (0),1,,7,"gemv_kernel_g128(const float4 *, const unsigned int *, const unsigned int *, const __half *, __half *, int, int)"
14866581928,74080,24186,1,2752,1,32,4,1,32,0.000,0.000,,,,,NVIDIA GeForce RTX 3090 (0),1,,7,"gemv_kernel_g128(const float4 *, const unsigned int *, const unsigned int *, const __half *, __half *, int, int)"
14866657480,74848,24188,1,2752,1,32,4,1,32,0.000,0.000,,,,,NVIDIA GeForce RTX 3090 (0),1,,7,"gemv_kernel_g128(const float4 *, const unsigned int *, const unsigned int *, const __half *, __half *, int, int)"
14866736968,37600,24192,1,1024,1,32,4,1,32,0.000,0.000,,,,,NVIDIA GeForce RTX 3090 (0),1,,7,"gemv_kernel_g128(const float4 *, const unsigned int *, const unsigned int *, const __half *, __half *, int, int)"
14866796744,96128,24198,1,3072,1,32,4,1,32,0.000,0.000,,,,,NVIDIA GeForce RTX 3090 (0),1,,7,"gemv_kernel_g128(const float4 *, const unsigned int *, const unsigned int *, const __half *, __half *, int, int)"
14868867426,85824,24346,1,1024,1,32,4,1,32,0.000,0.000,,,,,NVIDIA GeForce RTX 3090 (0),1,,7,"gemv_kernel_g128(const float4 *, const unsigned int *, const unsigned int *, const __half *, __half *, int, int)"
14868976066,84416,24352,1,2752,1,32,4,1,32,0.000,0.000,,,,,NVIDIA GeForce RTX 3090 (0),1,,7,"gemv_kernel_g128(const float4 *, const unsigned int *, const unsigned int *, const __half *, __half *, int, int)"
14869062466,97055,24354,1,2752,1,32,4,1,32,0.000,0.000,,,,,NVIDIA GeForce RTX 3090 (0),1,,7,"gemv_kernel_g128(const float4 *, const unsigned int *, const unsigned int *, const __half *, __half *, int, int)"
14869164129,37248,24358,1,1024,1,32,4,1,32,0.000,0.000,,,,,NVIDIA GeForce RTX 3090 (0),1,,7,"gemv_kernel_g128(const float4 *, const unsigned int *, const unsigned int *, const __half *, __half *, int, int)"
14869223201,100992,24364,1,3072,1,32,4,1,32,0.000,0.000,,,,,NVIDIA GeForce RTX 3090 (0),1,,7,"gemv_kernel_g128(const float4 *, const unsigned int *, const unsigned int *, const __half *, __half *, int, int)"
14871431227,99488,24512,1,1024,1,32,4,1,32,0.000,0.000,,,,,NVIDIA GeForce RTX 3090 (0),1,,7,"gemv_kernel_g128(const float4 *, const unsigned int *, const unsigned int *, const __half *, __half *, int, int)"
14871554011,91775,24518,1,2752,1,32,4,1,32,0.000,0.000,,,,,NVIDIA GeForce RTX 3090 (0),1,,7,"gemv_kernel_g128(const float4 *, const unsigned int *, const unsigned int *, const __half *, __half *, int, int)"
14871647226,89088,24520,1,2752,1,32,4,1,32,0.000,0.000,,,,,NVIDIA GeForce RTX 3090 (0),1,,7,"gemv_kernel_g128(const float4 *, const unsigned int *, const unsigned int *, const __half *, __half *, int, int)"
14871741818,38080,24524,1,1024,1,32,4,1,32,0.000,0.000,,,,,NVIDIA GeForce RTX 3090 (0),1,,7,"gemv_kernel_g128(const float4 *, const unsigned int *, const unsigned int *, const __half *, __half *, int, int)"
14871801786,116608,24530,1,3072,1,32,4,1,32,0.000,0.000,,,,,NVIDIA GeForce RTX 3090 (0),1,,7,"gemv_kernel_g128(const float4 *, const unsigned int *, const unsigned int *, const __half *, __half *, int, int)"
14873827924,88000,24678,1,1024,1,32,4,1,32,0.000,0.000,,,,,NVIDIA GeForce RTX 3090 (0),1,,7,"gemv_kernel_g128(const float4 *, const unsigned int *, const unsigned int *, const __half *, __half *, int, int)"
14873938740,71968,24684,1,2752,1,32,4,1,32,0.000,0.000,,,,,NVIDIA GeForce RTX 3090 (0),1,,7,"gemv_kernel_g128(const float4 *, const unsigned int *, const unsigned int *, const __half *, __half *, int, int)"
14874012212,74816,24686,1,2752,1,32,4,1,32,0.000,0.000,,,,,NVIDIA GeForce RTX 3090 (0),1,,7,"gemv_kernel_g128(const float4 *, const unsigned int *, const unsigned int *, const __half *, __half *, int, int)"
14874092340,38336,24690,1,1024,1,32,4,1,32,0.000,0.000,,,,,NVIDIA GeForce RTX 3090 (0),1,,7,"gemv_kernel_g128(const float4 *, const unsigned int *, const unsigned int *, const __half *, __half *, int, int)"
14874152403,102688,24696,1,3072,1,32,4,1,32,0.000,0.000,,,,,NVIDIA GeForce RTX 3090 (0),1,,7,"gemv_kernel_g128(const float4 *, const unsigned int *, const unsigned int *, const __half *, __half *, int, int)"
14876138414,93216,24844,1,1024,1,32,4,1,32,0.000,0.000,,,,,NVIDIA GeForce RTX 3090 (0),1,,7,"gemv_kernel_g128(const float4 *, const unsigned int *, const unsigned int *, const __half *, __half *, int, int)"
14876254798,81311,24850,1,2752,1,32,4,1,32,0.000,0.000,,,,,NVIDIA GeForce RTX 3090 (0),1,,7,"gemv_kernel_g128(const float4 *, const unsigned int *, const unsigned int *, const __half *, __half *, int, int)"
14876337549,80992,24852,1,2752,1,32,4,1,32,0.000,0.000,,,,,NVIDIA GeForce RTX 3090 (0),1,,7,"gemv_kernel_g128(const float4 *, const unsigned int *, const unsigned int *, const __half *, __half *, int, int)"
14876423437,38112,24856,1,1024,1,32,4,1,32,0.000,0.000,,,,,NVIDIA GeForce RTX 3090 (0),1,,7,"gemv_kernel_g128(const float4 *, const unsigned int *, const unsigned int *, const __half *, __half *, int, int)"
14876483085,110080,24862,1,3072,1,32,4,1,32,0.000,0.000,,,,,NVIDIA GeForce RTX 3090 (0),1,,7,"gemv_kernel_g128(const float4 *, const unsigned int *, const unsigned int *, const __half *, __half *, int, int)"
14878828551,86303,25010,1,1024,1,32,4,1,32,0.000,0.000,,,,,NVIDIA GeForce RTX 3090 (0),1,,7,"gemv_kernel_g128(const float4 *, const unsigned int *, const unsigned int *, const __half *, __half *, int, int)"
14878937510,75264,25016,1,2752,1,32,4,1,32,0.000,0.000,,,,,NVIDIA GeForce RTX 3090 (0),1,,7,"gemv_kernel_g128(const float4 *, const unsigned int *, const unsigned int *, const __half *, __half *, int, int)"
14879014726,76000,25018,1,2752,1,32,4,1,32,0.000,0.000,,,,,NVIDIA GeForce RTX 3090 (0),1,,7,"gemv_kernel_g128(const float4 *, const unsigned int *, const unsigned int *, const __half *, __half *, int, int)"
14879095558,37120,25022,1,1024,1,32,4,1,32,0.000,0.000,,,,,NVIDIA GeForce RTX 3090 (0),1,,7,"gemv_kernel_g128(const float4 *, const unsigned int *, const unsigned int *, const __half *, __half *, int, int)"
14879158694,100383,25028,1,3072,1,32,4,1,32,0.000,0.000,,,,,NVIDIA GeForce RTX 3090 (0),1,,7,"gemv_kernel_g128(const float4 *, const unsigned int *, const unsigned int *, const __half *, __half *, int, int)"
14881646207,87583,25176,1,1024,1,32,4,1,32,0.000,0.000,,,,,NVIDIA GeForce RTX 3090 (0),1,,7,"gemv_kernel_g128(const float4 *, const unsigned int *, const unsigned int *, const __half *, __half *, int, int)"
14881755902,78880,25182,1,2752,1,32,4,1,32,0.000,0.000,,,,,NVIDIA GeForce RTX 3090 (0),1,,7,"gemv_kernel_g128(const float4 *, const unsigned int *, const unsigned int *, const __half *, __half *, int, int)"
14881836254,77728,25184,1,2752,1,32,4,1,32,0.000,0.000,,,,,NVIDIA GeForce RTX 3090 (0),1,,7,"gemv_kernel_g128(const float4 *, const unsigned int *, const unsigned int *, const __half *, __half *, int, int)"
14881919166,38624,25188,1,1024,1,32,4,1,32,0.000,0.000,,,,,NVIDIA GeForce RTX 3090 (0),1,,7,"gemv_kernel_g128(const float4 *, const unsigned int *, const unsigned int *, const __half *, __half *, int, int)"
14881979326,105760,25194,1,3072,1,32,4,1,32,0.000,0.000,,,,,NVIDIA GeForce RTX 3090 (0),1,,7,"gemv_kernel_g128(const float4 *, const unsigned int *, const unsigned int *, const __half *, __half *, int, int)"
14884200728,83327,25342,1,1024,1,32,4,1,32,0.000,0.000,,,,,NVIDIA GeForce RTX 3090 (0),1,,7,"gemv_kernel_g128(const float4 *, const unsigned int *, const unsigned int *, const __half *, __half *, int, int)"
14884306359,73216,25348,1,2752,1,32,4,1,32,0.000,0.000,,,,,NVIDIA GeForce RTX 3090 (0),1,,7,"gemv_kernel_g128(const float4 *, const unsigned int *, const unsigned int *, const __half *, __half *, int, int)"
14884380983,76096,25350,1,2752,1,32,4,1,32,0.000,0.000,,,,,NVIDIA GeForce RTX 3090 (0),1,,7,"gemv_kernel_g128(const float4 *, const unsigned int *, const unsigned int *, const __half *, __half *, int, int)"
14884462231,38432,25354,1,1024,1,32,4,1,32,0.000,0.000,,,,,NVIDIA GeForce RTX 3090 (0),1,,7,"gemv_kernel_g128(const float4 *, const unsigned int *, const unsigned int *, const __half *, __half *, int, int)"
14884521879,95903,25360,1,3072,1,32,4,1,32,0.000,0.000,,,,,NVIDIA GeForce RTX 3090 (0),1,,7,"gemv_kernel_g128(const float4 *, const unsigned int *, const unsigned int *, const __half *, __half *, int, int)"
14886860624,91200,25508,1,1024,1,32,4,1,32,0.000,0.000,,,,,NVIDIA GeForce RTX 3090 (0),1,,7,"gemv_kernel_g128(const float4 *, const unsigned int *, const unsigned int *, const __half *, __half *, int, int)"
14886973872,84128,25514,1,2752,1,32,4,1,32,0.000,0.000,,,,,NVIDIA GeForce RTX 3090 (0),1,,7,"gemv_kernel_g128(const float4 *, const unsigned int *, const unsigned int *, const __half *, __half *, int, int)"
14887059536,87391,25516,1,2752,1,32,4,1,32,0.000,0.000,,,,,NVIDIA GeForce RTX 3090 (0),1,,7,"gemv_kernel_g128(const float4 *, const unsigned int *, const unsigned int *, const __half *, __half *, int, int)"
14887151695,37824,25520,1,1024,1,32,4,1,32,0.000,0.000,,,,,NVIDIA GeForce RTX 3090 (0),1,,7,"gemv_kernel_g128(const float4 *, const unsigned int *, const unsigned int *, const __half *, __half *, int, int)"
14887211599,116352,25526,1,3072,1,32,4,1,32,0.000,0.000,,,,,NVIDIA GeForce RTX 3090 (0),1,,7,"gemv_kernel_g128(const float4 *, const unsigned int *, const unsigned int *, const __half *, __half *, int, int)"
14889424169,81120,25674,1,1024,1,32,4,1,32,0.000,0.000,,,,,NVIDIA GeForce RTX 3090 (0),1,,7,"gemv_kernel_g128(const float4 *, const unsigned int *, const unsigned int *, const __half *, __half *, int, int)"
14889528329,78368,25680,1,2752,1,32,4,1,32,0.000,0.000,,,,,NVIDIA GeForce RTX 3090 (0),1,,7,"gemv_kernel_g128(const float4 *, const unsigned int *, const unsigned int *, const __half *, __half *, int, int)"
14889608681,80383,25682,1,2752,1,32,4,1,32,0.000,0.000,,,,,NVIDIA GeForce RTX 3090 (0),1,,7,"gemv_kernel_g128(const float4 *, const unsigned int *, const unsigned int *, const __half *, __half *, int, int)"
14889693800,37088,25686,1,1024,1,32,4,1,32,0.000,0.000,,,,,NVIDIA GeForce RTX 3090 (0),1,,7,"gemv_kernel_g128(const float4 *, const unsigned int *, const unsigned int *, const __half *, __half *, int, int)"
14889754760,107552,25692,1,3072,1,32,4,1,32,0.000,0.000,,,,,NVIDIA GeForce RTX 3090 (0),1,,7,"gemv_kernel_g128(const float4 *, const unsigned int *, const unsigned int *, const __half *, __half *, int, int)"
14892025570,87584,25840,1,1024,1,32,4,1,32,0.000,0.000,,,,,NVIDIA GeForce RTX 3090 (0),1,,7,"gemv_kernel_g128(const float4 *, const unsigned int *, const unsigned int *, const __half *, __half *, int, int)"
14892135554,74623,25846,1,2752,1,32,4,1,32,0.000,0.000,,,,,NVIDIA GeForce RTX 3090 (0),1,,7,"gemv_kernel_g128(const float4 *, const unsigned int *, const unsigned int *, const __half *, __half *, int, int)"
14892211617,72896,25848,1,2752,1,32,4,1,32,0.000,0.000,,,,,NVIDIA GeForce RTX 3090 (0),1,,7,"gemv_kernel_g128(const float4 *, const unsigned int *, const unsigned int *, const __half *, __half *, int, int)"
14892289825,37248,25852,1,1024,1,32,4,1,32,0.000,0.000,,,,,NVIDIA GeForce RTX 3090 (0),1,,7,"gemv_kernel_g128(const float4 *, const unsigned int *, const unsigned int *, const __half *, __half *, int, int)"
14892348225,99072,25858,1,3072,1,32,4,1,32,0.000,0.000,,,,,NVIDIA GeForce RTX 3090 (0),1,,7,"gemv_kernel_g128(const float4 *, const unsigned int *, const unsigned int *, const __half *, __half *, int, int)"
14894664923,93503,26006,1,1024,1,32,4,1,32,0.000,0.000,,,,,NVIDIA GeForce RTX 3090 (0),1,,7,"gemv_kernel_g128(const float4 *, const unsigned int *, const unsigned int *, const __half *, __half *, int, int)"
14894782170,86080,26012,1,2752,1,32,4,1,32,0.000,0.000,,,,,NVIDIA GeForce RTX 3090 (0),1,,7,"gemv_kernel_g128(const float4 *, const unsigned int *, const unsigned int *, const __half *, __half *, int, int)"
14894869722,76800,26014,1,2752,1,32,4,1,32,0.000,0.000,,,,,NVIDIA GeForce RTX 3090 (0),1,,7,"gemv_kernel_g128(const float4 *, const unsigned int *, const unsigned int *, const __half *, __half *, int, int)"
14894951802,38016,26018,1,1024,1,32,4,1,32,0.000,0.000,,,,,NVIDIA GeForce RTX 3090 (0),1,,7,"gemv_kernel_g128(const float4 *, const unsigned int *, const unsigned int *, const __half *, __half *, int, int)"
14895011098,107871,26024,1,3072,1,32,4,1,32,0.000,0.000,,,,,NVIDIA GeForce RTX 3090 (0),1,,7,"gemv_kernel_g128(const float4 *, const unsigned int *, const unsigned int *, const __half *, __half *, int, int)"
14897356851,82144,26172,1,1024,1,32,4,1,32,0.000,0.000,,,,,NVIDIA GeForce RTX 3090 (0),1,,7,"gemv_kernel_g128(const float4 *, const unsigned int *, const unsigned int *, const __half *, __half *, int, int)"
14897462099,82944,26178,1,2752,1,32,4,1,32,0.000,0.000,,,,,NVIDIA GeForce RTX 3090 (0),1,,7,"gemv_kernel_g128(const float4 *, const unsigned int *, const unsigned int *, const __half *, __half *, int, int)"
14897546451,79007,26180,1,2752,1,32,4,1,32,0.000,0.000,,,,,NVIDIA GeForce RTX 3090 (0),1,,7,"gemv_kernel_g128(const float4 *, const unsigned int *, const unsigned int *, const __half *, __half *, int, int)"
14897630322,39136,26184,1,1024,1,32,4,1,32,0.000,0.000,,,,,NVIDIA GeForce RTX 3090 (0),1,,7,"gemv_kernel_g128(const float4 *, const unsigned int *, const unsigned int *, const __half *, __half *, int, int)"
14897691122,103040,26190,1,3072,1,32,4,1,32,0.000,0.000,,,,,NVIDIA GeForce RTX 3090 (0),1,,7,"gemv_kernel_g128(const float4 *, const unsigned int *, const unsigned int *, const __half *, __half *, int, int)"
14899903148,82304,26338,1,1024,1,32,4,1,32,0.000,0.000,,,,,NVIDIA GeForce RTX 3090 (0),1,,7,"gemv_kernel_g128(const float4 *, const unsigned int *, const unsigned int *, const __half *, __half *, int, int)"
14900007596,76480,26344,1,2752,1,32,4,1,32,0.000,0.000,,,,,NVIDIA GeForce RTX 3090 (0),1,,7,"gemv_kernel_g128(const float4 *, const unsigned int *, const unsigned int *, const __half *, __half *, int, int)"
14900085964,75583,26346,1,2752,1,32,4,1,32,0.000,0.000,,,,,NVIDIA GeForce RTX 3090 (0),1,,7,"gemv_kernel_g128(const float4 *, const unsigned int *, const unsigned int *, const __half *, __half *, int, int)"
14900166187,37312,26350,1,1024,1,32,4,1,32,0.000,0.000,,,,,NVIDIA GeForce RTX 3090 (0),1,,7,"gemv_kernel_g128(const float4 *, const unsigned int *, const unsigned int *, const __half *, __half *, int, int)"
14900224875,96384,26356,1,3072,1,32,4,1,32,0.000,0.000,,,,,NVIDIA GeForce RTX 3090 (0),1,,7,"gemv_kernel_g128(const float4 *, const unsigned int *, const unsigned int *, const __half *, __half *, int, int)"
14902590853,89568,26504,1,1024,1,32,4,1,32,0.000,0.000,,,,,NVIDIA GeForce RTX 3090 (0),1,,7,"gemv_kernel_g128(const float4 *, const unsigned int *, const unsigned int *, const __half *, __half *, int, int)"
14902704516,91136,26510,1,2752,1,32,4,1,32,0.000,0.000,,,,,NVIDIA GeForce RTX 3090 (0),1,,7,"gemv_kernel_g128(const float4 *, const unsigned int *, const unsigned int *, const __half *, __half *, int, int)"
14902797476,85600,26512,1,2752,1,32,4,1,32,0.000,0.000,,,,,NVIDIA GeForce RTX 3090 (0),1,,7,"gemv_kernel_g128(const float4 *, const unsigned int *, const unsigned int *, const __half *, __half *, int, int)"
14902888324,36544,26516,1,1024,1,32,4,1,32,0.000,0.000,,,,,NVIDIA GeForce RTX 3090 (0),1,,7,"gemv_kernel_g128(const float4 *, const unsigned int *, const unsigned int *, const __half *, __half *, int, int)"
14902947620,115935,26522,1,3072,1,32,4,1,32,0.000,0.000,,,,,NVIDIA GeForce RTX 3090 (0),1,,7,"gemv_kernel_g128(const float4 *, const unsigned int *, const unsigned int *, const __half *, __half *, int, int)"
14905314877,87744,26670,1,1024,1,32,4,1,32,0.000,0.000,,,,,NVIDIA GeForce RTX 3090 (0),1,,7,"gemv_kernel_g128(const float4 *, const unsigned int *, const unsigned int *, const __half *, __half *, int, int)"
14905425885,78048,26676,1,2752,1,32,4,1,32,0.000,0.000,,,,,NVIDIA GeForce RTX 3090 (0),1,,7,"gemv_kernel_g128(const float4 *, const unsigned int *, const unsigned int *, const __half *, __half *, int, int)"
14905505341,77759,26678,1,2752,1,32,4,1,32,0.000,0.000,,,,,NVIDIA GeForce RTX 3090 (0),1,,7,"gemv_kernel_g128(const float4 *, const unsigned int *, const unsigned int *, const __half *, __half *, int, int)"
14905588284,37728,26682,1,1024,1,32,4,1,32,0.000,0.000,,,,,NVIDIA GeForce RTX 3090 (0),1,,7,"gemv_kernel_g128(const float4 *, const unsigned int *, const unsigned int *, const __half *, __half *, int, int)"
14905648188,101152,26688,1,3072,1,32,4,1,32,0.000,0.000,,,,,NVIDIA GeForce RTX 3090 (0),1,,7,"gemv_kernel_g128(const float4 *, const unsigned int *, const unsigned int *, const __half *, __half *, int, int)"
14907925494,83040,26836,1,1024,1,32,4,1,32,0.000,0.000,,,,,NVIDIA GeForce RTX 3090 (0),1,,7,"gemv_kernel_g128(const float4 *, const unsigned int *, const unsigned int *, const __half *, __half *, int, int)"
14908030838,73471,26842,1,2752,1,32,4,1,32,0.000,0.000,,,,,NVIDIA GeForce RTX 3090 (0),1,,7,"gemv_kernel_g128(const float4 *, const unsigned int *, const unsigned int *, const __half *, __half *, int, int)"
14908106037,73056,26844,1,2752,1,32,4,1,32,0.000,0.000,,,,,NVIDIA GeForce RTX 3090 (0),1,,7,"gemv_kernel_g128(const float4 *, const unsigned int *, const unsigned int *, const __half *, __half *, int, int)"
14908183893,37312,26848,1,1024,1,32,4,1,32,0.000,0.000,,,,,NVIDIA GeForce RTX 3090 (0),1,,7,"gemv_kernel_g128(const float4 *, const unsigned int *, const unsigned int *, const __half *, __half *, int, int)"
14908249333,106016,26854,1,3072,1,32,4,1,32,0.000,0.000,,,,,NVIDIA GeForce RTX 3090 (0),1,,7,"gemv_kernel_g128(const float4 *, const unsigned int *, const unsigned int *, const __half *, __half *, int, int)"
14910320239,79200,27002,1,1024,1,32,4,1,32,0.000,0.000,,,,,NVIDIA GeForce RTX 3090 (0),1,,7,"gemv_kernel_g128(const float4 *, const unsigned int *, const unsigned int *, const __half *, __half *, int, int)"
14910421327,68736,27008,1,2752,1,32,4,1,32,0.000,0.000,,,,,NVIDIA GeForce RTX 3090 (0),1,,7,"gemv_kernel_g128(const float4 *, const unsigned int *, const unsigned int *, const __half *, __half *, int, int)"
14910491919,71584,27010,1,2752,1,32,4,1,32,0.000,0.000,,,,,NVIDIA GeForce RTX 3090 (0),1,,7,"gemv_kernel_g128(const float4 *, const unsigned int *, const unsigned int *, const __half *, __half *, int, int)"
14910568175,39616,27014,1,1024,1,32,4,1,32,0.000,0.000,,,,,NVIDIA GeForce RTX 3090 (0),1,,7,"gemv_kernel_g128(const float4 *, const unsigned int *, const unsigned int *, const __half *, __half *, int, int)"
14910630126,97024,27020,1,3072,1,32,4,1,32,0.000,0.000,,,,,NVIDIA GeForce RTX 3090 (0),1,,7,"gemv_kernel_g128(const float4 *, const unsigned int *, const unsigned int *, const __half *, __half *, int, int)"
14912856168,80992,27168,1,1024,1,32,4,1,32,0.000,0.000,,,,,NVIDIA GeForce RTX 3090 (0),1,,7,"gemv_kernel_g128(const float4 *, const unsigned int *, const unsigned int *, const __half *, __half *, int, int)"
14912960328,76160,27174,1,2752,1,32,4,1,32,0.000,0.000,,,,,NVIDIA GeForce RTX 3090 (0),1,,7,"gemv_kernel_g128(const float4 *, const unsigned int *, const unsigned int *, const __half *, __half *, int, int)"
14913037960,77024,27176,1,2752,1,32,4,1,32,0.000,0.000,,,,,NVIDIA GeForce RTX 3090 (0),1,,7,"gemv_kernel_g128(const float4 *, const unsigned int *, const unsigned int *, const __half *, __half *, int, int)"
14913120168,38751,27180,1,1024,1,32,4,1,32,0.000,0.000,,,,,NVIDIA GeForce RTX 3090 (0),1,,7,"gemv_kernel_g128(const float4 *, const unsigned int *, const unsigned int *, const __half *, __half *, int, int)"
14913180743,100576,27186,1,3072,1,32,4,1,32,0.000,0.000,,,,,NVIDIA GeForce RTX 3090 (0),1,,7,"gemv_kernel_g128(const float4 *, const unsigned int *, const unsigned int *, const __half *, __half *, int, int)"
14915415425,79904,27334,1,1024,1,32,4,1,32,0.000,0.000,,,,,NVIDIA GeForce RTX 3090 (0),1,,7,"gemv_kernel_g128(const float4 *, const unsigned int *, const unsigned int *, const __half *, __half *, int, int)"
14915519137,77312,27340,1,2752,1,32,4,1,32,0.000,0.000,,,,,NVIDIA GeForce RTX 3090 (0),1,,7,"gemv_kernel_g128(const float4 *, const unsigned int *, const unsigned int *, const __half *, __half *, int, int)"
14915597953,76928,27342,1,2752,1,32,4,1,32,0.000,0.000,,,,,NVIDIA GeForce RTX 3090 (0),1,,7,"gemv_kernel_g128(const float4 *, const unsigned int *, const unsigned int *, const __half *, __half *, int, int)"
14915680129,38431,27346,1,1024,1,32,4,1,32,0.000,0.000,,,,,NVIDIA GeForce RTX 3090 (0),1,,7,"gemv_kernel_g128(const float4 *, const unsigned int *, const unsigned int *, const __half *, __half *, int, int)"
14915740096,95936,27352,1,3072,1,32,4,1,32,0.000,0.000,,,,,NVIDIA GeForce RTX 3090 (0),1,,7,"gemv_kernel_g128(const float4 *, const unsigned int *, const unsigned int *, const __half *, __half *, int, int)"
14917973882,82912,27500,1,1024,1,32,4,1,32,0.000,0.000,,,,,NVIDIA GeForce RTX 3090 (0),1,,7,"gemv_kernel_g128(const float4 *, const unsigned int *, const unsigned int *, const __half *, __half *, int, int)"
14918079994,74272,27506,1,2752,1,32,4,1,32,0.000,0.000,,,,,NVIDIA GeForce RTX 3090 (0),1,,7,"gemv_kernel_g128(const float4 *, const unsigned int *, const unsigned int *, const __half *, __half *, int, int)"
14918155738,83455,27508,1,2752,1,32,4,1,32,0.000,0.000,,,,,NVIDIA GeForce RTX 3090 (0),1,,7,"gemv_kernel_g128(const float4 *, const unsigned int *, const unsigned int *, const __half *, __half *, int, int)"
14918243865,38592,27512,1,1024,1,32,4,1,32,0.000,0.000,,,,,NVIDIA GeForce RTX 3090 (0),1,,7,"gemv_kernel_g128(const float4 *, const unsigned int *, const unsigned int *, const __half *, __half *, int, int)"
14918305049,112544,27518,1,3072,1,32,4,1,32,0.000,0.000,,,,,NVIDIA GeForce RTX 3090 (0),1,,7,"gemv_kernel_g128(const float4 *, const unsigned int *, const unsigned int *, const __half *, __half *, int, int)"
14920545651,89696,27666,1,1024,1,32,4,1,32,0.000,0.000,,,,,NVIDIA GeForce RTX 3090 (0),1,,7,"gemv_kernel_g128(const float4 *, const unsigned int *, const unsigned int *, const __half *, __half *, int, int)"
14920658451,83360,27672,1,2752,1,32,4,1,32,0.000,0.000,,,,,NVIDIA GeForce RTX 3090 (0),1,,7,"gemv_kernel_g128(const float4 *, const unsigned int *, const unsigned int *, const __half *, __half *, int, int)"
14920743763,81151,27674,1,2752,1,32,4,1,32,0.000,0.000,,,,,NVIDIA GeForce RTX 3090 (0),1,,7,"gemv_kernel_g128(const float4 *, const unsigned int *, const unsigned int *, const __half *, __half *, int, int)"
14920829682,36736,27678,1,1024,1,32,4,1,32,0.000,0.000,,,,,NVIDIA GeForce RTX 3090 (0),1,,7,"gemv_kernel_g128(const float4 *, const unsigned int *, const unsigned int *, const __half *, __half *, int, int)"
14920888370,100608,27684,1,3072,1,32,4,1,32,0.000,0.000,,,,,NVIDIA GeForce RTX 3090 (0),1,,7,"gemv_kernel_g128(const float4 *, const unsigned int *, const unsigned int *, const __half *, __half *, int, int)"
14923221612,98399,27832,1,1024,1,32,4,1,32,0.000,0.000,,,,,NVIDIA GeForce RTX 3090 (0),1,,7,"gemv_kernel_g128(const float4 *, const unsigned int *, const unsigned int *, const __half *, __half *, int, int)"
14923344203,88480,27838,1,2752,1,32,4,1,32,0.000,0.000,,,,,NVIDIA GeForce RTX 3090 (0),1,,7,"gemv_kernel_g128(const float4 *, const unsigned int *, const unsigned int *, const __half *, __half *, int, int)"
14923434187,86240,27840,1,2752,1,32,4,1,32,0.000,0.000,,,,,NVIDIA GeForce RTX 3090 (0),1,,7,"gemv_kernel_g128(const float4 *, const unsigned int *, const unsigned int *, const __half *, __half *, int, int)"
14923525803,37216,27844,1,1024,1,32,4,1,32,0.000,0.000,,,,,NVIDIA GeForce RTX 3090 (0),1,,7,"gemv_kernel_g128(const float4 *, const unsigned int *, const unsigned int *, const __half *, __half *, int, int)"
14923586155,114495,27850,1,3072,1,32,4,1,32,0.000,0.000,,,,,NVIDIA GeForce RTX 3090 (0),1,,7,"gemv_kernel_g128(const float4 *, const unsigned int *, const unsigned int *, const __half *, __half *, int, int)"
14926262819,96992,27998,1,1024,1,32,4,1,32,0.000,0.000,,,,,NVIDIA GeForce RTX 3090 (0),1,,7,"gemv_kernel_g128(const float4 *, const unsigned int *, const unsigned int *, const __half *, __half *, int, int)"
14926385955,88032,28004,1,2752,1,32,4,1,32,0.000,0.000,,,,,NVIDIA GeForce RTX 3090 (0),1,,7,"gemv_kernel_g128(const float4 *, const unsigned int *, const unsigned int *, const __half *, __half *, int, int)"
14926475395,90943,28006,1,2752,1,32,4,1,32,0.000,0.000,,,,,NVIDIA GeForce RTX 3090 (0),1,,7,"gemv_kernel_g128(const float4 *, const unsigned int *, const unsigned int *, const __half *, __half *, int, int)"
14926572418,37024,28010,1,1024,1,32,4,1,32,0.000,0.000,,,,,NVIDIA GeForce RTX 3090 (0),1,,7,"gemv_kernel_g128(const float4 *, const unsigned int *, const unsigned int *, const __half *, __half *, int, int)"
14926632226,110208,28016,1,3072,1,32,4,1,32,0.000,0.000,,,,,NVIDIA GeForce RTX 3090 (0),1,,7,"gemv_kernel_g128(const float4 *, const unsigned int *, const unsigned int *, const __half *, __half *, int, int)"
14929472826,93408,28164,1,1024,1,32,4,1,32,0.000,0.000,,,,,NVIDIA GeForce RTX 3090 (0),1,,7,"gemv_kernel_g128(const float4 *, const unsigned int *, const unsigned int *, const __half *, __half *, int, int)"
14929589786,85920,28170,1,2752,1,32,4,1,32,0.000,0.000,,,,,NVIDIA GeForce RTX 3090 (0),1,,7,"gemv_kernel_g128(const float4 *, const unsigned int *, const unsigned int *, const __half *, __half *, int, int)"
14929677178,77984,28172,1,2752,1,32,4,1,32,0.000,0.000,,,,,NVIDIA GeForce RTX 3090 (0),1,,7,"gemv_kernel_g128(const float4 *, const unsigned int *, const unsigned int *, const __half *, __half *, int, int)"
14929760026,38815,28176,1,1024,1,32,4,1,32,0.000,0.000,,,,,NVIDIA GeForce RTX 3090 (0),1,,7,"gemv_kernel_g128(const float4 *, const unsigned int *, const unsigned int *, const __half *, __half *, int, int)"
14929820793,112256,28182,1,3072,1,32,4,1,32,0.000,0.000,,,,,NVIDIA GeForce RTX 3090 (0),1,,7,"gemv_kernel_g128(const float4 *, const unsigned int *, const unsigned int *, const __half *, __half *, int, int)"
14932274163,97887,28330,1,1024,1,32,4,1,32,0.000,0.000,,,,,NVIDIA GeForce RTX 3090 (0),1,,7,"gemv_kernel_g128(const float4 *, const unsigned int *, const unsigned int *, const __half *, __half *, int, int)"
14932394130,80160,28336,1,2752,1,32,4,1,32,0.000,0.000,,,,,NVIDIA GeForce RTX 3090 (0),1,,7,"gemv_kernel_g128(const float4 *, const unsigned int *, const unsigned int *, const __half *, __half *, int, int)"
14932476210,81728,28338,1,2752,1,32,4,1,32,0.000,0.000,,,,,NVIDIA GeForce RTX 3090 (0),1,,7,"gemv_kernel_g128(const float4 *, const unsigned int *, const unsigned int *, const __half *, __half *, int, int)"
14932562706,38400,28342,1,1024,1,32,4,1,32,0.000,0.000,,,,,NVIDIA GeForce RTX 3090 (0),1,,7,"gemv_kernel_g128(const float4 *, const unsigned int *, const unsigned int *, const __half *, __half *, int, int)"
14932623250,103039,28348,1,3072,1,32,4,1,32,0.000,0.000,,,,,NVIDIA GeForce RTX 3090 (0),1,,7,"gemv_kernel_g128(const float4 *, const unsigned int *, const unsigned int *, const __half *, __half *, int, int)"
14935048043,88096,28496,1,1024,1,32,4,1,32,0.000,0.000,,,,,NVIDIA GeForce RTX 3090 (0),1,,7,"gemv_kernel_g128(const float4 *, const unsigned int *, const unsigned int *, const __half *, __half *, int, int)"
14935159147,69439,28502,1,2752,1,32,4,1,32,0.000,0.000,,,,,NVIDIA GeForce RTX 3090 (0),1,,7,"gemv_kernel_g128(const float4 *, const unsigned int *, const unsigned int *, const __half *, __half *, int, int)"
14935230058,68864,28504,1,2752,1,32,4,1,32,0.000,0.000,,,,,NVIDIA GeForce RTX 3090 (0),1,,7,"gemv_kernel_g128(const float4 *, const unsigned int *, const unsigned int *, const __half *, __half *, int, int)"
14935303978,37152,28508,1,1024,1,32,4,1,32,0.000,0.000,,,,,NVIDIA GeForce RTX 3090 (0),1,,7,"gemv_kernel_g128(const float4 *, const unsigned int *, const unsigned int *, const __half *, __half *, int, int)"
14935362250,89568,28514,1,3072,1,32,4,1,32,0.000,0.000,,,,,NVIDIA GeForce RTX 3090 (0),1,,7,"gemv_kernel_g128(const float4 *, const unsigned int *, const unsigned int *, const __half *, __half *, int, int)"
14937534212,77920,28662,1,1024,1,32,4,1,32,0.000,0.000,,,,,NVIDIA GeForce RTX 3090 (0),1,,7,"gemv_kernel_g128(const float4 *, const unsigned int *, const unsigned int *, const __half *, __half *, int, int)"
14937635012,71552,28668,1,2752,1,32,4,1,32,0.000,0.000,,,,,NVIDIA GeForce RTX 3090 (0),1,,7,"gemv_kernel_g128(const float4 *, const unsigned int *, const unsigned int *, const __half *, __half *, int, int)"
14937708036,68575,28670,1,2752,1,32,4,1,32,0.000,0.000,,,,,NVIDIA GeForce RTX 3090 (0),1,,7,"gemv_kernel_g128(const float4 *, const unsigned int *, const unsigned int *, const __half *, __half *, int, int)"
14937781699,38048,28674,1,1024,1,32,4,1,32,0.000,0.000,,,,,NVIDIA GeForce RTX 3090 (0),1,,7,"gemv_kernel_g128(const float4 *, const unsigned int *, const unsigned int *, const __half *, __half *, int, int)"
14937840291,98880,28680,1,3072,1,32,4,1,32,0.000,0.000,,,,,NVIDIA GeForce RTX 3090 (0),1,,7,"gemv_kernel_g128(const float4 *, const unsigned int *, const unsigned int *, const __half *, __half *, int, int)"
14940040509,85760,28828,1,1024,1,32,4,1,32,0.000,0.000,,,,,NVIDIA GeForce RTX 3090 (0),1,,7,"gemv_kernel_g128(const float4 *, const unsigned int *, const unsigned int *, const __half *, __half *, int, int)"
14940149053,80000,28834,1,2752,1,32,4,1,32,0.000,0.000,,,,,NVIDIA GeForce RTX 3090 (0),1,,7,"gemv_kernel_g128(const float4 *, const unsigned int *, const unsigned int *, const __half *, __half *, int, int)"
14940230525,72095,28836,1,2752,1,32,4,1,32,0.000,0.000,,,,,NVIDIA GeForce RTX 3090 (0),1,,7,"gemv_kernel_g128(const float4 *, const unsigned int *, const unsigned int *, const __half *, __half *, int, int)"
14940307324,37024,28840,1,1024,1,32,4,1,32,0.000,0.000,,,,,NVIDIA GeForce RTX 3090 (0),1,,7,"gemv_kernel_g128(const float4 *, const unsigned int *, const unsigned int *, const __half *, __half *, int, int)"
14940366332,108864,28846,1,3072,1,32,4,1,32,0.000,0.000,,,,,NVIDIA GeForce RTX 3090 (0),1,,7,"gemv_kernel_g128(const float4 *, const unsigned int *, const unsigned int *, const __half *, __half *, int, int)"
14942557622,77888,28994,1,1024,1,32,4,1,32,0.000,0.000,,,,,NVIDIA GeForce RTX 3090 (0),1,,7,"gemv_kernel_g128(const float4 *, const unsigned int *, const unsigned int *, const __half *, __half *, int, int)"
14942657142,76480,29000,1,2752,1,32,4,1,32,0.000,0.000,,,,,NVIDIA GeForce RTX 3090 (0),1,,7,"gemv_kernel_g128(const float4 *, const unsigned int *, const unsigned int *, const __half *, __half *, int, int)"
14942735510,75935,29002,1,2752,1,32,4,1,32,0.000,0.000,,,,,NVIDIA GeForce RTX 3090 (0),1,,7,"gemv_kernel_g128(const float4 *, const unsigned int *, const unsigned int *, const __half *, __half *, int, int)"
14942816085,36576,29006,1,1024,1,32,4,1,32,0.000,0.000,,,,,NVIDIA GeForce RTX 3090 (0),1,,7,"gemv_kernel_g128(const float4 *, const unsigned int *, const unsigned int *, const __half *, __half *, int, int)"
14942873557,96192,29012,1,3072,1,32,4,1,32,0.000,0.000,,,,,NVIDIA GeForce RTX 3090 (0),1,,7,"gemv_kernel_g128(const float4 *, const unsigned int *, const unsigned int *, const __half *, __half *, int, int)"
14945124911,86464,29160,1,1024,1,32,4,1,32,0.000,0.000,,,,,NVIDIA GeForce RTX 3090 (0),1,,7,"gemv_kernel_g128(const float4 *, const unsigned int *, const unsigned int *, const __half *, __half *, int, int)"
14945234415,78208,29166,1,2752,1,32,4,1,32,0.000,0.000,,,,,NVIDIA GeForce RTX 3090 (0),1,,7,"gemv_kernel_g128(const float4 *, const unsigned int *, const unsigned int *, const __half *, __half *, int, int)"
14945314318,72672,29168,1,2752,1,32,4,1,32,0.000,0.000,,,,,NVIDIA GeForce RTX 3090 (0),1,,7,"gemv_kernel_g128(const float4 *, const unsigned int *, const unsigned int *, const __half *, __half *, int, int)"
14945392430,38272,29172,1,1024,1,32,4,1,32,0.000,0.000,,,,,NVIDIA GeForce RTX 3090 (0),1,,7,"gemv_kernel_g128(const float4 *, const unsigned int *, const unsigned int *, const __half *, __half *, int, int)"
14945452302,179936,29178,1,8000,1,32,4,1,32,0.000,0.000,,,,,NVIDIA GeForce RTX 3090 (0),1,,7,"gemv_kernel_g128(const float4 *, const unsigned int *, const unsigned int *, const __half *, __half *, int, int)"
14976548472,104896,29192,1,3072,1,32,4,1,32,0.000,0.000,,,,,NVIDIA GeForce RTX 3090 (0),1,,7,"gemv_kernel_g128(const float4 *, const unsigned int *, const unsigned int *, const __half *, __half *, int, int)"
14978631442,89792,29340,1,1024,1,32,4,1,32,0.000,0.000,,,,,NVIDIA GeForce RTX 3090 (0),1,,7,"gemv_kernel_g128(const float4 *, const unsigned int *, const unsigned int *, const __half *, __half *, int, int)"
14978743794,75360,29346,1,2752,1,32,4,1,32,0.000,0.000,,,,,NVIDIA GeForce RTX 3090 (0),1,,7,"gemv_kernel_g128(const float4 *, const unsigned int *, const unsigned int *, const __half *, __half *, int, int)"
14978820658,74912,29348,1,2752,1,32,4,1,32,0.000,0.000,,,,,NVIDIA GeForce RTX 3090 (0),1,,7,"gemv_kernel_g128(const float4 *, const unsigned int *, const unsigned int *, const __half *, __half *, int, int)"
14978900850,38431,29352,1,1024,1,32,4,1,32,0.000,0.000,,,,,NVIDIA GeForce RTX 3090 (0),1,,7,"gemv_kernel_g128(const float4 *, const unsigned int *, const unsigned int *, const __half *, __half *, int, int)"
14978960625,96128,29358,1,3072,1,32,4,1,32,0.000,0.000,,,,,NVIDIA GeForce RTX 3090 (0),1,,7,"gemv_kernel_g128(const float4 *, const unsigned int *, const unsigned int *, const __half *, __half *, int, int)"
14981243211,77600,29506,1,1024,1,32,4,1,32,0.000,0.000,,,,,NVIDIA GeForce RTX 3090 (0),1,,7,"gemv_kernel_g128(const float4 *, const unsigned int *, const unsigned int *, const __half *, __half *, int, int)"
14981343627,67040,29512,1,2752,1,32,4,1,32,0.000,0.000,,,,,NVIDIA GeForce RTX 3090 (0),1,,7,"gemv_kernel_g128(const float4 *, const unsigned int *, const unsigned int *, const __half *, __half *, int, int)"
14981412075,68863,29514,1,2752,1,32,4,1,32,0.000,0.000,,,,,NVIDIA GeForce RTX 3090 (0),1,,7,"gemv_kernel_g128(const float4 *, const unsigned int *, const unsigned int *, const __half *, __half *, int, int)"
14981486026,39360,29518,1,1024,1,32,4,1,32,0.000,0.000,,,,,NVIDIA GeForce RTX 3090 (0),1,,7,"gemv_kernel_g128(const float4 *, const unsigned int *, const unsigned int *, const __half *, __half *, int, int)"
14981546378,98176,29524,1,3072,1,32,4,1,32,0.000,0.000,,,,,NVIDIA GeForce RTX 3090 (0),1,,7,"gemv_kernel_g128(const float4 *, const unsigned int *, const unsigned int *, const __half *, __half *, int, int)"
14983576293,83263,29672,1,1024,1,32,4,1,32,0.000,0.000,,,,,NVIDIA GeForce RTX 3090 (0),1,,7,"gemv_kernel_g128(const float4 *, const unsigned int *, const unsigned int *, const __half *, __half *, int, int)"
14983682180,71904,29678,1,2752,1,32,4,1,32,0.000,0.000,,,,,NVIDIA GeForce RTX 3090 (0),1,,7,"gemv_kernel_g128(const float4 *, const unsigned int *, const unsigned int *, const __half *, __half *, int, int)"
14983755524,75360,29680,1,2752,1,32,4,1,32,0.000,0.000,,,,,NVIDIA GeForce RTX 3090 (0),1,,7,"gemv_kernel_g128(const float4 *, const unsigned int *, const unsigned int *, const __half *, __half *, int, int)"
14983835620,37216,29684,1,1024,1,32,4,1,32,0.000,0.000,,,,,NVIDIA GeForce RTX 3090 (0),1,,7,"gemv_kernel_g128(const float4 *, const unsigned int *, const unsigned int *, const __half *, __half *, int, int)"
14983895268,96511,29690,1,3072,1,32,4,1,32,0.000,0.000,,,,,NVIDIA GeForce RTX 3090 (0),1,,7,"gemv_kernel_g128(const float4 *, const unsigned int *, const unsigned int *, const __half *, __half *, int, int)"
14985897406,76640,29838,1,1024,1,32,4,1,32,0.000,0.000,,,,,NVIDIA GeForce RTX 3090 (0),1,,7,"gemv_kernel_g128(const float4 *, const unsigned int *, const unsigned int *, const __half *, __half *, int, int)"
14985996030,71328,29844,1,2752,1,32,4,1,32,0.000,0.000,,,,,NVIDIA GeForce RTX 3090 (0),1,,7,"gemv_kernel_g128(const float4 *, const unsigned int *, const unsigned int *, const __half *, __half *, int, int)"
14986069182,68768,29846,1,2752,1,32,4,1,32,0.000,0.000,,,,,NVIDIA GeForce RTX 3090 (0),1,,7,"gemv_kernel_g128(const float4 *, const unsigned int *, const unsigned int *, const __half *, __half *, int, int)"
14986142781,37344,29850,1,1024,1,32,4,1,32,0.000,0.000,,,,,NVIDIA GeForce RTX 3090 (0),1,,7,"gemv_kernel_g128(const float4 *, const unsigned int *, const unsigned int *, const __half *, __half *, int, int)"
14986201053,97920,29856,1,3072,1,32,4,1,32,0.000,0.000,,,,,NVIDIA GeForce RTX 3090 (0),1,,7,"gemv_kernel_g128(const float4 *, const unsigned int *, const unsigned int *, const __half *, __half *, int, int)"
14988145304,77728,30004,1,1024,1,32,4,1,32,0.000,0.000,,,,,NVIDIA GeForce RTX 3090 (0),1,,7,"gemv_kernel_g128(const float4 *, const unsigned int *, const unsigned int *, const __half *, __half *, int, int)"
14988246040,68319,30010,1,2752,1,32,4,1,32,0.000,0.000,,,,,NVIDIA GeForce RTX 3090 (0),1,,7,"gemv_kernel_g128(const float4 *, const unsigned int *, const unsigned int *, const __half *, __half *, int, int)"
14988315767,70368,30012,1,2752,1,32,4,1,32,0.000,0.000,,,,,NVIDIA GeForce RTX 3090 (0),1,,7,"gemv_kernel_g128(const float4 *, const unsigned int *, const unsigned int *, const __half *, __half *, int, int)"
14988391319,40672,30016,1,1024,1,32,4,1,32,0.000,0.000,,,,,NVIDIA GeForce RTX 3090 (0),1,,7,"gemv_kernel_g128(const float4 *, const unsigned int *, const unsigned int *, const __half *, __half *, int, int)"
14988453015,95360,30022,1,3072,1,32,4,1,32,0.000,0.000,,,,,NVIDIA GeForce RTX 3090 (0),1,,7,"gemv_kernel_g128(const float4 *, const unsigned int *, const unsigned int *, const __half *, __half *, int, int)"
14990586257,82400,30170,1,1024,1,32,4,1,32,0.000,0.000,,,,,NVIDIA GeForce RTX 3090 (0),1,,7,"gemv_kernel_g128(const float4 *, const unsigned int *, const unsigned int *, const __half *, __half *, int, int)"
14990690865,499711,30176,1,2752,1,32,4,1,32,0.000,0.000,,,,,NVIDIA GeForce RTX 3090 (0),1,,7,"gemv_kernel_g128(const float4 *, const unsigned int *, const unsigned int *, const __half *, __half *, int, int)"
14991192112,69759,30178,1,2752,1,32,4,1,32,0.000,0.000,,,,,NVIDIA GeForce RTX 3090 (0),1,,7,"gemv_kernel_g128(const float4 *, const unsigned int *, const unsigned int *, const __half *, __half *, int, int)"
14991267055,37984,30182,1,1024,1,32,4,1,32,0.000,0.000,,,,,NVIDIA GeForce RTX 3090 (0),1,,7,"gemv_kernel_g128(const float4 *, const unsigned int *, const unsigned int *, const __half *, __half *, int, int)"
14991325807,96512,30188,1,3072,1,32,4,1,32,0.000,0.000,,,,,NVIDIA GeForce RTX 3090 (0),1,,7,"gemv_kernel_g128(const float4 *, const unsigned int *, const unsigned int *, const __half *, __half *, int, int)"
14993593801,82016,30336,1,1024,1,32,4,1,32,0.000,0.000,,,,,NVIDIA GeForce RTX 3090 (0),1,,7,"gemv_kernel_g128(const float4 *, const unsigned int *, const unsigned int *, const __half *, __half *, int, int)"
14993697769,72255,30342,1,2752,1,32,4,1,32,0.000,0.000,,,,,NVIDIA GeForce RTX 3090 (0),1,,7,"gemv_kernel_g128(const float4 *, const unsigned int *, const unsigned int *, const __half *, __half *, int, int)"
14993771400,72512,30344,1,2752,1,32,4,1,32,0.000,0.000,,,,,NVIDIA GeForce RTX 3090 (0),1,,7,"gemv_kernel_g128(const float4 *, const unsigned int *, const unsigned int *, const __half *, __half *, int, int)"
14993848744,37248,30348,1,1024,1,32,4,1,32,0.000,0.000,,,,,NVIDIA GeForce RTX 3090 (0),1,,7,"gemv_kernel_g128(const float4 *, const unsigned int *, const unsigned int *, const __half *, __half *, int, int)"
14993907336,96064,30354,1,3072,1,32,4,1,32,0.000,0.000,,,,,NVIDIA GeForce RTX 3090 (0),1,,7,"gemv_kernel_g128(const float4 *, const unsigned int *, const unsigned int *, const __half *, __half *, int, int)"
14996059202,79936,30502,1,1024,1,32,4,1,32,0.000,0.000,,,,,NVIDIA GeForce RTX 3090 (0),1,,7,"gemv_kernel_g128(const float4 *, const unsigned int *, const unsigned int *, const __half *, __half *, int, int)"
14996161506,70976,30508,1,2752,1,32,4,1,32,0.000,0.000,,,,,NVIDIA GeForce RTX 3090 (0),1,,7,"gemv_kernel_g128(const float4 *, const unsigned int *, const unsigned int *, const __half *, __half *, int, int)"
14996234562,71871,30510,1,2752,1,32,4,1,32,0.000,0.000,,,,,NVIDIA GeForce RTX 3090 (0),1,,7,"gemv_kernel_g128(const float4 *, const unsigned int *, const unsigned int *, const __half *, __half *, int, int)"
14996311169,38464,30514,1,1024,1,32,4,1,32,0.000,0.000,,,,,NVIDIA GeForce RTX 3090 (0),1,,7,"gemv_kernel_g128(const float4 *, const unsigned int *, const unsigned int *, const __half *, __half *, int, int)"
14996371073,101152,30520,1,3072,1,32,4,1,32,0.000,0.000,,,,,NVIDIA GeForce RTX 3090 (0),1,,7,"gemv_kernel_g128(const float4 *, const unsigned int *, const unsigned int *, const __half *, __half *, int, int)"
14998367324,83007,30668,1,1024,1,32,4,1,32,0.000,0.000,,,,,NVIDIA GeForce RTX 3090 (0),1,,7,"gemv_kernel_g128(const float4 *, const unsigned int *, const unsigned int *, const __half *, __half *, int, int)"
14998473083,71488,30674,1,2752,1,32,4,1,32,0.000,0.000,,,,,NVIDIA GeForce RTX 3090 (0),1,,7,"gemv_kernel_g128(const float4 *, const unsigned int *, const unsigned int *, const __half *, __half *, int, int)"
14998546075,69312,30676,1,2752,1,32,4,1,32,0.000,0.000,,,,,NVIDIA GeForce RTX 3090 (0),1,,7,"gemv_kernel_g128(const float4 *, const unsigned int *, const unsigned int *, const __half *, __half *, int, int)"
14998620731,37440,30680,1,1024,1,32,4,1,32,0.000,0.000,,,,,NVIDIA GeForce RTX 3090 (0),1,,7,"gemv_kernel_g128(const float4 *, const unsigned int *, const unsigned int *, const __half *, __half *, int, int)"
14998680539,93408,30686,1,3072,1,32,4,1,32,0.000,0.000,,,,,NVIDIA GeForce RTX 3090 (0),1,,7,"gemv_kernel_g128(const float4 *, const unsigned int *, const unsigned int *, const __half *, __half *, int, int)"
15000670901,78208,30834,1,1024,1,32,4,1,32,0.000,0.000,,,,,NVIDIA GeForce RTX 3090 (0),1,,7,"gemv_kernel_g128(const float4 *, const unsigned int *, const unsigned int *, const __half *, __half *, int, int)"
15000771829,74080,30840,1,2752,1,32,4,1,32,0.000,0.000,,,,,NVIDIA GeForce RTX 3090 (0),1,,7,"gemv_kernel_g128(const float4 *, const unsigned int *, const unsigned int *, const __half *, __half *, int, int)"
15000847349,74656,30842,1,2752,1,32,4,1,32,0.000,0.000,,,,,NVIDIA GeForce RTX 3090 (0),1,,7,"gemv_kernel_g128(const float4 *, const unsigned int *, const unsigned int *, const __half *, __half *, int, int)"
15000927413,38303,30846,1,1024,1,32,4,1,32,0.000,0.000,,,,,NVIDIA GeForce RTX 3090 (0),1,,7,"gemv_kernel_g128(const float4 *, const unsigned int *, const unsigned int *, const __half *, __half *, int, int)"
15000986324,96416,30852,1,3072,1,32,4,1,32,0.000,0.000,,,,,NVIDIA GeForce RTX 3090 (0),1,,7,"gemv_kernel_g128(const float4 *, const unsigned int *, const unsigned int *, const __half *, __half *, int, int)"
15002969711,77152,31000,1,1024,1,32,4,1,32,0.000,0.000,,,,,NVIDIA GeForce RTX 3090 (0),1,,7,"gemv_kernel_g128(const float4 *, const unsigned int *, const unsigned int *, const __half *, __half *, int, int)"
15003072367,71391,31006,1,2752,1,32,4,1,32,0.000,0.000,,,,,NVIDIA GeForce RTX 3090 (0),1,,7,"gemv_kernel_g128(const float4 *, const unsigned int *, const unsigned int *, const __half *, __half *, int, int)"
15003145294,68736,31008,1,2752,1,32,4,1,32,0.000,0.000,,,,,NVIDIA GeForce RTX 3090 (0),1,,7,"gemv_kernel_g128(const float4 *, const unsigned int *, const unsigned int *, const __half *, __half *, int, int)"
15003218638,36768,31012,1,1024,1,32,4,1,32,0.000,0.000,,,,,NVIDIA GeForce RTX 3090 (0),1,,7,"gemv_kernel_g128(const float4 *, const unsigned int *, const unsigned int *, const __half *, __half *, int, int)"
15003277294,97760,31018,1,3072,1,32,4,1,32,0.000,0.000,,,,,NVIDIA GeForce RTX 3090 (0),1,,7,"gemv_kernel_g128(const float4 *, const unsigned int *, const unsigned int *, const __half *, __half *, int, int)"
15005240265,75167,31166,1,1024,1,32,4,1,32,0.000,0.000,,,,,NVIDIA GeForce RTX 3090 (0),1,,7,"gemv_kernel_g128(const float4 *, const unsigned int *, const unsigned int *, const __half *, __half *, int, int)"
15005336616,73216,31172,1,2752,1,32,4,1,32,0.000,0.000,,,,,NVIDIA GeForce RTX 3090 (0),1,,7,"gemv_kernel_g128(const float4 *, const unsigned int *, const unsigned int *, const __half *, __half *, int, int)"
15005411752,73344,31174,1,2752,1,32,4,1,32,0.000,0.000,,,,,NVIDIA GeForce RTX 3090 (0),1,,7,"gemv_kernel_g128(const float4 *, const unsigned int *, const unsigned int *, const __half *, __half *, int, int)"
15005489672,37696,31178,1,1024,1,32,4,1,32,0.000,0.000,,,,,NVIDIA GeForce RTX 3090 (0),1,,7,"gemv_kernel_g128(const float4 *, const unsigned int *, const unsigned int *, const __half *, __half *, int, int)"
15005549000,99264,31184,1,3072,1,32,4,1,32,0.000,0.000,,,,,NVIDIA GeForce RTX 3090 (0),1,,7,"gemv_kernel_g128(const float4 *, const unsigned int *, const unsigned int *, const __half *, __half *, int, int)"
15007563202,88000,31332,1,1024,1,32,4,1,32,0.000,0.000,,,,,NVIDIA GeForce RTX 3090 (0),1,,7,"gemv_kernel_g128(const float4 *, const unsigned int *, const unsigned int *, const __half *, __half *, int, int)"
15007673378,74880,31338,1,2752,1,32,4,1,32,0.000,0.000,,,,,NVIDIA GeForce RTX 3090 (0),1,,7,"gemv_kernel_g128(const float4 *, const unsigned int *, const unsigned int *, const __half *, __half *, int, int)"
15007749730,72479,31340,1,2752,1,32,4,1,32,0.000,0.000,,,,,NVIDIA GeForce RTX 3090 (0),1,,7,"gemv_kernel_g128(const float4 *, const unsigned int *, const unsigned int *, const __half *, __half *, int, int)"
15007827393,38912,31344,1,1024,1,32,4,1,32,0.000,0.000,,,,,NVIDIA GeForce RTX 3090 (0),1,,7,"gemv_kernel_g128(const float4 *, const unsigned int *, const unsigned int *, const __half *, __half *, int, int)"
15007888193,96032,31350,1,3072,1,32,4,1,32,0.000,0.000,,,,,NVIDIA GeForce RTX 3090 (0),1,,7,"gemv_kernel_g128(const float4 *, const unsigned int *, const unsigned int *, const __half *, __half *, int, int)"
15010192731,92864,31498,1,1024,1,32,4,1,32,0.000,0.000,,,,,NVIDIA GeForce RTX 3090 (0),1,,7,"gemv_kernel_g128(const float4 *, const unsigned int *, const unsigned int *, const __half *, __half *, int, int)"
15010308859,83775,31504,1,2752,1,32,4,1,32,0.000,0.000,,,,,NVIDIA GeForce RTX 3090 (0),1,,7,"gemv_kernel_g128(const float4 *, const unsigned int *, const unsigned int *, const __half *, __half *, int, int)"
15010394074,80672,31506,1,2752,1,32,4,1,32,0.000,0.000,,,,,NVIDIA GeForce RTX 3090 (0),1,,7,"gemv_kernel_g128(const float4 *, const unsigned int *, const unsigned int *, const __half *, __half *, int, int)"
15010480218,38560,31510,1,1024,1,32,4,1,32,0.000,0.000,,,,,NVIDIA GeForce RTX 3090 (0),1,,7,"gemv_kernel_g128(const float4 *, const unsigned int *, const unsigned int *, const __half *, __half *, int, int)"
15010539386,103680,31516,1,3072,1,32,4,1,32,0.000,0.000,,,,,NVIDIA GeForce RTX 3090 (0),1,,7,"gemv_kernel_g128(const float4 *, const unsigned int *, const unsigned int *, const __half *, __half *, int, int)"
15013135699,83776,31664,1,1024,1,32,4,1,32,0.000,0.000,,,,,NVIDIA GeForce RTX 3090 (0),1,,7,"gemv_kernel_g128(const float4 *, const unsigned int *, const unsigned int *, const __half *, __half *, int, int)"
15013243122,77600,31670,1,2752,1,32,4,1,32,0.000,0.000,,,,,NVIDIA GeForce RTX 3090 (0),1,,7,"gemv_kernel_g128(const float4 *, const unsigned int *, const unsigned int *, const __half *, __half *, int, int)"
15013322194,75424,31672,1,2752,1,32,4,1,32,0.000,0.000,,,,,NVIDIA GeForce RTX 3090 (0),1,,7,"gemv_kernel_g128(const float4 *, const unsigned int *, const unsigned int *, const __half *, __half *, int, int)"
15013402290,38272,31676,1,1024,1,32,4,1,32,0.000,0.000,,,,,NVIDIA GeForce RTX 3090 (0),1,,7,"gemv_kernel_g128(const float4 *, const unsigned int *, const unsigned int *, const __half *, __half *, int, int)"
15013462290,101440,31682,1,3072,1,32,4,1,32,0.000,0.000,,,,,NVIDIA GeForce RTX 3090 (0),1,,7,"gemv_kernel_g128(const float4 *, const unsigned int *, const unsigned int *, const __half *, __half *, int, int)"
15015711852,81279,31830,1,1024,1,32,4,1,32,0.000,0.000,,,,,NVIDIA GeForce RTX 3090 (0),1,,7,"gemv_kernel_g128(const float4 *, const unsigned int *, const unsigned int *, const __half *, __half *, int, int)"
15015814987,73728,31836,1,2752,1,32,4,1,32,0.000,0.000,,,,,NVIDIA GeForce RTX 3090 (0),1,,7,"gemv_kernel_g128(const float4 *, const unsigned int *, const unsigned int *, const __half *, __half *, int, int)"
15015890667,68608,31838,1,2752,1,32,4,1,32,0.000,0.000,,,,,NVIDIA GeForce RTX 3090 (0),1,,7,"gemv_kernel_g128(const float4 *, const unsigned int *, const unsigned int *, const __half *, __half *, int, int)"
15015964203,38816,31842,1,1024,1,32,4,1,32,0.000,0.000,,,,,NVIDIA GeForce RTX 3090 (0),1,,7,"gemv_kernel_g128(const float4 *, const unsigned int *, const unsigned int *, const __half *, __half *, int, int)"
15016024523,98272,31848,1,3072,1,32,4,1,32,0.000,0.000,,,,,NVIDIA GeForce RTX 3090 (0),1,,7,"gemv_kernel_g128(const float4 *, const unsigned int *, const unsigned int *, const __half *, __half *, int, int)"
15018550692,91424,31996,1,1024,1,32,4,1,32,0.000,0.000,,,,,NVIDIA GeForce RTX 3090 (0),1,,7,"gemv_kernel_g128(const float4 *, const unsigned int *, const unsigned int *, const __half *, __half *, int, int)"
15018665603,78272,32002,1,2752,1,32,4,1,32,0.000,0.000,,,,,NVIDIA GeForce RTX 3090 (0),1,,7,"gemv_kernel_g128(const float4 *, const unsigned int *, const unsigned int *, const __half *, __half *, int, int)"
15018745379,81600,32004,1,2752,1,32,4,1,32,0.000,0.000,,,,,NVIDIA GeForce RTX 3090 (0),1,,7,"gemv_kernel_g128(const float4 *, const unsigned int *, const unsigned int *, const __half *, __half *, int, int)"
15018832259,36864,32008,1,1024,1,32,4,1,32,0.000,0.000,,,,,NVIDIA GeForce RTX 3090 (0),1,,7,"gemv_kernel_g128(const float4 *, const unsigned int *, const unsigned int *, const __half *, __half *, int, int)"
15018891427,106848,32014,1,3072,1,32,4,1,32,0.000,0.000,,,,,NVIDIA GeForce RTX 3090 (0),1,,7,"gemv_kernel_g128(const float4 *, const unsigned int *, const unsigned int *, const __half *, __half *, int, int)"
15021041917,77696,32162,1,1024,1,32,4,1,32,0.000,0.000,,,,,NVIDIA GeForce RTX 3090 (0),1,,7,"gemv_kernel_g128(const float4 *, const unsigned int *, const unsigned int *, const __half *, __half *, int, int)"
15021142301,70687,32168,1,2752,1,32,4,1,32,0.000,0.000,,,,,NVIDIA GeForce RTX 3090 (0),1,,7,"gemv_kernel_g128(const float4 *, const unsigned int *, const unsigned int *, const __half *, __half *, int, int)"
15021214492,72672,32170,1,2752,1,32,4,1,32,0.000,0.000,,,,,NVIDIA GeForce RTX 3090 (0),1,,7,"gemv_kernel_g128(const float4 *, const unsigned int *, const unsigned int *, const __half *, __half *, int, int)"
15021292220,38304,32174,1,1024,1,32,4,1,32,0.000,0.000,,,,,NVIDIA GeForce RTX 3090 (0),1,,7,"gemv_kernel_g128(const float4 *, const unsigned int *, const unsigned int *, const __half *, __half *, int, int)"
15021351196,99200,32180,1,3072,1,32,4,1,32,0.000,0.000,,,,,NVIDIA GeForce RTX 3090 (0),1,,7,"gemv_kernel_g128(const float4 *, const unsigned int *, const unsigned int *, const __half *, __half *, int, int)"
15023686230,88575,32328,1,1024,1,32,4,1,32,0.000,0.000,,,,,NVIDIA GeForce RTX 3090 (0),1,,7,"gemv_kernel_g128(const float4 *, const unsigned int *, const unsigned int *, const __half *, __half *, int, int)"
15023798453,78528,32334,1,2752,1,32,4,1,32,0.000,0.000,,,,,NVIDIA GeForce RTX 3090 (0),1,,7,"gemv_kernel_g128(const float4 *, const unsigned int *, const unsigned int *, const __half *, __half *, int, int)"
15023878357,83616,32336,1,2752,1,32,4,1,32,0.000,0.000,,,,,NVIDIA GeForce RTX 3090 (0),1,,7,"gemv_kernel_g128(const float4 *, const unsigned int *, const unsigned int *, const __half *, __half *, int, int)"
15023966613,619294,32340,1,1024,1,32,4,1,32,0.000,0.000,,,,,NVIDIA GeForce RTX 3090 (0),1,,7,"gemv_kernel_g128(const float4 *, const unsigned int *, const unsigned int *, const __half *, __half *, int, int)"
15024608115,106112,32346,1,3072,1,32,4,1,32,0.000,0.000,,,,,NVIDIA GeForce RTX 3090 (0),1,,7,"gemv_kernel_g128(const float4 *, const unsigned int *, const unsigned int *, const __half *, __half *, int, int)"
15027125708,85824,32494,1,1024,1,32,4,1,32,0.000,0.000,,,,,NVIDIA GeForce RTX 3090 (0),1,,7,"gemv_kernel_g128(const float4 *, const unsigned int *, const unsigned int *, const __half *, __half *, int, int)"
15027234508,75488,32500,1,2752,1,32,4,1,32,0.000,0.000,,,,,NVIDIA GeForce RTX 3090 (0),1,,7,"gemv_kernel_g128(const float4 *, const unsigned int *, const unsigned int *, const __half *, __half *, int, int)"
15027311980,75167,32502,1,2752,1,32,4,1,32,0.000,0.000,,,,,NVIDIA GeForce RTX 3090 (0),1,,7,"gemv_kernel_g128(const float4 *, const unsigned int *, const unsigned int *, const __half *, __half *, int, int)"
15027391819,38624,32506,1,1024,1,32,4,1,32,0.000,0.000,,,,,NVIDIA GeForce RTX 3090 (0),1,,7,"gemv_kernel_g128(const float4 *, const unsigned int *, const unsigned int *, const __half *, __half *, int, int)"
15027452779,94816,32512,1,3072,1,32,4,1,32,0.000,0.000,,,,,NVIDIA GeForce RTX 3090 (0),1,,7,"gemv_kernel_g128(const float4 *, const unsigned int *, const unsigned int *, const __half *, __half *, int, int)"
15029505317,78016,32660,1,1024,1,32,4,1,32,0.000,0.000,,,,,NVIDIA GeForce RTX 3090 (0),1,,7,"gemv_kernel_g128(const float4 *, const unsigned int *, const unsigned int *, const __half *, __half *, int, int)"
15029605253,67744,32666,1,2752,1,32,4,1,32,0.000,0.000,,,,,NVIDIA GeForce RTX 3090 (0),1,,7,"gemv_kernel_g128(const float4 *, const unsigned int *, const unsigned int *, const __half *, __half *, int, int)"
15029674373,65472,32668,1,2752,1,32,4,1,32,0.000,0.000,,,,,NVIDIA GeForce RTX 3090 (0),1,,7,"gemv_kernel_g128(const float4 *, const unsigned int *, const unsigned int *, const __half *, __half *, int, int)"
15029744965,38336,32672,1,1024,1,32,4,1,32,0.000,0.000,,,,,NVIDIA GeForce RTX 3090 (0),1,,7,"gemv_kernel_g128(const float4 *, const unsigned int *, const unsigned int *, const __half *, __half *, int, int)"
15029805029,90815,32678,1,3072,1,32,4,1,32,0.000,0.000,,,,,NVIDIA GeForce RTX 3090 (0),1,,7,"gemv_kernel_g128(const float4 *, const unsigned int *, const unsigned int *, const __half *, __half *, int, int)"
15031966975,79711,32826,1,1024,1,32,4,1,32,0.000,0.000,,,,,NVIDIA GeForce RTX 3090 (0),1,,7,"gemv_kernel_g128(const float4 *, const unsigned int *, const unsigned int *, const __half *, __half *, int, int)"
15032069214,67680,32832,1,2752,1,32,4,1,32,0.000,0.000,,,,,NVIDIA GeForce RTX 3090 (0),1,,7,"gemv_kernel_g128(const float4 *, const unsigned int *, const unsigned int *, const __half *, __half *, int, int)"
15032138366,70304,32834,1,2752,1,32,4,1,32,0.000,0.000,,,,,NVIDIA GeForce RTX 3090 (0),1,,7,"gemv_kernel_g128(const float4 *, const unsigned int *, const unsigned int *, const __half *, __half *, int, int)"
15032213694,38624,32838,1,1024,1,32,4,1,32,0.000,0.000,,,,,NVIDIA GeForce RTX 3090 (0),1,,7,"gemv_kernel_g128(const float4 *, const unsigned int *, const unsigned int *, const __half *, __half *, int, int)"
15032274238,93376,32844,1,3072,1,32,4,1,32,0.000,0.000,,,,,NVIDIA GeForce RTX 3090 (0),1,,7,"gemv_kernel_g128(const float4 *, const unsigned int *, const unsigned int *, const __half *, __half *, int, int)"
15034595447,76704,32992,1,1024,1,32,4,1,32,0.000,0.000,,,,,NVIDIA GeForce RTX 3090 (0),1,,7,"gemv_kernel_g128(const float4 *, const unsigned int *, const unsigned int *, const __half *, __half *, int, int)"
15034693463,262815,32998,1,2752,1,32,4,1,32,0.000,0.000,,,,,NVIDIA GeForce RTX 3090 (0),1,,7,"gemv_kernel_g128(const float4 *, const unsigned int *, const unsigned int *, const __half *, __half *, int, int)"
15034958262,66016,33000,1,2752,1,32,4,1,32,0.000,0.000,,,,,NVIDIA GeForce RTX 3090 (0),1,,7,"gemv_kernel_g128(const float4 *, const unsigned int *, const unsigned int *, const __half *, __half *, int, int)"
15035029046,37984,33004,1,1024,1,32,4,1,32,0.000,0.000,,,,,NVIDIA GeForce RTX 3090 (0),1,,7,"gemv_kernel_g128(const float4 *, const unsigned int *, const unsigned int *, const __half *, __half *, int, int)"
15035088854,97184,33010,1,3072,1,32,4,1,32,0.000,0.000,,,,,NVIDIA GeForce RTX 3090 (0),1,,7,"gemv_kernel_g128(const float4 *, const unsigned int *, const unsigned int *, const __half *, __half *, int, int)"
15037020817,78527,33158,1,1024,1,32,4,1,32,0.000,0.000,,,,,NVIDIA GeForce RTX 3090 (0),1,,7,"gemv_kernel_g128(const float4 *, const unsigned int *, const unsigned int *, const __half *, __half *, int, int)"
15037121392,67136,33164,1,2752,1,32,4,1,32,0.000,0.000,,,,,NVIDIA GeForce RTX 3090 (0),1,,7,"gemv_kernel_g128(const float4 *, const unsigned int *, const unsigned int *, const __half *, __half *, int, int)"
15037190352,68352,33166,1,2752,1,32,4,1,32,0.000,0.000,,,,,NVIDIA GeForce RTX 3090 (0),1,,7,"gemv_kernel_g128(const float4 *, const unsigned int *, const unsigned int *, const __half *, __half *, int, int)"
15037263408,39328,33170,1,1024,1,32,4,1,32,0.000,0.000,,,,,NVIDIA GeForce RTX 3090 (0),1,,7,"gemv_kernel_g128(const float4 *, const unsigned int *, const unsigned int *, const __half *, __half *, int, int)"
15037324624,89376,33176,1,3072,1,32,4,1,32,0.000,0.000,,,,,NVIDIA GeForce RTX 3090 (0),1,,7,"gemv_kernel_g128(const float4 *, const unsigned int *, const unsigned int *, const __half *, __half *, int, int)"
15039428458,77184,33324,1,1024,1,32,4,1,32,0.000,0.000,,,,,NVIDIA GeForce RTX 3090 (0),1,,7,"gemv_kernel_g128(const float4 *, const unsigned int *, const unsigned int *, const __half *, __half *, int, int)"
15039527946,77472,33330,1,2752,1,32,4,1,32,0.000,0.000,,,,,NVIDIA GeForce RTX 3090 (0),1,,7,"gemv_kernel_g128(const float4 *, const unsigned int *, const unsigned int *, const __half *, __half *, int, int)"
15039606986,71551,33332,1,2752,1,32,4,1,32,0.000,0.000,,,,,NVIDIA GeForce RTX 3090 (0),1,,7,"gemv_kernel_g128(const float4 *, const unsigned int *, const unsigned int *, const __half *, __half *, int, int)"
15039683753,36736,33336,1,1024,1,32,4,1,32,0.000,0.000,,,,,NVIDIA GeForce RTX 3090 (0),1,,7,"gemv_kernel_g128(const float4 *, const unsigned int *, const unsigned int *, const __half *, __half *, int, int)"
15039743113,94656,33342,1,3072,1,32,4,1,32,0.000,0.000,,,,,NVIDIA GeForce RTX 3090 (0),1,,7,"gemv_kernel_g128(const float4 *, const unsigned int *, const unsigned int *, const __half *, __half *, int, int)"
15041971427,80128,33490,1,1024,1,32,4,1,32,0.000,0.000,,,,,NVIDIA GeForce RTX 3090 (0),1,,7,"gemv_kernel_g128(const float4 *, const unsigned int *, const unsigned int *, const __half *, __half *, int, int)"
15042073155,71423,33496,1,2752,1,32,4,1,32,0.000,0.000,,,,,NVIDIA GeForce RTX 3090 (0),1,,7,"gemv_kernel_g128(const float4 *, const unsigned int *, const unsigned int *, const __half *, __half *, int, int)"
15042146114,74208,33498,1,2752,1,32,4,1,32,0.000,0.000,,,,,NVIDIA GeForce RTX 3090 (0),1,,7,"gemv_kernel_g128(const float4 *, const unsigned int *, const unsigned int *, const __half *, __half *, int, int)"
15042225666,37984,33502,1,1024,1,32,4,1,32,0.000,0.000,,,,,NVIDIA GeForce RTX 3090 (0),1,,7,"gemv_kernel_g128(const float4 *, const unsigned int *, const unsigned int *, const __half *, __half *, int, int)"
15042284578,96416,33508,1,3072,1,32,4,1,32,0.000,0.000,,,,,NVIDIA GeForce RTX 3090 (0),1,,7,"gemv_kernel_g128(const float4 *, const unsigned int *, const unsigned int *, const __half *, __half *, int, int)"
15044289277,73439,33656,1,1024,1,32,4,1,32,0.000,0.000,,,,,NVIDIA GeForce RTX 3090 (0),1,,7,"gemv_kernel_g128(const float4 *, const unsigned int *, const unsigned int *, const __half *, __half *, int, int)"
15044385628,68640,33662,1,2752,1,32,4,1,32,0.000,0.000,,,,,NVIDIA GeForce RTX 3090 (0),1,,7,"gemv_kernel_g128(const float4 *, const unsigned int *, const unsigned int *, const __half *, __half *, int, int)"
15044455804,66784,33664,1,2752,1,32,4,1,32,0.000,0.000,,,,,NVIDIA GeForce RTX 3090 (0),1,,7,"gemv_kernel_g128(const float4 *, const unsigned int *, const unsigned int *, const __half *, __half *, int, int)"
15044527740,37888,33668,1,1024,1,32,4,1,32,0.000,0.000,,,,,NVIDIA GeForce RTX 3090 (0),1,,7,"gemv_kernel_g128(const float4 *, const unsigned int *, const unsigned int *, const __half *, __half *, int, int)"
15044586908,90079,33674,1,3072,1,32,4,1,32,0.000,0.000,,,,,NVIDIA GeForce RTX 3090 (0),1,,7,"gemv_kernel_g128(const float4 *, const unsigned int *, const unsigned int *, const __half *, __half *, int, int)"
15046676790,74880,33822,1,1024,1,32,4,1,32,0.000,0.000,,,,,NVIDIA GeForce RTX 3090 (0),1,,7,"gemv_kernel_g128(const float4 *, const unsigned int *, const unsigned int *, const __half *, __half *, int, int)"
15046773974,67007,33828,1,2752,1,32,4,1,32,0.000,0.000,,,,,NVIDIA GeForce RTX 3090 (0),1,,7,"gemv_kernel_g128(const float4 *, const unsigned int *, const unsigned int *, const __half *, __half *, int, int)"
15046842901,71296,33830,1,2752,1,32,4,1,32,0.000,0.000,,,,,NVIDIA GeForce RTX 3090 (0),1,,7,"gemv_kernel_g128(const float4 *, const unsigned int *, const unsigned int *, const __half *, __half *, int, int)"
15046918837,37664,33834,1,1024,1,32,4,1,32,0.000,0.000,,,,,NVIDIA GeForce RTX 3090 (0),1,,7,"gemv_kernel_g128(const float4 *, const unsigned int *, const unsigned int *, const __half *, __half *, int, int)"
15046977429,91872,33840,1,3072,1,32,4,1,32,0.000,0.000,,,,,NVIDIA GeForce RTX 3090 (0),1,,7,"gemv_kernel_g128(const float4 *, const unsigned int *, const unsigned int *, const __half *, __half *, int, int)"
15048968368,77599,33988,1,1024,1,32,4,1,32,0.000,0.000,,,,,NVIDIA GeForce RTX 3090 (0),1,,7,"gemv_kernel_g128(const float4 *, const unsigned int *, const unsigned int *, const __half *, __half *, int, int)"
15049068367,68896,33994,1,2752,1,32,4,1,32,0.000,0.000,,,,,NVIDIA GeForce RTX 3090 (0),1,,7,"gemv_kernel_g128(const float4 *, const unsigned int *, const unsigned int *, const __half *, __half *, int, int)"
15049138671,69408,33996,1,2752,1,32,4,1,32,0.000,0.000,,,,,NVIDIA GeForce RTX 3090 (0),1,,7,"gemv_kernel_g128(const float4 *, const unsigned int *, const unsigned int *, const __half *, __half *, int, int)"
15049213295,37824,34000,1,1024,1,32,4,1,32,0.000,0.000,,,,,NVIDIA GeForce RTX 3090 (0),1,,7,"gemv_kernel_g128(const float4 *, const unsigned int *, const unsigned int *, const __half *, __half *, int, int)"
15049273135,91680,34006,1,3072,1,32,4,1,32,0.000,0.000,,,,,NVIDIA GeForce RTX 3090 (0),1,,7,"gemv_kernel_g128(const float4 *, const unsigned int *, const unsigned int *, const __half *, __half *, int, int)"
15051320489,75040,34154,1,1024,1,32,4,1,32,0.000,0.000,,,,,NVIDIA GeForce RTX 3090 (0),1,,7,"gemv_kernel_g128(const float4 *, const unsigned int *, const unsigned int *, const __half *, __half *, int, int)"
15051417609,67072,34160,1,2752,1,32,4,1,32,0.000,0.000,,,,,NVIDIA GeForce RTX 3090 (0),1,,7,"gemv_kernel_g128(const float4 *, const unsigned int *, const unsigned int *, const __half *, __half *, int, int)"
15051486217,67295,34162,1,2752,1,32,4,1,32,0.000,0.000,,,,,NVIDIA GeForce RTX 3090 (0),1,,7,"gemv_kernel_g128(const float4 *, const unsigned int *, const unsigned int *, const __half *, __half *, int, int)"
15051558632,37408,34166,1,1024,1,32,4,1,32,0.000,0.000,,,,,NVIDIA GeForce RTX 3090 (0),1,,7,"gemv_kernel_g128(const float4 *, const unsigned int *, const unsigned int *, const __half *, __half *, int, int)"
15051616296,91424,34172,1,3072,1,32,4,1,32,0.000,0.000,,,,,NVIDIA GeForce RTX 3090 (0),1,,7,"gemv_kernel_g128(const float4 *, const unsigned int *, const unsigned int *, const __half *, __half *, int, int)"
15053749058,88256,34320,1,1024,1,32,4,1,32,0.000,0.000,,,,,NVIDIA GeForce RTX 3090 (0),1,,7,"gemv_kernel_g128(const float4 *, const unsigned int *, const unsigned int *, const __half *, __half *, int, int)"
15053859842,72000,34326,1,2752,1,32,4,1,32,0.000,0.000,,,,,NVIDIA GeForce RTX 3090 (0),1,,7,"gemv_kernel_g128(const float4 *, const unsigned int *, const unsigned int *, const __half *, __half *, int, int)"
15053933314,69984,34328,1,2752,1,32,4,1,32,0.000,0.000,,,,,NVIDIA GeForce RTX 3090 (0),1,,7,"gemv_kernel_g128(const float4 *, const unsigned int *, const unsigned int *, const __half *, __half *, int, int)"
15054007938,37952,34332,1,1024,1,32,4,1,32,0.000,0.000,,,,,NVIDIA GeForce RTX 3090 (0),1,,7,"gemv_kernel_g128(const float4 *, const unsigned int *, const unsigned int *, const __half *, __half *, int, int)"
15054066977,97440,34338,1,3072,1,32,4,1,32,0.000,0.000,,,,,NVIDIA GeForce RTX 3090 (0),1,,7,"gemv_kernel_g128(const float4 *, const unsigned int *, const unsigned int *, const __half *, __half *, int, int)"
15056247995,79552,34486,1,1024,1,32,4,1,32,0.000,0.000,,,,,NVIDIA GeForce RTX 3090 (0),1,,7,"gemv_kernel_g128(const float4 *, const unsigned int *, const unsigned int *, const __half *, __half *, int, int)"
15056349179,70528,34492,1,2752,1,32,4,1,32,0.000,0.000,,,,,NVIDIA GeForce RTX 3090 (0),1,,7,"gemv_kernel_g128(const float4 *, const unsigned int *, const unsigned int *, const __half *, __half *, int, int)"
15056421595,72096,34494,1,2752,1,32,4,1,32,0.000,0.000,,,,,NVIDIA GeForce RTX 3090 (0),1,,7,"gemv_kernel_g128(const float4 *, const unsigned int *, const unsigned int *, const __half *, __half *, int, int)"
15056498875,37856,34498,1,1024,1,32,4,1,32,0.000,0.000,,,,,NVIDIA GeForce RTX 3090 (0),1,,7,"gemv_kernel_g128(const float4 *, const unsigned int *, const unsigned int *, const __half *, __half *, int, int)"
15056558299,142879,34504,1,8000,1,32,4,1,32,0.000,0.000,,,,,NVIDIA GeForce RTX 3090 (0),1,,7,"gemv_kernel_g128(const float4 *, const unsigned int *, const unsigned int *, const __half *, __half *, int, int)"
15086984742,117920,34518,1,3072,1,32,4,1,32,0.000,0.000,,,,,NVIDIA GeForce RTX 3090 (0),1,,7,"gemv_kernel_g128(const float4 *, const unsigned int *, const unsigned int *, const __half *, __half *, int, int)"
15089120416,88512,34666,1,1024,1,32,4,1,32,0.000,0.000,,,,,NVIDIA GeForce RTX 3090 (0),1,,7,"gemv_kernel_g128(const float4 *, const unsigned int *, const unsigned int *, const __half *, __half *, int, int)"
15089230464,75808,34672,1,2752,1,32,4,1,32,0.000,0.000,,,,,NVIDIA GeForce RTX 3090 (0),1,,7,"gemv_kernel_g128(const float4 *, const unsigned int *, const unsigned int *, const __half *, __half *, int, int)"
15089308256,75776,34674,1,2752,1,32,4,1,32,0.000,0.000,,,,,NVIDIA GeForce RTX 3090 (0),1,,7,"gemv_kernel_g128(const float4 *, const unsigned int *, const unsigned int *, const __half *, __half *, int, int)"
15089388800,38528,34678,1,1024,1,32,4,1,32,0.000,0.000,,,,,NVIDIA GeForce RTX 3090 (0),1,,7,"gemv_kernel_g128(const float4 *, const unsigned int *, const unsigned int *, const __half *, __half *, int, int)"
15089449248,96863,34684,1,3072,1,32,4,1,32,0.000,0.000,,,,,NVIDIA GeForce RTX 3090 (0),1,,7,"gemv_kernel_g128(const float4 *, const unsigned int *, const unsigned int *, const __half *, __half *, int, int)"
15091420538,73696,34832,1,1024,1,32,4,1,32,0.000,0.000,,,,,NVIDIA GeForce RTX 3090 (0),1,,7,"gemv_kernel_g128(const float4 *, const unsigned int *, const unsigned int *, const __half *, __half *, int, int)"
15091516250,66080,34838,1,2752,1,32,4,1,32,0.000,0.000,,,,,NVIDIA GeForce RTX 3090 (0),1,,7,"gemv_kernel_g128(const float4 *, const unsigned int *, const unsigned int *, const __half *, __half *, int, int)"
15091583738,69343,34840,1,2752,1,32,4,1,32,0.000,0.000,,,,,NVIDIA GeForce RTX 3090 (0),1,,7,"gemv_kernel_g128(const float4 *, const unsigned int *, const unsigned int *, const __half *, __half *, int, int)"
15091658329,38624,34844,1,1024,1,32,4,1,32,0.000,0.000,,,,,NVIDIA GeForce RTX 3090 (0),1,,7,"gemv_kernel_g128(const float4 *, const unsigned int *, const unsigned int *, const __half *, __half *, int, int)"
15091718329,93280,34850,1,3072,1,32,4,1,32,0.000,0.000,,,,,NVIDIA GeForce RTX 3090 (0),1,,7,"gemv_kernel_g128(const float4 *, const unsigned int *, const unsigned int *, const __half *, __half *, int, int)"
15093666228,86528,34998,1,1024,1,32,4,1,32,0.000,0.000,,,,,NVIDIA GeForce RTX 3090 (0),1,,7,"gemv_kernel_g128(const float4 *, const unsigned int *, const unsigned int *, const __half *, __half *, int, int)"
15093774388,67583,35004,1,2752,1,32,4,1,32,0.000,0.000,,,,,NVIDIA GeForce RTX 3090 (0),1,,7,"gemv_kernel_g128(const float4 *, const unsigned int *, const unsigned int *, const __half *, __half *, int, int)"
15093843475,65472,35006,1,2752,1,32,4,1,32,0.000,0.000,,,,,NVIDIA GeForce RTX 3090 (0),1,,7,"gemv_kernel_g128(const float4 *, const unsigned int *, const unsigned int *, const __half *, __half *, int, int)"
15093914131,37056,35010,1,1024,1,32,4,1,32,0.000,0.000,,,,,NVIDIA GeForce RTX 3090 (0),1,,7,"gemv_kernel_g128(const float4 *, const unsigned int *, const unsigned int *, const __half *, __half *, int, int)"
15093972467,90880,35016,1,3072,1,32,4,1,32,0.000,0.000,,,,,NVIDIA GeForce RTX 3090 (0),1,,7,"gemv_kernel_g128(const float4 *, const unsigned int *, const unsigned int *, const __half *, __half *, int, int)"
15095769262,75488,35164,1,1024,1,32,4,1,32,0.000,0.000,,,,,NVIDIA GeForce RTX 3090 (0),1,,7,"gemv_kernel_g128(const float4 *, const unsigned int *, const unsigned int *, const __half *, __half *, int, int)"
15095866766,68224,35170,1,2752,1,32,4,1,32,0.000,0.000,,,,,NVIDIA GeForce RTX 3090 (0),1,,7,"gemv_kernel_g128(const float4 *, const unsigned int *, const unsigned int *, const __half *, __half *, int, int)"
15095936526,67007,35172,1,2752,1,32,4,1,32,0.000,0.000,,,,,NVIDIA GeForce RTX 3090 (0),1,,7,"gemv_kernel_g128(const float4 *, const unsigned int *, const unsigned int *, const __half *, __half *, int, int)"
15096008173,38112,35176,1,1024,1,32,4,1,32,0.000,0.000,,,,,NVIDIA GeForce RTX 3090 (0),1,,7,"gemv_kernel_g128(const float4 *, const unsigned int *, const unsigned int *, const __half *, __half *, int, int)"
15096066957,89408,35182,1,3072,1,32,4,1,32,0.000,0.000,,,,,NVIDIA GeForce RTX 3090 (0),1,,7,"gemv_kernel_g128(const float4 *, const unsigned int *, const unsigned int *, const __half *, __half *, int, int)"
15097879496,79616,35330,1,1024,1,32,4,1,32,0.000,0.000,,,,,NVIDIA GeForce RTX 3090 (0),1,,7,"gemv_kernel_g128(const float4 *, const unsigned int *, const unsigned int *, const __half *, __half *, int, int)"
15097980424,65280,35336,1,2752,1,32,4,1,32,0.000,0.000,,,,,NVIDIA GeForce RTX 3090 (0),1,,7,"gemv_kernel_g128(const float4 *, const unsigned int *, const unsigned int *, const __half *, __half *, int, int)"
15098047560,66624,35338,1,2752,1,32,4,1,32,0.000,0.000,,,,,NVIDIA GeForce RTX 3090 (0),1,,7,"gemv_kernel_g128(const float4 *, const unsigned int *, const unsigned int *, const __half *, __half *, int, int)"
15098118792,38719,35342,1,1024,1,32,4,1,32,0.000,0.000,,,,,NVIDIA GeForce RTX 3090 (0),1,,7,"gemv_kernel_g128(const float4 *, const unsigned int *, const unsigned int *, const __half *, __half *, int, int)"
15098179047,95456,35348,1,3072,1,32,4,1,32,0.000,0.000,,,,,NVIDIA GeForce RTX 3090 (0),1,,7,"gemv_kernel_g128(const float4 *, const unsigned int *, const unsigned int *, const __half *, __half *, int, int)"
15099944675,73567,35496,1,1024,1,32,4,1,32,0.000,0.000,,,,,NVIDIA GeForce RTX 3090 (0),1,,7,"gemv_kernel_g128(const float4 *, const unsigned int *, const unsigned int *, const __half *, __half *, int, int)"
15100040674,65888,35502,1,2752,1,32,4,1,32,0.000,0.000,,,,,NVIDIA GeForce RTX 3090 (0),1,,7,"gemv_kernel_g128(const float4 *, const unsigned int *, const unsigned int *, const __half *, __half *, int, int)"
15100108066,67008,35504,1,2752,1,32,4,1,32,0.000,0.000,,,,,NVIDIA GeForce RTX 3090 (0),1,,7,"gemv_kernel_g128(const float4 *, const unsigned int *, const unsigned int *, const __half *, __half *, int, int)"
15100180226,37600,35508,1,1024,1,32,4,1,32,0.000,0.000,,,,,NVIDIA GeForce RTX 3090 (0),1,,7,"gemv_kernel_g128(const float4 *, const unsigned int *, const unsigned int *, const __half *, __half *, int, int)"
15100238466,94399,35514,1,3072,1,32,4,1,32,0.000,0.000,,,,,NVIDIA GeForce RTX 3090 (0),1,,7,"gemv_kernel_g128(const float4 *, const unsigned int *, const unsigned int *, const __half *, __half *, int, int)"
15102621691,86368,35662,1,1024,1,32,4,1,32,0.000,0.000,,,,,NVIDIA GeForce RTX 3090 (0),1,,7,"gemv_kernel_g128(const float4 *, const unsigned int *, const unsigned int *, const __half *, __half *, int, int)"
15102729979,81344,35668,1,2752,1,32,4,1,32,0.000,0.000,,,,,NVIDIA GeForce RTX 3090 (0),1,,7,"gemv_kernel_g128(const float4 *, const unsigned int *, const unsigned int *, const __half *, __half *, int, int)"
15102812891,82559,35670,1,2752,1,32,4,1,32,0.000,0.000,,,,,NVIDIA GeForce RTX 3090 (0),1,,7,"gemv_kernel_g128(const float4 *, const unsigned int *, const unsigned int *, const __half *, __half *, int, int)"
15102900666,38368,35674,1,1024,1,32,4,1,32,0.000,0.000,,,,,NVIDIA GeForce RTX 3090 (0),1,,7,"gemv_kernel_g128(const float4 *, const unsigned int *, const unsigned int *, const __half *, __half *, int, int)"
15102959546,107392,35680,1,3072,1,32,4,1,32,0.000,0.000,,,,,NVIDIA GeForce RTX 3090 (0),1,,7,"gemv_kernel_g128(const float4 *, const unsigned int *, const unsigned int *, const __half *, __half *, int, int)"
15104900917,76928,35828,1,1024,1,32,4,1,32,0.000,0.000,,,,,NVIDIA GeForce RTX 3090 (0),1,,7,"gemv_kernel_g128(const float4 *, const unsigned int *, const unsigned int *, const __half *, __half *, int, int)"
15104999541,68095,35834,1,2752,1,32,4,1,32,0.000,0.000,,,,,NVIDIA GeForce RTX 3090 (0),1,,7,"gemv_kernel_g128(const float4 *, const unsigned int *, const unsigned int *, const __half *, __half *, int, int)"
15105069140,67968,35836,1,2752,1,32,4,1,32,0.000,0.000,,,,,NVIDIA GeForce RTX 3090 (0),1,,7,"gemv_kernel_g128(const float4 *, const unsigned int *, const unsigned int *, const __half *, __half *, int, int)"
15105141812,38912,35840,1,1024,1,32,4,1,32,0.000,0.000,,,,,NVIDIA GeForce RTX 3090 (0),1,,7,"gemv_kernel_g128(const float4 *, const unsigned int *, const unsigned int *, const __half *, __half *, int, int)"
15105201748,94048,35846,1,3072,1,32,4,1,32,0.000,0.000,,,,,NVIDIA GeForce RTX 3090 (0),1,,7,"gemv_kernel_g128(const float4 *, const unsigned int *, const unsigned int *, const __half *, __half *, int, int)"
15107102095,81311,35994,1,1024,1,32,4,1,32,0.000,0.000,,,,,NVIDIA GeForce RTX 3090 (0),1,,7,"gemv_kernel_g128(const float4 *, const unsigned int *, const unsigned int *, const __half *, __half *, int, int)"
15107205326,73344,36000,1,2752,1,32,4,1,32,0.000,0.000,,,,,NVIDIA GeForce RTX 3090 (0),1,,7,"gemv_kernel_g128(const float4 *, const unsigned int *, const unsigned int *, const __half *, __half *, int, int)"
15107280590,71168,36002,1,2752,1,32,4,1,32,0.000,0.000,,,,,NVIDIA GeForce RTX 3090 (0),1,,7,"gemv_kernel_g128(const float4 *, const unsigned int *, const unsigned int *, const __half *, __half *, int, int)"
15107356430,38400,36006,1,1024,1,32,4,1,32,0.000,0.000,,,,,NVIDIA GeForce RTX 3090 (0),1,,7,"gemv_kernel_g128(const float4 *, const unsigned int *, const unsigned int *, const __half *, __half *, int, int)"
15107416014,91456,36012,1,3072,1,32,4,1,32,0.000,0.000,,,,,NVIDIA GeForce RTX 3090 (0),1,,7,"gemv_kernel_g128(const float4 *, const unsigned int *, const unsigned int *, const __half *, __half *, int, int)"
15109303465,79359,36160,1,1024,1,32,4,1,32,0.000,0.000,,,,,NVIDIA GeForce RTX 3090 (0),1,,7,"gemv_kernel_g128(const float4 *, const unsigned int *, const unsigned int *, const __half *, __half *, int, int)"
15109405224,69472,36166,1,2752,1,32,4,1,32,0.000,0.000,,,,,NVIDIA GeForce RTX 3090 (0),1,,7,"gemv_kernel_g128(const float4 *, const unsigned int *, const unsigned int *, const __half *, __half *, int, int)"
15109476232,66528,36168,1,2752,1,32,4,1,32,0.000,0.000,,,,,NVIDIA GeForce RTX 3090 (0),1,,7,"gemv_kernel_g128(const float4 *, const unsigned int *, const unsigned int *, const __half *, __half *, int, int)"
15109548040,38432,36172,1,1024,1,32,4,1,32,0.000,0.000,,,,,NVIDIA GeForce RTX 3090 (0),1,,7,"gemv_kernel_g128(const float4 *, const unsigned int *, const unsigned int *, const __half *, __half *, int, int)"
15109607464,94944,36178,1,3072,1,32,4,1,32,0.000,0.000,,,,,NVIDIA GeForce RTX 3090 (0),1,,7,"gemv_kernel_g128(const float4 *, const unsigned int *, const unsigned int *, const __half *, __half *, int, int)"
15111414691,72064,36326,1,1024,1,32,4,1,32,0.000,0.000,,,,,NVIDIA GeForce RTX 3090 (0),1,,7,"gemv_kernel_g128(const float4 *, const unsigned int *, const unsigned int *, const __half *, __half *, int, int)"
15111508291,65951,36332,1,2752,1,32,4,1,32,0.000,0.000,,,,,NVIDIA GeForce RTX 3090 (0),1,,7,"gemv_kernel_g128(const float4 *, const unsigned int *, const unsigned int *, const __half *, __half *, int, int)"
15111575746,66176,36334,1,2752,1,32,4,1,32,0.000,0.000,,,,,NVIDIA GeForce RTX 3090 (0),1,,7,"gemv_kernel_g128(const float4 *, const unsigned int *, const unsigned int *, const __half *, __half *, int, int)"
15111647042,37312,36338,1,1024,1,32,4,1,32,0.000,0.000,,,,,NVIDIA GeForce RTX 3090 (0),1,,7,"gemv_kernel_g128(const float4 *, const unsigned int *, const unsigned int *, const __half *, __half *, int, int)"
15111704994,90560,36344,1,3072,1,32,4,1,32,0.000,0.000,,,,,NVIDIA GeForce RTX 3090 (0),1,,7,"gemv_kernel_g128(const float4 *, const unsigned int *, const unsigned int *, const __half *, __half *, int, int)"
15113592381,75776,36492,1,1024,1,32,4,1,32,0.000,0.000,,,,,NVIDIA GeForce RTX 3090 (0),1,,7,"gemv_kernel_g128(const float4 *, const unsigned int *, const unsigned int *, const __half *, __half *, int, int)"
15113691228,66304,36498,1,2752,1,32,4,1,32,0.000,0.000,,,,,NVIDIA GeForce RTX 3090 (0),1,,7,"gemv_kernel_g128(const float4 *, const unsigned int *, const unsigned int *, const __half *, __half *, int, int)"
15113759260,67200,36500,1,2752,1,32,4,1,32,0.000,0.000,,,,,NVIDIA GeForce RTX 3090 (0),1,,7,"gemv_kernel_g128(const float4 *, const unsigned int *, const unsigned int *, const __half *, __half *, int, int)"
15113831164,38400,36504,1,1024,1,32,4,1,32,0.000,0.000,,,,,NVIDIA GeForce RTX 3090 (0),1,,7,"gemv_kernel_g128(const float4 *, const unsigned int *, const unsigned int *, const __half *, __half *, int, int)"
15113890268,92032,36510,1,3072,1,32,4,1,32,0.000,0.000,,,,,NVIDIA GeForce RTX 3090 (0),1,,7,"gemv_kernel_g128(const float4 *, const unsigned int *, const unsigned int *, const __half *, __half *, int, int)"
15115771063,74783,36658,1,1024,1,32,4,1,32,0.000,0.000,,,,,NVIDIA GeForce RTX 3090 (0),1,,7,"gemv_kernel_g128(const float4 *, const unsigned int *, const unsigned int *, const __half *, __half *, int, int)"
15115867542,66848,36664,1,2752,1,32,4,1,32,0.000,0.000,,,,,NVIDIA GeForce RTX 3090 (0),1,,7,"gemv_kernel_g128(const float4 *, const unsigned int *, const unsigned int *, const __half *, __half *, int, int)"
15115936374,65920,36666,1,2752,1,32,4,1,32,0.000,0.000,,,,,NVIDIA GeForce RTX 3090 (0),1,,7,"gemv_kernel_g128(const float4 *, const unsigned int *, const unsigned int *, const __half *, __half *, int, int)"
15116006934,38496,36670,1,1024,1,32,4,1,32,0.000,0.000,,,,,NVIDIA GeForce RTX 3090 (0),1,,7,"gemv_kernel_g128(const float4 *, const unsigned int *, const unsigned int *, const __half *, __half *, int, int)"
15116065910,94112,36676,1,3072,1,32,4,1,32,0.000,0.000,,,,,NVIDIA GeForce RTX 3090 (0),1,,7,"gemv_kernel_g128(const float4 *, const unsigned int *, const unsigned int *, const __half *, __half *, int, int)"
15117957937,78719,36824,1,1024,1,32,4,1,32,0.000,0.000,,,,,NVIDIA GeForce RTX 3090 (0),1,,7,"gemv_kernel_g128(const float4 *, const unsigned int *, const unsigned int *, const __half *, __half *, int, int)"
15118058896,87584,36830,1,2752,1,32,4,1,32,0.000,0.000,,,,,NVIDIA GeForce RTX 3090 (0),1,,7,"gemv_kernel_g128(const float4 *, const unsigned int *, const unsigned int *, const __half *, __half *, int, int)"
15118147952,117696,36832,1,2752,1,32,4,1,32,0.000,0.000,,,,,NVIDIA GeForce RTX 3090 (0),1,,7,"gemv_kernel_g128(const float4 *, const unsigned int *, const unsigned int *, const __half *, __half *, int, int)"
15118270896,37824,36836,1,1024,1,32,4,1,32,0.000,0.000,,,,,NVIDIA GeForce RTX 3090 (0),1,,7,"gemv_kernel_g128(const float4 *, const unsigned int *, const unsigned int *, const __half *, __half *, int, int)"
15118332368,118623,36842,1,3072,1,32,4,1,32,0.000,0.000,,,,,NVIDIA GeForce RTX 3090 (0),1,,7,"gemv_kernel_g128(const float4 *, const unsigned int *, const unsigned int *, const __half *, __half *, int, int)"
15120652297,79936,36990,1,1024,1,32,4,1,32,0.000,0.000,,,,,NVIDIA GeForce RTX 3090 (0),1,,7,"gemv_kernel_g128(const float4 *, const unsigned int *, const unsigned int *, const __half *, __half *, int, int)"
15120754313,74624,36996,1,2752,1,32,4,1,32,0.000,0.000,,,,,NVIDIA GeForce RTX 3090 (0),1,,7,"gemv_kernel_g128(const float4 *, const unsigned int *, const unsigned int *, const __half *, __half *, int, int)"
15120830473,74751,36998,1,2752,1,32,4,1,32,0.000,0.000,,,,,NVIDIA GeForce RTX 3090 (0),1,,7,"gemv_kernel_g128(const float4 *, const unsigned int *, const unsigned int *, const __half *, __half *, int, int)"
15120910408,38272,37002,1,1024,1,32,4,1,32,0.000,0.000,,,,,NVIDIA GeForce RTX 3090 (0),1,,7,"gemv_kernel_g128(const float4 *, const unsigned int *, const unsigned int *, const __half *, __half *, int, int)"
15120969928,112672,37008,1,3072,1,32,4,1,32,0.000,0.000,,,,,NVIDIA GeForce RTX 3090 (0),1,,7,"gemv_kernel_g128(const float4 *, const unsigned int *, const unsigned int *, const __half *, __half *, int, int)"
15123537185,81024,37156,1,1024,1,32,4,1,32,0.000,0.000,,,,,NVIDIA GeForce RTX 3090 (0),1,,7,"gemv_kernel_g128(const float4 *, const unsigned int *, const unsigned int *, const __half *, __half *, int, int)"
15123640577,75328,37162,1,2752,1,32,4,1,32,0.000,0.000,,,,,NVIDIA GeForce RTX 3090 (0),1,,7,"gemv_kernel_g128(const float4 *, const unsigned int *, const unsigned int *, const __half *, __half *, int, int)"
15123717313,78047,37164,1,2752,1,32,4,1,32,0.000,0.000,,,,,NVIDIA GeForce RTX 3090 (0),1,,7,"gemv_kernel_g128(const float4 *, const unsigned int *, const unsigned int *, const __half *, __half *, int, int)"
15123800032,37024,37168,1,1024,1,32,4,1,32,0.000,0.000,,,,,NVIDIA GeForce RTX 3090 (0),1,,7,"gemv_kernel_g128(const float4 *, const unsigned int *, const unsigned int *, const __half *, __half *, int, int)"
15123858912,101312,37174,1,3072,1,32,4,1,32,0.000,0.000,,,,,NVIDIA GeForce RTX 3090 (0),1,,7,"gemv_kernel_g128(const float4 *, const unsigned int *, const unsigned int *, const __half *, __half *, int, int)"
15126018170,85120,37322,1,1024,1,32,4,1,32,0.000,0.000,,,,,NVIDIA GeForce RTX 3090 (0),1,,7,"gemv_kernel_g128(const float4 *, const unsigned int *, const unsigned int *, const __half *, __half *, int, int)"
15126125786,74208,37328,1,2752,1,32,4,1,32,0.000,0.000,,,,,NVIDIA GeForce RTX 3090 (0),1,,7,"gemv_kernel_g128(const float4 *, const unsigned int *, const unsigned int *, const __half *, __half *, int, int)"
15126201978,74752,37330,1,2752,1,32,4,1,32,0.000,0.000,,,,,NVIDIA GeForce RTX 3090 (0),1,,7,"gemv_kernel_g128(const float4 *, const unsigned int *, const unsigned int *, const __half *, __half *, int, int)"
15126281402,37824,37334,1,1024,1,32,4,1,32,0.000,0.000,,,,,NVIDIA GeForce RTX 3090 (0),1,,7,"gemv_kernel_g128(const float4 *, const unsigned int *, const unsigned int *, const __half *, __half *, int, int)"
15126340569,99648,37340,1,3072,1,32,4,1,32,0.000,0.000,,,,,NVIDIA GeForce RTX 3090 (0),1,,7,"gemv_kernel_g128(const float4 *, const unsigned int *, const unsigned int *, const __half *, __half *, int, int)"
15128542099,88416,37488,1,1024,1,32,4,1,32,0.000,0.000,,,,,NVIDIA GeForce RTX 3090 (0),1,,7,"gemv_kernel_g128(const float4 *, const unsigned int *, const unsigned int *, const __half *, __half *, int, int)"
15128653299,76512,37494,1,2752,1,32,4,1,32,0.000,0.000,,,,,NVIDIA GeForce RTX 3090 (0),1,,7,"gemv_kernel_g128(const float4 *, const unsigned int *, const unsigned int *, const __half *, __half *, int, int)"
15128731315,78368,37496,1,2752,1,32,4,1,32,0.000,0.000,,,,,NVIDIA GeForce RTX 3090 (0),1,,7,"gemv_kernel_g128(const float4 *, const unsigned int *, const unsigned int *, const __half *, __half *, int, int)"
15128814835,38111,37500,1,1024,1,32,4,1,32,0.000,0.000,,,,,NVIDIA GeForce RTX 3090 (0),1,,7,"gemv_kernel_g128(const float4 *, const unsigned int *, const unsigned int *, const __half *, __half *, int, int)"
15128875378,105600,37506,1,3072,1,32,4,1,32,0.000,0.000,,,,,NVIDIA GeForce RTX 3090 (0),1,,7,"gemv_kernel_g128(const float4 *, const unsigned int *, const unsigned int *, const __half *, __half *, int, int)"
15131279948,88480,37654,1,1024,1,32,4,1,32,0.000,0.000,,,,,NVIDIA GeForce RTX 3090 (0),1,,7,"gemv_kernel_g128(const float4 *, const unsigned int *, const unsigned int *, const __half *, __half *, int, int)"
15131390475,79808,37660,1,2752,1,32,4,1,32,0.000,0.000,,,,,NVIDIA GeForce RTX 3090 (0),1,,7,"gemv_kernel_g128(const float4 *, const unsigned int *, const unsigned int *, const __half *, __half *, int, int)"
15131471787,82752,37662,1,2752,1,32,4,1,32,0.000,0.000,,,,,NVIDIA GeForce RTX 3090 (0),1,,7,"gemv_kernel_g128(const float4 *, const unsigned int *, const unsigned int *, const __half *, __half *, int, int)"
15131559947,39040,37666,1,1024,1,32,4,1,32,0.000,0.000,,,,,NVIDIA GeForce RTX 3090 (0),1,,7,"gemv_kernel_g128(const float4 *, const unsigned int *, const unsigned int *, const __half *, __half *, int, int)"
15131620139,97952,37672,1,3072,1,32,4,1,32,0.000,0.000,,,,,NVIDIA GeForce RTX 3090 (0),1,,7,"gemv_kernel_g128(const float4 *, const unsigned int *, const unsigned int *, const __half *, __half *, int, int)"
15134054276,89632,37820,1,1024,1,32,4,1,32,0.000,0.000,,,,,NVIDIA GeForce RTX 3090 (0),1,,7,"gemv_kernel_g128(const float4 *, const unsigned int *, const unsigned int *, const __half *, __half *, int, int)"
15134167140,82720,37826,1,2752,1,32,4,1,32,0.000,0.000,,,,,NVIDIA GeForce RTX 3090 (0),1,,7,"gemv_kernel_g128(const float4 *, const unsigned int *, const unsigned int *, const __half *, __half *, int, int)"
15134251428,76447,37828,1,2752,1,32,4,1,32,0.000,0.000,,,,,NVIDIA GeForce RTX 3090 (0),1,,7,"gemv_kernel_g128(const float4 *, const unsigned int *, const unsigned int *, const __half *, __half *, int, int)"
15134332803,40352,37832,1,1024,1,32,4,1,32,0.000,0.000,,,,,NVIDIA GeForce RTX 3090 (0),1,,7,"gemv_kernel_g128(const float4 *, const unsigned int *, const unsigned int *, const __half *, __half *, int, int)"
15134395907,103072,37838,1,3072,1,32,4,1,32,0.000,0.000,,,,,NVIDIA GeForce RTX 3090 (0),1,,7,"gemv_kernel_g128(const float4 *, const unsigned int *, const unsigned int *, const __half *, __half *, int, int)"
15136948220,83744,37986,1,1024,1,32,4,1,32,0.000,0.000,,,,,NVIDIA GeForce RTX 3090 (0),1,,7,"gemv_kernel_g128(const float4 *, const unsigned int *, const unsigned int *, const __half *, __half *, int, int)"
15137053820,77760,37992,1,2752,1,32,4,1,32,0.000,0.000,,,,,NVIDIA GeForce RTX 3090 (0),1,,7,"gemv_kernel_g128(const float4 *, const unsigned int *, const unsigned int *, const __half *, __half *, int, int)"
15137133564,74527,37994,1,2752,1,32,4,1,32,0.000,0.000,,,,,NVIDIA GeForce RTX 3090 (0),1,,7,"gemv_kernel_g128(const float4 *, const unsigned int *, const unsigned int *, const __half *, __half *, int, int)"
15137213499,38912,37998,1,1024,1,32,4,1,32,0.000,0.000,,,,,NVIDIA GeForce RTX 3090 (0),1,,7,"gemv_kernel_g128(const float4 *, const unsigned int *, const unsigned int *, const __half *, __half *, int, int)"
15137274907,100832,38004,1,3072,1,32,4,1,32,0.000,0.000,,,,,NVIDIA GeForce RTX 3090 (0),1,,7,"gemv_kernel_g128(const float4 *, const unsigned int *, const unsigned int *, const __half *, __half *, int, int)"
15139566389,83456,38152,1,1024,1,32,4,1,32,0.000,0.000,,,,,NVIDIA GeForce RTX 3090 (0),1,,7,"gemv_kernel_g128(const float4 *, const unsigned int *, const unsigned int *, const __half *, __half *, int, int)"
15139672309,68767,38158,1,2752,1,32,4,1,32,0.000,0.000,,,,,NVIDIA GeForce RTX 3090 (0),1,,7,"gemv_kernel_g128(const float4 *, const unsigned int *, const unsigned int *, const __half *, __half *, int, int)"
15139742580,68832,38160,1,2752,1,32,4,1,32,0.000,0.000,,,,,NVIDIA GeForce RTX 3090 (0),1,,7,"gemv_kernel_g128(const float4 *, const unsigned int *, const unsigned int *, const __half *, __half *, int, int)"
15139816724,38240,38164,1,1024,1,32,4,1,32,0.000,0.000,,,,,NVIDIA GeForce RTX 3090 (0),1,,7,"gemv_kernel_g128(const float4 *, const unsigned int *, const unsigned int *, const __half *, __half *, int, int)"
15139876372,95808,38170,1,3072,1,32,4,1,32,0.000,0.000,,,,,NVIDIA GeForce RTX 3090 (0),1,,7,"gemv_kernel_g128(const float4 *, const unsigned int *, const unsigned int *, const __half *, __half *, int, int)"
15141953646,80544,38318,1,1024,1,32,4,1,32,0.000,0.000,,,,,NVIDIA GeForce RTX 3090 (0),1,,7,"gemv_kernel_g128(const float4 *, const unsigned int *, const unsigned int *, const __half *, __half *, int, int)"
15142057102,65408,38324,1,2752,1,32,4,1,32,0.000,0.000,,,,,NVIDIA GeForce RTX 3090 (0),1,,7,"gemv_kernel_g128(const float4 *, const unsigned int *, const unsigned int *, const __half *, __half *, int, int)"
15142123950,65888,38326,1,2752,1,32,4,1,32,0.000,0.000,,,,,NVIDIA GeForce RTX 3090 (0),1,,7,"gemv_kernel_g128(const float4 *, const unsigned int *, const unsigned int *, const __half *, __half *, int, int)"
15142194926,37727,38330,1,1024,1,32,4,1,32,0.000,0.000,,,,,NVIDIA GeForce RTX 3090 (0),1,,7,"gemv_kernel_g128(const float4 *, const unsigned int *, const unsigned int *, const __half *, __half *, int, int)"
15142253773,95168,38336,1,3072,1,32,4,1,32,0.000,0.000,,,,,NVIDIA GeForce RTX 3090 (0),1,,7,"gemv_kernel_g128(const float4 *, const unsigned int *, const unsigned int *, const __half *, __half *, int, int)"
15144495463,69056,38484,1,1024,1,32,4,1,32,0.000,0.000,,,,,NVIDIA GeForce RTX 3090 (0),1,,7,"gemv_kernel_g128(const float4 *, const unsigned int *, const unsigned int *, const __half *, __half *, int, int)"
15144587239,66432,38490,1,2752,1,32,4,1,32,0.000,0.000,,,,,NVIDIA GeForce RTX 3090 (0),1,,7,"gemv_kernel_g128(const float4 *, const unsigned int *, const unsigned int *, const __half *, __half *, int, int)"
15144655143,65856,38492,1,2752,1,32,4,1,32,0.000,0.000,,,,,NVIDIA GeForce RTX 3090 (0),1,,7,"gemv_kernel_g128(const float4 *, const unsigned int *, const unsigned int *, const __half *, __half *, int, int)"
15144725607,37279,38496,1,1024,1,32,4,1,32,0.000,0.000,,,,,NVIDIA GeForce RTX 3090 (0),1,,7,"gemv_kernel_g128(const float4 *, const unsigned int *, const unsigned int *, const __half *, __half *, int, int)"
15144784806,96096,38502,1,3072,1,32,4,1,32,0.000,0.000,,,,,NVIDIA GeForce RTX 3090 (0),1,,7,"gemv_kernel_g128(const float4 *, const unsigned int *, const unsigned int *, const __half *, __half *, int, int)"
15146769601,72576,38650,1,1024,1,32,4,1,32,0.000,0.000,,,,,NVIDIA GeForce RTX 3090 (0),1,,7,"gemv_kernel_g128(const float4 *, const unsigned int *, const unsigned int *, const __half *, __half *, int, int)"
15146864321,66431,38656,1,2752,1,32,4,1,32,0.000,0.000,,,,,NVIDIA GeForce RTX 3090 (0),1,,7,"gemv_kernel_g128(const float4 *, const unsigned int *, const unsigned int *, const __half *, __half *, int, int)"
15146932608,65536,38658,1,2752,1,32,4,1,32,0.000,0.000,,,,,NVIDIA GeForce RTX 3090 (0),1,,7,"gemv_kernel_g128(const float4 *, const unsigned int *, const unsigned int *, const __half *, __half *, int, int)"
15147003104,37280,38662,1,1024,1,32,4,1,32,0.000,0.000,,,,,NVIDIA GeForce RTX 3090 (0),1,,7,"gemv_kernel_g128(const float4 *, const unsigned int *, const unsigned int *, const __half *, __half *, int, int)"
15147062144,88480,38668,1,3072,1,32,4,1,32,0.000,0.000,,,,,NVIDIA GeForce RTX 3090 (0),1,,7,"gemv_kernel_g128(const float4 *, const unsigned int *, const unsigned int *, const __half *, __half *, int, int)"
15149096986,103232,38816,1,1024,1,32,4,1,32,0.000,0.000,,,,,NVIDIA GeForce RTX 3090 (0),1,,7,"gemv_kernel_g128(const float4 *, const unsigned int *, const unsigned int *, const __half *, __half *, int, int)"
15149225466,96224,38822,1,2752,1,32,4,1,32,0.000,0.000,,,,,NVIDIA GeForce RTX 3090 (0),1,,7,"gemv_kernel_g128(const float4 *, const unsigned int *, const unsigned int *, const __half *, __half *, int, int)"
15149323098,93344,38824,1,2752,1,32,4,1,32,0.000,0.000,,,,,NVIDIA GeForce RTX 3090 (0),1,,7,"gemv_kernel_g128(const float4 *, const unsigned int *, const unsigned int *, const __half *, __half *, int, int)"
15149421594,39647,38828,1,1024,1,32,4,1,32,0.000,0.000,,,,,NVIDIA GeForce RTX 3090 (0),1,,7,"gemv_kernel_g128(const float4 *, const unsigned int *, const unsigned int *, const __half *, __half *, int, int)"
15149482841,101568,38834,1,3072,1,32,4,1,32,0.000,0.000,,,,,NVIDIA GeForce RTX 3090 (0),1,,7,"gemv_kernel_g128(const float4 *, const unsigned int *, const unsigned int *, const __half *, __half *, int, int)"
15151412980,75232,38982,1,1024,1,32,4,1,32,0.000,0.000,,,,,NVIDIA GeForce RTX 3090 (0),1,,7,"gemv_kernel_g128(const float4 *, const unsigned int *, const unsigned int *, const __half *, __half *, int, int)"
15151510132,66752,38988,1,2752,1,32,4,1,32,0.000,0.000,,,,,NVIDIA GeForce RTX 3090 (0),1,,7,"gemv_kernel_g128(const float4 *, const unsigned int *, const unsigned int *, const __half *, __half *, int, int)"
15151578356,64831,38990,1,2752,1,32,4,1,32,0.000,0.000,,,,,NVIDIA GeForce RTX 3090 (0),1,,7,"gemv_kernel_g128(const float4 *, const unsigned int *, const unsigned int *, const __half *, __half *, int, int)"
15151648307,37728,38994,1,1024,1,32,4,1,32,0.000,0.000,,,,,NVIDIA GeForce RTX 3090 (0),1,,7,"gemv_kernel_g128(const float4 *, const unsigned int *, const unsigned int *, const __half *, __half *, int, int)"
15151706547,93760,39000,1,3072,1,32,4,1,32,0.000,0.000,,,,,NVIDIA GeForce RTX 3090 (0),1,,7,"gemv_kernel_g128(const float4 *, const unsigned int *, const unsigned int *, const __half *, __half *, int, int)"
15153675822,82176,39148,1,1024,1,32,4,1,32,0.000,0.000,,,,,NVIDIA GeForce RTX 3090 (0),1,,7,"gemv_kernel_g128(const float4 *, const unsigned int *, const unsigned int *, const __half *, __half *, int, int)"
15153784877,66464,39154,1,2752,1,32,4,1,32,0.000,0.000,,,,,NVIDIA GeForce RTX 3090 (0),1,,7,"gemv_kernel_g128(const float4 *, const unsigned int *, const unsigned int *, const __half *, __half *, int, int)"
15153852749,67808,39156,1,2752,1,32,4,1,32,0.000,0.000,,,,,NVIDIA GeForce RTX 3090 (0),1,,7,"gemv_kernel_g128(const float4 *, const unsigned int *, const unsigned int *, const __half *, __half *, int, int)"
15153925229,37568,39160,1,1024,1,32,4,1,32,0.000,0.000,,,,,NVIDIA GeForce RTX 3090 (0),1,,7,"gemv_kernel_g128(const float4 *, const unsigned int *, const unsigned int *, const __half *, __half *, int, int)"
15153984077,90464,39166,1,3072,1,32,4,1,32,0.000,0.000,,,,,NVIDIA GeForce RTX 3090 (0),1,,7,"gemv_kernel_g128(const float4 *, const unsigned int *, const unsigned int *, const __half *, __half *, int, int)"
15156049127,81888,39314,1,1024,1,32,4,1,32,0.000,0.000,,,,,NVIDIA GeForce RTX 3090 (0),1,,7,"gemv_kernel_g128(const float4 *, const unsigned int *, const unsigned int *, const __half *, __half *, int, int)"
15156152903,65824,39320,1,2752,1,32,4,1,32,0.000,0.000,,,,,NVIDIA GeForce RTX 3090 (0),1,,7,"gemv_kernel_g128(const float4 *, const unsigned int *, const unsigned int *, const __half *, __half *, int, int)"
15156220551,67072,39322,1,2752,1,32,4,1,32,0.000,0.000,,,,,NVIDIA GeForce RTX 3090 (0),1,,7,"gemv_kernel_g128(const float4 *, const unsigned int *, const unsigned int *, const __half *, __half *, int, int)"
15156292327,37951,39326,1,1024,1,32,4,1,32,0.000,0.000,,,,,NVIDIA GeForce RTX 3090 (0),1,,7,"gemv_kernel_g128(const float4 *, const unsigned int *, const unsigned int *, const __half *, __half *, int, int)"
15156351366,94720,39332,1,3072,1,32,4,1,32,0.000,0.000,,,,,NVIDIA GeForce RTX 3090 (0),1,,7,"gemv_kernel_g128(const float4 *, const unsigned int *, const unsigned int *, const __half *, __half *, int, int)"
15158274305,78880,39480,1,1024,1,32,4,1,32,0.000,0.000,,,,,NVIDIA GeForce RTX 3090 (0),1,,7,"gemv_kernel_g128(const float4 *, const unsigned int *, const unsigned int *, const __half *, __half *, int, int)"
15158375329,65440,39486,1,2752,1,32,4,1,32,0.000,0.000,,,,,NVIDIA GeForce RTX 3090 (0),1,,7,"gemv_kernel_g128(const float4 *, const unsigned int *, const unsigned int *, const __half *, __half *, int, int)"
15158442241,66399,39488,1,2752,1,32,4,1,32,0.000,0.000,,,,,NVIDIA GeForce RTX 3090 (0),1,,7,"gemv_kernel_g128(const float4 *, const unsigned int *, const unsigned int *, const __half *, __half *, int, int)"
15158513728,37568,39492,1,1024,1,32,4,1,32,0.000,0.000,,,,,NVIDIA GeForce RTX 3090 (0),1,,7,"gemv_kernel_g128(const float4 *, const unsigned int *, const unsigned int *, const __half *, __half *, int, int)"
15158572480,89664,39498,1,3072,1,32,4,1,32,0.000,0.000,,,,,NVIDIA GeForce RTX 3090 (0),1,,7,"gemv_kernel_g128(const float4 *, const unsigned int *, const unsigned int *, const __half *, __half *, int, int)"
15160551227,73888,39646,1,1024,1,32,4,1,32,0.000,0.000,,,,,NVIDIA GeForce RTX 3090 (0),1,,7,"gemv_kernel_g128(const float4 *, const unsigned int *, const unsigned int *, const __half *, __half *, int, int)"
15160646458,65344,39652,1,2752,1,32,4,1,32,0.000,0.000,,,,,NVIDIA GeForce RTX 3090 (0),1,,7,"gemv_kernel_g128(const float4 *, const unsigned int *, const unsigned int *, const __half *, __half *, int, int)"
15160713178,66208,39654,1,2752,1,32,4,1,32,0.000,0.000,,,,,NVIDIA GeForce RTX 3090 (0),1,,7,"gemv_kernel_g128(const float4 *, const unsigned int *, const unsigned int *, const __half *, __half *, int, int)"
15160784474,36768,39658,1,1024,1,32,4,1,32,0.000,0.000,,,,,NVIDIA GeForce RTX 3090 (0),1,,7,"gemv_kernel_g128(const float4 *, const unsigned int *, const unsigned int *, const __half *, __half *, int, int)"
15160842426,92320,39664,1,3072,1,32,4,1,32,0.000,0.000,,,,,NVIDIA GeForce RTX 3090 (0),1,,7,"gemv_kernel_g128(const float4 *, const unsigned int *, const unsigned int *, const __half *, __half *, int, int)"
15162704117,72000,39812,1,1024,1,32,4,1,32,0.000,0.000,,,,,NVIDIA GeForce RTX 3090 (0),1,,7,"gemv_kernel_g128(const float4 *, const unsigned int *, const unsigned int *, const __half *, __half *, int, int)"
15162799413,65279,39818,1,2752,1,32,4,1,32,0.000,0.000,,,,,NVIDIA GeForce RTX 3090 (0),1,,7,"gemv_kernel_g128(const float4 *, const unsigned int *, const unsigned int *, const __half *, __half *, int, int)"
15162866196,65760,39820,1,2752,1,32,4,1,32,0.000,0.000,,,,,NVIDIA GeForce RTX 3090 (0),1,,7,"gemv_kernel_g128(const float4 *, const unsigned int *, const unsigned int *, const __half *, __half *, int, int)"
15162936564,38240,39824,1,1024,1,32,4,1,32,0.000,0.000,,,,,NVIDIA GeForce RTX 3090 (0),1,,7,"gemv_kernel_g128(const float4 *, const unsigned int *, const unsigned int *, const __half *, __half *, int, int)"
15162996052,137696,39830,1,8000,1,32,4,1,32,0.000,0.000,,,,,NVIDIA GeForce RTX 3090 (0),1,,7,"gemv_kernel_g128(const float4 *, const unsigned int *, const unsigned int *, const __half *, __half *, int, int)"
15194185086,110399,39844,1,3072,1,32,4,1,32,0.000,0.000,,,,,NVIDIA GeForce RTX 3090 (0),1,,7,"gemv_kernel_g128(const float4 *, const unsigned int *, const unsigned int *, const __half *, __half *, int, int)"
15196682647,115135,39992,1,1024,1,32,4,1,32,0.000,0.000,,,,,NVIDIA GeForce RTX 3090 (0),1,,7,"gemv_kernel_g128(const float4 *, const unsigned int *, const unsigned int *, const __half *, __half *, int, int)"
15196827030,137056,39998,1,2752,1,32,4,1,32,0.000,0.000,,,,,NVIDIA GeForce RTX 3090 (0),1,,7,"gemv_kernel_g128(const float4 *, const unsigned int *, const unsigned int *, const __half *, __half *, int, int)"
15196965590,104832,40000,1,2752,1,32,4,1,32,0.000,0.000,,,,,NVIDIA GeForce RTX 3090 (0),1,,7,"gemv_kernel_g128(const float4 *, const unsigned int *, const unsigned int *, const __half *, __half *, int, int)"
15197075542,39552,40004,1,1024,1,32,4,1,32,0.000,0.000,,,,,NVIDIA GeForce RTX 3090 (0),1,,7,"gemv_kernel_g128(const float4 *, const unsigned int *, const unsigned int *, const __half *, __half *, int, int)"
15197139381,132032,40010,1,3072,1,32,4,1,32,0.000,0.000,,,,,NVIDIA GeForce RTX 3090 (0),1,,7,"gemv_kernel_g128(const float4 *, const unsigned int *, const unsigned int *, const __half *, __half *, int, int)"
15200070861,89504,40158,1,1024,1,32,4,1,32,0.000,0.000,,,,,NVIDIA GeForce RTX 3090 (0),1,,7,"gemv_kernel_g128(const float4 *, const unsigned int *, const unsigned int *, const __half *, __half *, int, int)"
15200181869,76928,40164,1,2752,1,32,4,1,32,0.000,0.000,,,,,NVIDIA GeForce RTX 3090 (0),1,,7,"gemv_kernel_g128(const float4 *, const unsigned int *, const unsigned int *, const __half *, __half *, int, int)"
15200260749,77184,40166,1,2752,1,32,4,1,32,0.000,0.000,,,,,NVIDIA GeForce RTX 3090 (0),1,,7,"gemv_kernel_g128(const float4 *, const unsigned int *, const unsigned int *, const __half *, __half *, int, int)"
15200342541,39168,40170,1,1024,1,32,4,1,32,0.000,0.000,,,,,NVIDIA GeForce RTX 3090 (0),1,,7,"gemv_kernel_g128(const float4 *, const unsigned int *, const unsigned int *, const __half *, __half *, int, int)"
15200403468,112896,40176,1,3072,1,32,4,1,32,0.000,0.000,,,,,NVIDIA GeForce RTX 3090 (0),1,,7,"gemv_kernel_g128(const float4 *, const unsigned int *, const unsigned int *, const __half *, __half *, int, int)"
15202471527,83680,40324,1,1024,1,32,4,1,32,0.000,0.000,,,,,NVIDIA GeForce RTX 3090 (0),1,,7,"gemv_kernel_g128(const float4 *, const unsigned int *, const unsigned int *, const __half *, __half *, int, int)"
15202576710,76544,40330,1,2752,1,32,4,1,32,0.000,0.000,,,,,NVIDIA GeForce RTX 3090 (0),1,,7,"gemv_kernel_g128(const float4 *, const unsigned int *, const unsigned int *, const __half *, __half *, int, int)"
15202654790,76448,40332,1,2752,1,32,4,1,32,0.000,0.000,,,,,NVIDIA GeForce RTX 3090 (0),1,,7,"gemv_kernel_g128(const float4 *, const unsigned int *, const unsigned int *, const __half *, __half *, int, int)"
15202736582,37472,40336,1,1024,1,32,4,1,32,0.000,0.000,,,,,NVIDIA GeForce RTX 3090 (0),1,,7,"gemv_kernel_g128(const float4 *, const unsigned int *, const unsigned int *, const __half *, __half *, int, int)"
15202795078,100736,40342,1,3072,1,32,4,1,32,0.000,0.000,,,,,NVIDIA GeForce RTX 3090 (0),1,,7,"gemv_kernel_g128(const float4 *, const unsigned int *, const unsigned int *, const __half *, __half *, int, int)"
15204908672,82208,40490,1,1024,1,32,4,1,32,0.000,0.000,,,,,NVIDIA GeForce RTX 3090 (0),1,,7,"gemv_kernel_g128(const float4 *, const unsigned int *, const unsigned int *, const __half *, __half *, int, int)"
15205012864,72255,40496,1,2752,1,32,4,1,32,0.000,0.000,,,,,NVIDIA GeForce RTX 3090 (0),1,,7,"gemv_kernel_g128(const float4 *, const unsigned int *, const unsigned int *, const __half *, __half *, int, int)"
15205086655,73536,40498,1,2752,1,32,4,1,32,0.000,0.000,,,,,NVIDIA GeForce RTX 3090 (0),1,,7,"gemv_kernel_g128(const float4 *, const unsigned int *, const unsigned int *, const __half *, __half *, int, int)"
15205165375,37632,40502,1,1024,1,32,4,1,32,0.000,0.000,,,,,NVIDIA GeForce RTX 3090 (0),1,,7,"gemv_kernel_g128(const float4 *, const unsigned int *, const unsigned int *, const __half *, __half *, int, int)"
15205223615,96352,40508,1,3072,1,32,4,1,32,0.000,0.000,,,,,NVIDIA GeForce RTX 3090 (0),1,,7,"gemv_kernel_g128(const float4 *, const unsigned int *, const unsigned int *, const __half *, __half *, int, int)"
15207093114,75552,40656,1,1024,1,32,4,1,32,0.000,0.000,,,,,NVIDIA GeForce RTX 3090 (0),1,,7,"gemv_kernel_g128(const float4 *, const unsigned int *, const unsigned int *, const __half *, __half *, int, int)"
15207190170,68191,40662,1,2752,1,32,4,1,32,0.000,0.000,,,,,NVIDIA GeForce RTX 3090 (0),1,,7,"gemv_kernel_g128(const float4 *, const unsigned int *, const unsigned int *, const __half *, __half *, int, int)"
15207259897,68032,40664,1,2752,1,32,4,1,32,0.000,0.000,,,,,NVIDIA GeForce RTX 3090 (0),1,,7,"gemv_kernel_g128(const float4 *, const unsigned int *, const unsigned int *, const __half *, __half *, int, int)"
15207332761,39136,40668,1,1024,1,32,4,1,32,0.000,0.000,,,,,NVIDIA GeForce RTX 3090 (0),1,,7,"gemv_kernel_g128(const float4 *, const unsigned int *, const unsigned int *, const __half *, __half *, int, int)"
15207393241,97056,40674,1,3072,1,32,4,1,32,0.000,0.000,,,,,NVIDIA GeForce RTX 3090 (0),1,,7,"gemv_kernel_g128(const float4 *, const unsigned int *, const unsigned int *, const __half *, __half *, int, int)"
15209296980,72096,40822,1,1024,1,32,4,1,32,0.000,0.000,,,,,NVIDIA GeForce RTX 3090 (0),1,,7,"gemv_kernel_g128(const float4 *, const unsigned int *, const unsigned int *, const __half *, __half *, int, int)"
15209390484,66175,40828,1,2752,1,32,4,1,32,0.000,0.000,,,,,NVIDIA GeForce RTX 3090 (0),1,,7,"gemv_kernel_g128(const float4 *, const unsigned int *, const unsigned int *, const __half *, __half *, int, int)"
15209458611,66496,40830,1,2752,1,32,4,1,32,0.000,0.000,,,,,NVIDIA GeForce RTX 3090 (0),1,,7,"gemv_kernel_g128(const float4 *, const unsigned int *, const unsigned int *, const __half *, __half *, int, int)"
15209529715,37472,40834,1,1024,1,32,4,1,32,0.000,0.000,,,,,NVIDIA GeForce RTX 3090 (0),1,,7,"gemv_kernel_g128(const float4 *, const unsigned int *, const unsigned int *, const __half *, __half *, int, int)"
15209588115,117216,40840,1,3072,1,32,4,1,32,0.000,0.000,,,,,NVIDIA GeForce RTX 3090 (0),1,,7,"gemv_kernel_g128(const float4 *, const unsigned int *, const unsigned int *, const __half *, __half *, int, int)"
15211654765,82240,40988,1,1024,1,32,4,1,32,0.000,0.000,,,,,NVIDIA GeForce RTX 3090 (0),1,,7,"gemv_kernel_g128(const float4 *, const unsigned int *, const unsigned int *, const __half *, __half *, int, int)"
15211759789,73248,40994,1,2752,1,32,4,1,32,0.000,0.000,,,,,NVIDIA GeForce RTX 3090 (0),1,,7,"gemv_kernel_g128(const float4 *, const unsigned int *, const unsigned int *, const __half *, __half *, int, int)"
15211834445,74720,40996,1,2752,1,32,4,1,32,0.000,0.000,,,,,NVIDIA GeForce RTX 3090 (0),1,,7,"gemv_kernel_g128(const float4 *, const unsigned int *, const unsigned int *, const __half *, __half *, int, int)"
15211914317,37823,41000,1,1024,1,32,4,1,32,0.000,0.000,,,,,NVIDIA GeForce RTX 3090 (0),1,,7,"gemv_kernel_g128(const float4 *, const unsigned int *, const unsigned int *, const __half *, __half *, int, int)"
15211973100,103360,41006,1,3072,1,32,4,1,32,0.000,0.000,,,,,NVIDIA GeForce RTX 3090 (0),1,,7,"gemv_kernel_g128(const float4 *, const unsigned int *, const unsigned int *, const __half *, __half *, int, int)"
15214151654,71424,41154,1,1024,1,32,4,1,32,0.000,0.000,,,,,NVIDIA GeForce RTX 3090 (0),1,,7,"gemv_kernel_g128(const float4 *, const unsigned int *, const unsigned int *, const __half *, __half *, int, int)"
15214245542,69792,41160,1,2752,1,32,4,1,32,0.000,0.000,,,,,NVIDIA GeForce RTX 3090 (0),1,,7,"gemv_kernel_g128(const float4 *, const unsigned int *, const unsigned int *, const __half *, __half *, int, int)"
15214316742,72032,41162,1,2752,1,32,4,1,32,0.000,0.000,,,,,NVIDIA GeForce RTX 3090 (0),1,,7,"gemv_kernel_g128(const float4 *, const unsigned int *, const unsigned int *, const __half *, __half *, int, int)"
15214393894,38432,41166,1,1024,1,32,4,1,32,0.000,0.000,,,,,NVIDIA GeForce RTX 3090 (0),1,,7,"gemv_kernel_g128(const float4 *, const unsigned int *, const unsigned int *, const __half *, __half *, int, int)"
15214452678,118463,41172,1,3072,1,32,4,1,32,0.000,0.000,,,,,NVIDIA GeForce RTX 3090 (0),1,,7,"gemv_kernel_g128(const float4 *, const unsigned int *, const unsigned int *, const __half *, __half *, int, int)"
15216426560,79712,41320,1,1024,1,32,4,1,32,0.000,0.000,,,,,NVIDIA GeForce RTX 3090 (0),1,,7,"gemv_kernel_g128(const float4 *, const unsigned int *, const unsigned int *, const __half *, __half *, int, int)"
15216528448,71456,41326,1,2752,1,32,4,1,32,0.000,0.000,,,,,NVIDIA GeForce RTX 3090 (0),1,,7,"gemv_kernel_g128(const float4 *, const unsigned int *, const unsigned int *, const __half *, __half *, int, int)"
15216601376,68479,41328,1,2752,1,32,4,1,32,0.000,0.000,,,,,NVIDIA GeForce RTX 3090 (0),1,,7,"gemv_kernel_g128(const float4 *, const unsigned int *, const unsigned int *, const __half *, __half *, int, int)"
15216674559,38304,41332,1,1024,1,32,4,1,32,0.000,0.000,,,,,NVIDIA GeForce RTX 3090 (0),1,,7,"gemv_kernel_g128(const float4 *, const unsigned int *, const unsigned int *, const __half *, __half *, int, int)"
15216734111,114464,41338,1,3072,1,32,4,1,32,0.000,0.000,,,,,NVIDIA GeForce RTX 3090 (0),1,,7,"gemv_kernel_g128(const float4 *, const unsigned int *, const unsigned int *, const __half *, __half *, int, int)"
15218603290,76320,41486,1,1024,1,32,4,1,32,0.000,0.000,,,,,NVIDIA GeForce RTX 3090 (0),1,,7,"gemv_kernel_g128(const float4 *, const unsigned int *, const unsigned int *, const __half *, __half *, int, int)"
15218701466,66944,41492,1,2752,1,32,4,1,32,0.000,0.000,,,,,NVIDIA GeForce RTX 3090 (0),1,,7,"gemv_kernel_g128(const float4 *, const unsigned int *, const unsigned int *, const __half *, __half *, int, int)"
15218770266,92351,41494,1,2752,1,32,4,1,32,0.000,0.000,,,,,NVIDIA GeForce RTX 3090 (0),1,,7,"gemv_kernel_g128(const float4 *, const unsigned int *, const unsigned int *, const __half *, __half *, int, int)"
15218867417,37856,41498,1,1024,1,32,4,1,32,0.000,0.000,,,,,NVIDIA GeForce RTX 3090 (0),1,,7,"gemv_kernel_g128(const float4 *, const unsigned int *, const unsigned int *, const __half *, __half *, int, int)"
15218926457,92800,41504,1,3072,1,32,4,1,32,0.000,0.000,,,,,NVIDIA GeForce RTX 3090 (0),1,,7,"gemv_kernel_g128(const float4 *, const unsigned int *, const unsigned int *, const __half *, __half *, int, int)"
15220783892,81600,41652,1,1024,1,32,4,1,32,0.000,0.000,,,,,NVIDIA GeForce RTX 3090 (0),1,,7,"gemv_kernel_g128(const float4 *, const unsigned int *, const unsigned int *, const __half *, __half *, int, int)"
15220888852,70752,41658,1,2752,1,32,4,1,32,0.000,0.000,,,,,NVIDIA GeForce RTX 3090 (0),1,,7,"gemv_kernel_g128(const float4 *, const unsigned int *, const unsigned int *, const __half *, __half *, int, int)"
15220961012,68447,41660,1,2752,1,32,4,1,32,0.000,0.000,,,,,NVIDIA GeForce RTX 3090 (0),1,,7,"gemv_kernel_g128(const float4 *, const unsigned int *, const unsigned int *, const __half *, __half *, int, int)"
15221034579,38016,41664,1,1024,1,32,4,1,32,0.000,0.000,,,,,NVIDIA GeForce RTX 3090 (0),1,,7,"gemv_kernel_g128(const float4 *, const unsigned int *, const unsigned int *, const __half *, __half *, int, int)"
15221093875,90368,41670,1,3072,1,32,4,1,32,0.000,0.000,,,,,NVIDIA GeForce RTX 3090 (0),1,,7,"gemv_kernel_g128(const float4 *, const unsigned int *, const unsigned int *, const __half *, __half *, int, int)"
15222924078,70656,41818,1,1024,1,32,4,1,32,0.000,0.000,,,,,NVIDIA GeForce RTX 3090 (0),1,,7,"gemv_kernel_g128(const float4 *, const unsigned int *, const unsigned int *, const __half *, __half *, int, int)"
15223016878,65312,41824,1,2752,1,32,4,1,32,0.000,0.000,,,,,NVIDIA GeForce RTX 3090 (0),1,,7,"gemv_kernel_g128(const float4 *, const unsigned int *, const unsigned int *, const __half *, __half *, int, int)"
15223083662,65696,41826,1,2752,1,32,4,1,32,0.000,0.000,,,,,NVIDIA GeForce RTX 3090 (0),1,,7,"gemv_kernel_g128(const float4 *, const unsigned int *, const unsigned int *, const __half *, __half *, int, int)"
15223154477,38560,41830,1,1024,1,32,4,1,32,0.000,0.000,,,,,NVIDIA GeForce RTX 3090 (0),1,,7,"gemv_kernel_g128(const float4 *, const unsigned int *, const unsigned int *, const __half *, __half *, int, int)"
15223213965,90016,41836,1,3072,1,32,4,1,32,0.000,0.000,,,,,NVIDIA GeForce RTX 3090 (0),1,,7,"gemv_kernel_g128(const float4 *, const unsigned int *, const unsigned int *, const __half *, __half *, int, int)"
15225137288,74688,41984,1,1024,1,32,4,1,32,0.000,0.000,,,,,NVIDIA GeForce RTX 3090 (0),1,,7,"gemv_kernel_g128(const float4 *, const unsigned int *, const unsigned int *, const __half *, __half *, int, int)"
15225239240,66688,41990,1,2752,1,32,4,1,32,0.000,0.000,,,,,NVIDIA GeForce RTX 3090 (0),1,,7,"gemv_kernel_g128(const float4 *, const unsigned int *, const unsigned int *, const __half *, __half *, int, int)"
15225307336,66911,41992,1,2752,1,32,4,1,32,0.000,0.000,,,,,NVIDIA GeForce RTX 3090 (0),1,,7,"gemv_kernel_g128(const float4 *, const unsigned int *, const unsigned int *, const __half *, __half *, int, int)"
15225378983,38912,41996,1,1024,1,32,4,1,32,0.000,0.000,,,,,NVIDIA GeForce RTX 3090 (0),1,,7,"gemv_kernel_g128(const float4 *, const unsigned int *, const unsigned int *, const __half *, __half *, int, int)"
15225438887,93824,42002,1,3072,1,32,4,1,32,0.000,0.000,,,,,NVIDIA GeForce RTX 3090 (0),1,,7,"gemv_kernel_g128(const float4 *, const unsigned int *, const unsigned int *, const __half *, __half *, int, int)"
15227996256,98336,42150,1,1024,1,32,4,1,32,0.000,0.000,,,,,NVIDIA GeForce RTX 3090 (0),1,,7,"gemv_kernel_g128(const float4 *, const unsigned int *, const unsigned int *, const __half *, __half *, int, int)"
15228119904,100383,42156,1,2752,1,32,4,1,32,0.000,0.000,,,,,NVIDIA GeForce RTX 3090 (0),1,,7,"gemv_kernel_g128(const float4 *, const unsigned int *, const unsigned int *, const __half *, __half *, int, int)"
15228222303,101824,42158,1,2752,1,32,4,1,32,0.000,0.000,,,,,NVIDIA GeForce RTX 3090 (0),1,,7,"gemv_kernel_g128(const float4 *, const unsigned int *, const unsigned int *, const __half *, __half *, int, int)"
15228328895,38464,42162,1,1024,1,32,4,1,32,0.000,0.000,,,,,NVIDIA GeForce RTX 3090 (0),1,,7,"gemv_kernel_g128(const float4 *, const unsigned int *, const unsigned int *, const __half *, __half *, int, int)"
15228390303,154496,42168,1,3072,1,32,4,1,32,0.000,0.000,,,,,NVIDIA GeForce RTX 3090 (0),1,,7,"gemv_kernel_g128(const float4 *, const unsigned int *, const unsigned int *, const __half *, __half *, int, int)"
15230566041,82528,42316,1,1024,1,32,4,1,32,0.000,0.000,,,,,NVIDIA GeForce RTX 3090 (0),1,,7,"gemv_kernel_g128(const float4 *, const unsigned int *, const unsigned int *, const __half *, __half *, int, int)"
15230670809,78463,42322,1,2752,1,32,4,1,32,0.000,0.000,,,,,NVIDIA GeForce RTX 3090 (0),1,,7,"gemv_kernel_g128(const float4 *, const unsigned int *, const unsigned int *, const __half *, __half *, int, int)"
15230750808,78560,42324,1,2752,1,32,4,1,32,0.000,0.000,,,,,NVIDIA GeForce RTX 3090 (0),1,,7,"gemv_kernel_g128(const float4 *, const unsigned int *, const unsigned int *, const __half *, __half *, int, int)"
15230834456,37760,42328,1,1024,1,32,4,1,32,0.000,0.000,,,,,NVIDIA GeForce RTX 3090 (0),1,,7,"gemv_kernel_g128(const float4 *, const unsigned int *, const unsigned int *, const __half *, __half *, int, int)"
15230894488,111392,42334,1,3072,1,32,4,1,32,0.000,0.000,,,,,NVIDIA GeForce RTX 3090 (0),1,,7,"gemv_kernel_g128(const float4 *, const unsigned int *, const unsigned int *, const __half *, __half *, int, int)"
15233648496,102048,42482,1,1024,1,32,4,1,32,0.000,0.000,,,,,NVIDIA GeForce RTX 3090 (0),1,,7,"gemv_kernel_g128(const float4 *, const unsigned int *, const unsigned int *, const __half *, __half *, int, int)"
15233774576,95520,42488,1,2752,1,32,4,1,32,0.000,0.000,,,,,NVIDIA GeForce RTX 3090 (0),1,,7,"gemv_kernel_g128(const float4 *, const unsigned int *, const unsigned int *, const __half *, __half *, int, int)"
15233871536,552254,42490,1,2752,1,32,4,1,32,0.000,0.000,,,,,NVIDIA GeForce RTX 3090 (0),1,,7,"gemv_kernel_g128(const float4 *, const unsigned int *, const unsigned int *, const __half *, __half *, int, int)"
15234429710,37248,42494,1,1024,1,32,4,1,32,0.000,0.000,,,,,NVIDIA GeForce RTX 3090 (0),1,,7,"gemv_kernel_g128(const float4 *, const unsigned int *, const unsigned int *, const __half *, __half *, int, int)"
15234489614,119616,42500,1,3072,1,32,4,1,32,0.000,0.000,,,,,NVIDIA GeForce RTX 3090 (0),1,,7,"gemv_kernel_g128(const float4 *, const unsigned int *, const unsigned int *, const __half *, __half *, int, int)"
15236987559,86496,42648,1,1024,1,32,4,1,32,0.000,0.000,,,,,NVIDIA GeForce RTX 3090 (0),1,,7,"gemv_kernel_g128(const float4 *, const unsigned int *, const unsigned int *, const __half *, __half *, int, int)"
15237097031,71680,42654,1,2752,1,32,4,1,32,0.000,0.000,,,,,NVIDIA GeForce RTX 3090 (0),1,,7,"gemv_kernel_g128(const float4 *, const unsigned int *, const unsigned int *, const __half *, __half *, int, int)"
15237170087,73631,42656,1,2752,1,32,4,1,32,0.000,0.000,,,,,NVIDIA GeForce RTX 3090 (0),1,,7,"gemv_kernel_g128(const float4 *, const unsigned int *, const unsigned int *, const __half *, __half *, int, int)"
15237248550,36864,42660,1,1024,1,32,4,1,32,0.000,0.000,,,,,NVIDIA GeForce RTX 3090 (0),1,,7,"gemv_kernel_g128(const float4 *, const unsigned int *, const unsigned int *, const __half *, __half *, int, int)"
15237307046,100736,42666,1,3072,1,32,4,1,32,0.000,0.000,,,,,NVIDIA GeForce RTX 3090 (0),1,,7,"gemv_kernel_g128(const float4 *, const unsigned int *, const unsigned int *, const __half *, __half *, int, int)"
15239640064,92800,42814,1,1024,1,32,4,1,32,0.000,0.000,,,,,NVIDIA GeForce RTX 3090 (0),1,,7,"gemv_kernel_g128(const float4 *, const unsigned int *, const unsigned int *, const __half *, __half *, int, int)"
15239755744,75487,42820,1,2752,1,32,4,1,32,0.000,0.000,,,,,NVIDIA GeForce RTX 3090 (0),1,,7,"gemv_kernel_g128(const float4 *, const unsigned int *, const unsigned int *, const __half *, __half *, int, int)"
15239833119,78208,42822,1,2752,1,32,4,1,32,0.000,0.000,,,,,NVIDIA GeForce RTX 3090 (0),1,,7,"gemv_kernel_g128(const float4 *, const unsigned int *, const unsigned int *, const __half *, __half *, int, int)"
15239922015,38816,42826,1,1024,1,32,4,1,32,0.000,0.000,,,,,NVIDIA GeForce RTX 3090 (0),1,,7,"gemv_kernel_g128(const float4 *, const unsigned int *, const unsigned int *, const __half *, __half *, int, int)"
15239983199,106528,42832,1,3072,1,32,4,1,32,0.000,0.000,,,,,NVIDIA GeForce RTX 3090 (0),1,,7,"gemv_kernel_g128(const float4 *, const unsigned int *, const unsigned int *, const __half *, __half *, int, int)"
15242359448,103008,42980,1,1024,1,32,4,1,32,0.000,0.000,,,,,NVIDIA GeForce RTX 3090 (0),1,,7,"gemv_kernel_g128(const float4 *, const unsigned int *, const unsigned int *, const __half *, __half *, int, int)"
15242486264,82208,42986,1,2752,1,32,4,1,32,0.000,0.000,,,,,NVIDIA GeForce RTX 3090 (0),1,,7,"gemv_kernel_g128(const float4 *, const unsigned int *, const unsigned int *, const __half *, __half *, int, int)"
15242569944,82720,42988,1,2752,1,32,4,1,32,0.000,0.000,,,,,NVIDIA GeForce RTX 3090 (0),1,,7,"gemv_kernel_g128(const float4 *, const unsigned int *, const unsigned int *, const __half *, __half *, int, int)"
15242657944,37791,42992,1,1024,1,32,4,1,32,0.000,0.000,,,,,NVIDIA GeForce RTX 3090 (0),1,,7,"gemv_kernel_g128(const float4 *, const unsigned int *, const unsigned int *, const __half *, __half *, int, int)"
15242719319,105152,42998,1,3072,1,32,4,1,32,0.000,0.000,,,,,NVIDIA GeForce RTX 3090 (0),1,,7,"gemv_kernel_g128(const float4 *, const unsigned int *, const unsigned int *, const __half *, __half *, int, int)"
15244928177,88928,43146,1,1024,1,32,4,1,32,0.000,0.000,,,,,NVIDIA GeForce RTX 3090 (0),1,,7,"gemv_kernel_g128(const float4 *, const unsigned int *, const unsigned int *, const __half *, __half *, int, int)"
15245041009,84352,43152,1,2752,1,32,4,1,32,0.000,0.000,,,,,NVIDIA GeForce RTX 3090 (0),1,,7,"gemv_kernel_g128(const float4 *, const unsigned int *, const unsigned int *, const __half *, __half *, int, int)"
15245126801,80159,43154,1,2752,1,32,4,1,32,0.000,0.000,,,,,NVIDIA GeForce RTX 3090 (0),1,,7,"gemv_kernel_g128(const float4 *, const unsigned int *, const unsigned int *, const __half *, __half *, int, int)"
15245212432,39584,43158,1,1024,1,32,4,1,32,0.000,0.000,,,,,NVIDIA GeForce RTX 3090 (0),1,,7,"gemv_kernel_g128(const float4 *, const unsigned int *, const unsigned int *, const __half *, __half *, int, int)"
15245274192,113728,43164,1,3072,1,32,4,1,32,0.000,0.000,,,,,NVIDIA GeForce RTX 3090 (0),1,,7,"gemv_kernel_g128(const float4 *, const unsigned int *, const unsigned int *, const __half *, __half *, int, int)"
15247308939,78591,43312,1,1024,1,32,4,1,32,0.000,0.000,,,,,NVIDIA GeForce RTX 3090 (0),1,,7,"gemv_kernel_g128(const float4 *, const unsigned int *, const unsigned int *, const __half *, __half *, int, int)"
15247409066,67168,43318,1,2752,1,32,4,1,32,0.000,0.000,,,,,NVIDIA GeForce RTX 3090 (0),1,,7,"gemv_kernel_g128(const float4 *, const unsigned int *, const unsigned int *, const __half *, __half *, int, int)"
15247477674,66400,43320,1,2752,1,32,4,1,32,0.000,0.000,,,,,NVIDIA GeForce RTX 3090 (0),1,,7,"gemv_kernel_g128(const float4 *, const unsigned int *, const unsigned int *, const __half *, __half *, int, int)"
15247548682,38688,43324,1,1024,1,32,4,1,32,0.000,0.000,,,,,NVIDIA GeForce RTX 3090 (0),1,,7,"gemv_kernel_g128(const float4 *, const unsigned int *, const unsigned int *, const __half *, __half *, int, int)"
15247608426,90112,43330,1,3072,1,32,4,1,32,0.000,0.000,,,,,NVIDIA GeForce RTX 3090 (0),1,,7,"gemv_kernel_g128(const float4 *, const unsigned int *, const unsigned int *, const __half *, __half *, int, int)"
15249602596,79264,43478,1,1024,1,32,4,1,32,0.000,0.000,,,,,NVIDIA GeForce RTX 3090 (0),1,,7,"gemv_kernel_g128(const float4 *, const unsigned int *, const unsigned int *, const __half *, __half *, int, int)"
15249704420,73056,43484,1,2752,1,32,4,1,32,0.000,0.000,,,,,NVIDIA GeForce RTX 3090 (0),1,,7,"gemv_kernel_g128(const float4 *, const unsigned int *, const unsigned int *, const __half *, __half *, int, int)"
15249779364,68480,43486,1,2752,1,32,4,1,32,0.000,0.000,,,,,NVIDIA GeForce RTX 3090 (0),1,,7,"gemv_kernel_g128(const float4 *, const unsigned int *, const unsigned int *, const __half *, __half *, int, int)"
15249852548,37567,43490,1,1024,1,32,4,1,32,0.000,0.000,,,,,NVIDIA GeForce RTX 3090 (0),1,,7,"gemv_kernel_g128(const float4 *, const unsigned int *, const unsigned int *, const __half *, __half *, int, int)"
15249912099,97088,43496,1,3072,1,32,4,1,32,0.000,0.000,,,,,NVIDIA GeForce RTX 3090 (0),1,,7,"gemv_kernel_g128(const float4 *, const unsigned int *, const unsigned int *, const __half *, __half *, int, int)"
15251956926,92960,43644,1,1024,1,32,4,1,32,0.000,0.000,,,,,NVIDIA GeForce RTX 3090 (0),1,,7,"gemv_kernel_g128(const float4 *, const unsigned int *, const unsigned int *, const __half *, __half *, int, int)"
15252072765,81792,43650,1,2752,1,32,4,1,32,0.000,0.000,,,,,NVIDIA GeForce RTX 3090 (0),1,,7,"gemv_kernel_g128(const float4 *, const unsigned int *, const unsigned int *, const __half *, __half *, int, int)"
15252156029,75296,43652,1,2752,1,32,4,1,32,0.000,0.000,,,,,NVIDIA GeForce RTX 3090 (0),1,,7,"gemv_kernel_g128(const float4 *, const unsigned int *, const unsigned int *, const __half *, __half *, int, int)"
15252236541,38464,43656,1,1024,1,32,4,1,32,0.000,0.000,,,,,NVIDIA GeForce RTX 3090 (0),1,,7,"gemv_kernel_g128(const float4 *, const unsigned int *, const unsigned int *, const __half *, __half *, int, int)"
15252296765,97536,43662,1,3072,1,32,4,1,32,0.000,0.000,,,,,NVIDIA GeForce RTX 3090 (0),1,,7,"gemv_kernel_g128(const float4 *, const unsigned int *, const unsigned int *, const __half *, __half *, int, int)"
15254454007,79744,43810,1,1024,1,32,4,1,32,0.000,0.000,,,,,NVIDIA GeForce RTX 3090 (0),1,,7,"gemv_kernel_g128(const float4 *, const unsigned int *, const unsigned int *, const __half *, __half *, int, int)"
15254556343,71295,43816,1,2752,1,32,4,1,32,0.000,0.000,,,,,NVIDIA GeForce RTX 3090 (0),1,,7,"gemv_kernel_g128(const float4 *, const unsigned int *, const unsigned int *, const __half *, __half *, int, int)"
15254629110,65568,43818,1,2752,1,32,4,1,32,0.000,0.000,,,,,NVIDIA GeForce RTX 3090 (0),1,,7,"gemv_kernel_g128(const float4 *, const unsigned int *, const unsigned int *, const __half *, __half *, int, int)"
15254699734,38016,43822,1,1024,1,32,4,1,32,0.000,0.000,,,,,NVIDIA GeForce RTX 3090 (0),1,,7,"gemv_kernel_g128(const float4 *, const unsigned int *, const unsigned int *, const __half *, __half *, int, int)"
15254758582,92128,43828,1,3072,1,32,4,1,32,0.000,0.000,,,,,NVIDIA GeForce RTX 3090 (0),1,,7,"gemv_kernel_g128(const float4 *, const unsigned int *, const unsigned int *, const __half *, __half *, int, int)"
15256948112,75808,43976,1,1024,1,32,4,1,32,0.000,0.000,,,,,NVIDIA GeForce RTX 3090 (0),1,,7,"gemv_kernel_g128(const float4 *, const unsigned int *, const unsigned int *, const __half *, __half *, int, int)"
15257046960,71071,43982,1,2752,1,32,4,1,32,0.000,0.000,,,,,NVIDIA GeForce RTX 3090 (0),1,,7,"gemv_kernel_g128(const float4 *, const unsigned int *, const unsigned int *, const __half *, __half *, int, int)"
15257119535,69152,43984,1,2752,1,32,4,1,32,0.000,0.000,,,,,NVIDIA GeForce RTX 3090 (0),1,,7,"gemv_kernel_g128(const float4 *, const unsigned int *, const unsigned int *, const __half *, __half *, int, int)"
15257193519,36704,43988,1,1024,1,32,4,1,32,0.000,0.000,,,,,NVIDIA GeForce RTX 3090 (0),1,,7,"gemv_kernel_g128(const float4 *, const unsigned int *, const unsigned int *, const __half *, __half *, int, int)"
15257251631,96320,43994,1,3072,1,32,4,1,32,0.000,0.000,,,,,NVIDIA GeForce RTX 3090 (0),1,,7,"gemv_kernel_g128(const float4 *, const unsigned int *, const unsigned int *, const __half *, __half *, int, int)"
15259376745,87840,44142,1,1024,1,32,4,1,32,0.000,0.000,,,,,NVIDIA GeForce RTX 3090 (0),1,,7,"gemv_kernel_g128(const float4 *, const unsigned int *, const unsigned int *, const __half *, __half *, int, int)"
15259487337,83712,44148,1,2752,1,32,4,1,32,0.000,0.000,,,,,NVIDIA GeForce RTX 3090 (0),1,,7,"gemv_kernel_g128(const float4 *, const unsigned int *, const unsigned int *, const __half *, __half *, int, int)"
15259573097,85279,44150,1,2752,1,32,4,1,32,0.000,0.000,,,,,NVIDIA GeForce RTX 3090 (0),1,,7,"gemv_kernel_g128(const float4 *, const unsigned int *, const unsigned int *, const __half *, __half *, int, int)"
15259663112,39104,44154,1,1024,1,32,4,1,32,0.000,0.000,,,,,NVIDIA GeForce RTX 3090 (0),1,,7,"gemv_kernel_g128(const float4 *, const unsigned int *, const unsigned int *, const __half *, __half *, int, int)"
15259724968,113760,44160,1,3072,1,32,4,1,32,0.000,0.000,,,,,NVIDIA GeForce RTX 3090 (0),1,,7,"gemv_kernel_g128(const float4 *, const unsigned int *, const unsigned int *, const __half *, __half *, int, int)"
15262329633,80416,44308,1,1024,1,32,4,1,32,0.000,0.000,,,,,NVIDIA GeForce RTX 3090 (0),1,,7,"gemv_kernel_g128(const float4 *, const unsigned int *, const unsigned int *, const __half *, __half *, int, int)"
15262432225,69632,44314,1,2752,1,32,4,1,32,0.000,0.000,,,,,NVIDIA GeForce RTX 3090 (0),1,,7,"gemv_kernel_g128(const float4 *, const unsigned int *, const unsigned int *, const __half *, __half *, int, int)"
15262503297,70207,44316,1,2752,1,32,4,1,32,0.000,0.000,,,,,NVIDIA GeForce RTX 3090 (0),1,,7,"gemv_kernel_g128(const float4 *, const unsigned int *, const unsigned int *, const __half *, __half *, int, int)"
15262578688,38400,44320,1,1024,1,32,4,1,32,0.000,0.000,,,,,NVIDIA GeForce RTX 3090 (0),1,,7,"gemv_kernel_g128(const float4 *, const unsigned int *, const unsigned int *, const __half *, __half *, int, int)"
15262638656,95488,44326,1,3072,1,32,4,1,32,0.000,0.000,,,,,NVIDIA GeForce RTX 3090 (0),1,,7,"gemv_kernel_g128(const float4 *, const unsigned int *, const unsigned int *, const __half *, __half *, int, int)"
15265101977,145088,44474,1,1024,1,32,4,1,32,0.000,0.000,,,,,NVIDIA GeForce RTX 3090 (0),1,,7,"gemv_kernel_g128(const float4 *, const unsigned int *, const unsigned int *, const __half *, __half *, int, int)"
15265270009,103072,44480,1,2752,1,32,4,1,32,0.000,0.000,,,,,NVIDIA GeForce RTX 3090 (0),1,,7,"gemv_kernel_g128(const float4 *, const unsigned int *, const unsigned int *, const __half *, __half *, int, int)"
15265374905,104511,44482,1,2752,1,32,4,1,32,0.000,0.000,,,,,NVIDIA GeForce RTX 3090 (0),1,,7,"gemv_kernel_g128(const float4 *, const unsigned int *, const unsigned int *, const __half *, __half *, int, int)"
15265484536,38080,44486,1,1024,1,32,4,1,32,0.000,0.000,,,,,NVIDIA GeForce RTX 3090 (0),1,,7,"gemv_kernel_g128(const float4 *, const unsigned int *, const unsigned int *, const __half *, __half *, int, int)"
15265543768,203872,44492,1,3072,1,32,4,1,32,0.000,0.000,,,,,NVIDIA GeForce RTX 3090 (0),1,,7,"gemv_kernel_g128(const float4 *, const unsigned int *, const unsigned int *, const __half *, __half *, int, int)"
15267995665,85760,44640,1,1024,1,32,4,1,32,0.000,0.000,,,,,NVIDIA GeForce RTX 3090 (0),1,,7,"gemv_kernel_g128(const float4 *, const unsigned int *, const unsigned int *, const __half *, __half *, int, int)"
15268105073,73472,44646,1,2752,1,32,4,1,32,0.000,0.000,,,,,NVIDIA GeForce RTX 3090 (0),1,,7,"gemv_kernel_g128(const float4 *, const unsigned int *, const unsigned int *, const __half *, __half *, int, int)"
15268179953,75232,44648,1,2752,1,32,4,1,32,0.000,0.000,,,,,NVIDIA GeForce RTX 3090 (0),1,,7,"gemv_kernel_g128(const float4 *, const unsigned int *, const unsigned int *, const __half *, __half *, int, int)"
15268259793,37568,44652,1,1024,1,32,4,1,32,0.000,0.000,,,,,NVIDIA GeForce RTX 3090 (0),1,,7,"gemv_kernel_g128(const float4 *, const unsigned int *, const unsigned int *, const __half *, __half *, int, int)"
15268319760,101248,44658,1,3072,1,32,4,1,32,0.000,0.000,,,,,NVIDIA GeForce RTX 3090 (0),1,,7,"gemv_kernel_g128(const float4 *, const unsigned int *, const unsigned int *, const __half *, __half *, int, int)"
15270432779,81151,44806,1,1024,1,32,4,1,32,0.000,0.000,,,,,NVIDIA GeForce RTX 3090 (0),1,,7,"gemv_kernel_g128(const float4 *, const unsigned int *, const unsigned int *, const __half *, __half *, int, int)"
15270536234,70688,44812,1,2752,1,32,4,1,32,0.000,0.000,,,,,NVIDIA GeForce RTX 3090 (0),1,,7,"gemv_kernel_g128(const float4 *, const unsigned int *, const unsigned int *, const __half *, __half *, int, int)"
15270608778,71872,44814,1,2752,1,32,4,1,32,0.000,0.000,,,,,NVIDIA GeForce RTX 3090 (0),1,,7,"gemv_kernel_g128(const float4 *, const unsigned int *, const unsigned int *, const __half *, __half *, int, int)"
15270685258,37792,44818,1,1024,1,32,4,1,32,0.000,0.000,,,,,NVIDIA GeForce RTX 3090 (0),1,,7,"gemv_kernel_g128(const float4 *, const unsigned int *, const unsigned int *, const __half *, __half *, int, int)"
15270744298,100991,44824,1,3072,1,32,4,1,32,0.000,0.000,,,,,NVIDIA GeForce RTX 3090 (0),1,,7,"gemv_kernel_g128(const float4 *, const unsigned int *, const unsigned int *, const __half *, __half *, int, int)"
15272674692,79424,44972,1,1024,1,32,4,1,32,0.000,0.000,,,,,NVIDIA GeForce RTX 3090 (0),1,,7,"gemv_kernel_g128(const float4 *, const unsigned int *, const unsigned int *, const __half *, __half *, int, int)"
15272776324,78816,44978,1,2752,1,32,4,1,32,0.000,0.000,,,,,NVIDIA GeForce RTX 3090 (0),1,,7,"gemv_kernel_g128(const float4 *, const unsigned int *, const unsigned int *, const __half *, __half *, int, int)"
15272856644,78560,44980,1,2752,1,32,4,1,32,0.000,0.000,,,,,NVIDIA GeForce RTX 3090 (0),1,,7,"gemv_kernel_g128(const float4 *, const unsigned int *, const unsigned int *, const __half *, __half *, int, int)"
15272940868,37440,44984,1,1024,1,32,4,1,32,0.000,0.000,,,,,NVIDIA GeForce RTX 3090 (0),1,,7,"gemv_kernel_g128(const float4 *, const unsigned int *, const unsigned int *, const __half *, __half *, int, int)"
15273000068,115103,44990,1,3072,1,32,4,1,32,0.000,0.000,,,,,NVIDIA GeForce RTX 3090 (0),1,,7,"gemv_kernel_g128(const float4 *, const unsigned int *, const unsigned int *, const __half *, __half *, int, int)"
15274987710,75616,45138,1,1024,1,32,4,1,32,0.000,0.000,,,,,NVIDIA GeForce RTX 3090 (0),1,,7,"gemv_kernel_g128(const float4 *, const unsigned int *, const unsigned int *, const __half *, __half *, int, int)"
15275085214,68000,45144,1,2752,1,32,4,1,32,0.000,0.000,,,,,NVIDIA GeForce RTX 3090 (0),1,,7,"gemv_kernel_g128(const float4 *, const unsigned int *, const unsigned int *, const __half *, __half *, int, int)"
15275154718,67551,45146,1,2752,1,32,4,1,32,0.000,0.000,,,,,NVIDIA GeForce RTX 3090 (0),1,,7,"gemv_kernel_g128(const float4 *, const unsigned int *, const unsigned int *, const __half *, __half *, int, int)"
15275227325,38368,45150,1,1024,1,32,4,1,32,0.000,0.000,,,,,NVIDIA GeForce RTX 3090 (0),1,,7,"gemv_kernel_g128(const float4 *, const unsigned int *, const unsigned int *, const __half *, __half *, int, int)"
15275286845,145472,45156,1,8000,1,32,4,1,32,0.000,0.000,,,,,NVIDIA GeForce RTX 3090 (0),1,,7,"gemv_kernel_g128(const float4 *, const unsigned int *, const unsigned int *, const __half *, __half *, int, int)"
15305606281,97280,45170,1,3072,1,32,4,1,32,0.000,0.000,,,,,NVIDIA GeForce RTX 3090 (0),1,,7,"gemv_kernel_g128(const float4 *, const unsigned int *, const unsigned int *, const __half *, __half *, int, int)"
15307613380,85567,45318,1,1024,1,32,4,1,32,0.000,0.000,,,,,NVIDIA GeForce RTX 3090 (0),1,,7,"gemv_kernel_g128(const float4 *, const unsigned int *, const unsigned int *, const __half *, __half *, int, int)"
15307722499,79936,45324,1,2752,1,32,4,1,32,0.000,0.000,,,,,NVIDIA GeForce RTX 3090 (0),1,,7,"gemv_kernel_g128(const float4 *, const unsigned int *, const unsigned int *, const __half *, __half *, int, int)"
15307803939,72384,45326,1,2752,1,32,4,1,32,0.000,0.000,,,,,NVIDIA GeForce RTX 3090 (0),1,,7,"gemv_kernel_g128(const float4 *, const unsigned int *, const unsigned int *, const __half *, __half *, int, int)"
15307881475,38592,45330,1,1024,1,32,4,1,32,0.000,0.000,,,,,NVIDIA GeForce RTX 3090 (0),1,,7,"gemv_kernel_g128(const float4 *, const unsigned int *, const unsigned int *, const __half *, __half *, int, int)"
15307941283,101984,45336,1,3072,1,32,4,1,32,0.000,0.000,,,,,NVIDIA GeForce RTX 3090 (0),1,,7,"gemv_kernel_g128(const float4 *, const unsigned int *, const unsigned int *, const __half *, __half *, int, int)"
15310297788,75456,45484,1,1024,1,32,4,1,32,0.000,0.000,,,,,NVIDIA GeForce RTX 3090 (0),1,,7,"gemv_kernel_g128(const float4 *, const unsigned int *, const unsigned int *, const __half *, __half *, int, int)"
15310395324,66976,45490,1,2752,1,32,4,1,32,0.000,0.000,,,,,NVIDIA GeForce RTX 3090 (0),1,,7,"gemv_kernel_g128(const float4 *, const unsigned int *, const unsigned int *, const __half *, __half *, int, int)"
15310463708,65248,45492,1,2752,1,32,4,1,32,0.000,0.000,,,,,NVIDIA GeForce RTX 3090 (0),1,,7,"gemv_kernel_g128(const float4 *, const unsigned int *, const unsigned int *, const __half *, __half *, int, int)"
15310533564,38464,45496,1,1024,1,32,4,1,32,0.000,0.000,,,,,NVIDIA GeForce RTX 3090 (0),1,,7,"gemv_kernel_g128(const float4 *, const unsigned int *, const unsigned int *, const __half *, __half *, int, int)"
15310592795,90688,45502,1,3072,1,32,4,1,32,0.000,0.000,,,,,NVIDIA GeForce RTX 3090 (0),1,,7,"gemv_kernel_g128(const float4 *, const unsigned int *, const unsigned int *, const __half *, __half *, int, int)"
15312510518,74016,45650,1,1024,1,32,4,1,32,0.000,0.000,,,,,NVIDIA GeForce RTX 3090 (0),1,,7,"gemv_kernel_g128(const float4 *, const unsigned int *, const unsigned int *, const __half *, __half *, int, int)"
15312606966,65824,45656,1,2752,1,32,4,1,32,0.000,0.000,,,,,NVIDIA GeForce RTX 3090 (0),1,,7,"gemv_kernel_g128(const float4 *, const unsigned int *, const unsigned int *, const __half *, __half *, int, int)"
15312674742,67072,45658,1,2752,1,32,4,1,32,0.000,0.000,,,,,NVIDIA GeForce RTX 3090 (0),1,,7,"gemv_kernel_g128(const float4 *, const unsigned int *, const unsigned int *, const __half *, __half *, int, int)"
15312746454,37695,45662,1,1024,1,32,4,1,32,0.000,0.000,,,,,NVIDIA GeForce RTX 3090 (0),1,,7,"gemv_kernel_g128(const float4 *, const unsigned int *, const unsigned int *, const __half *, __half *, int, int)"
15312804981,105088,45668,1,3072,1,32,4,1,32,0.000,0.000,,,,,NVIDIA GeForce RTX 3090 (0),1,,7,"gemv_kernel_g128(const float4 *, const unsigned int *, const unsigned int *, const __half *, __half *, int, int)"
15314729136,77024,45816,1,1024,1,32,4,1,32,0.000,0.000,,,,,NVIDIA GeForce RTX 3090 (0),1,,7,"gemv_kernel_g128(const float4 *, const unsigned int *, const unsigned int *, const __half *, __half *, int, int)"
15314828144,68000,45822,1,2752,1,32,4,1,32,0.000,0.000,,,,,NVIDIA GeForce RTX 3090 (0),1,,7,"gemv_kernel_g128(const float4 *, const unsigned int *, const unsigned int *, const __half *, __half *, int, int)"
15314897552,68095,45824,1,2752,1,32,4,1,32,0.000,0.000,,,,,NVIDIA GeForce RTX 3090 (0),1,,7,"gemv_kernel_g128(const float4 *, const unsigned int *, const unsigned int *, const __half *, __half *, int, int)"
15314970895,38880,45828,1,1024,1,32,4,1,32,0.000,0.000,,,,,NVIDIA GeForce RTX 3090 (0),1,,7,"gemv_kernel_g128(const float4 *, const unsigned int *, const unsigned int *, const __half *, __half *, int, int)"
15315030639,91712,45834,1,3072,1,32,4,1,32,0.000,0.000,,,,,NVIDIA GeForce RTX 3090 (0),1,,7,"gemv_kernel_g128(const float4 *, const unsigned int *, const unsigned int *, const __half *, __half *, int, int)"
15316851626,75968,45982,1,1024,1,32,4,1,32,0.000,0.000,,,,,NVIDIA GeForce RTX 3090 (0),1,,7,"gemv_kernel_g128(const float4 *, const unsigned int *, const unsigned int *, const __half *, __half *, int, int)"
15316949066,65888,45988,1,2752,1,32,4,1,32,0.000,0.000,,,,,NVIDIA GeForce RTX 3090 (0),1,,7,"gemv_kernel_g128(const float4 *, const unsigned int *, const unsigned int *, const __half *, __half *, int, int)"
15317017866,66048,45990,1,2752,1,32,4,1,32,0.000,0.000,,,,,NVIDIA GeForce RTX 3090 (0),1,,7,"gemv_kernel_g128(const float4 *, const unsigned int *, const unsigned int *, const __half *, __half *, int, int)"
15317089097,38816,45994,1,1024,1,32,4,1,32,0.000,0.000,,,,,NVIDIA GeForce RTX 3090 (0),1,,7,"gemv_kernel_g128(const float4 *, const unsigned int *, const unsigned int *, const __half *, __half *, int, int)"
15317149513,91584,46000,1,3072,1,32,4,1,32,0.000,0.000,,,,,NVIDIA GeForce RTX 3090 (0),1,,7,"gemv_kernel_g128(const float4 *, const unsigned int *, const unsigned int *, const __half *, __half *, int, int)"
15318922404,73056,46148,1,1024,1,32,4,1,32,0.000,0.000,,,,,NVIDIA GeForce RTX 3090 (0),1,,7,"gemv_kernel_g128(const float4 *, const unsigned int *, const unsigned int *, const __half *, __half *, int, int)"
15319017956,80544,46154,1,2752,1,32,4,1,32,0.000,0.000,,,,,NVIDIA GeForce RTX 3090 (0),1,,7,"gemv_kernel_g128(const float4 *, const unsigned int *, const unsigned int *, const __half *, __half *, int, int)"
15319100004,83104,46156,1,2752,1,32,4,1,32,0.000,0.000,,,,,NVIDIA GeForce RTX 3090 (0),1,,7,"gemv_kernel_g128(const float4 *, const unsigned int *, const unsigned int *, const __half *, __half *, int, int)"
15319187940,37664,46160,1,1024,1,32,4,1,32,0.000,0.000,,,,,NVIDIA GeForce RTX 3090 (0),1,,7,"gemv_kernel_g128(const float4 *, const unsigned int *, const unsigned int *, const __half *, __half *, int, int)"
15319247364,113919,46166,1,3072,1,32,4,1,32,0.000,0.000,,,,,NVIDIA GeForce RTX 3090 (0),1,,7,"gemv_kernel_g128(const float4 *, const unsigned int *, const unsigned int *, const __half *, __half *, int, int)"
15321434269,83232,46314,1,1024,1,32,4,1,32,0.000,0.000,,,,,NVIDIA GeForce RTX 3090 (0),1,,7,"gemv_kernel_g128(const float4 *, const unsigned int *, const unsigned int *, const __half *, __half *, int, int)"
15321540125,79264,46320,1,2752,1,32,4,1,32,0.000,0.000,,,,,NVIDIA GeForce RTX 3090 (0),1,,7,"gemv_kernel_g128(const float4 *, const unsigned int *, const unsigned int *, const __half *, __half *, int, int)"
15321621245,77504,46322,1,2752,1,32,4,1,32,0.000,0.000,,,,,NVIDIA GeForce RTX 3090 (0),1,,7,"gemv_kernel_g128(const float4 *, const unsigned int *, const unsigned int *, const __half *, __half *, int, int)"
15321703805,40640,46326,1,1024,1,32,4,1,32,0.000,0.000,,,,,NVIDIA GeForce RTX 3090 (0),1,,7,"gemv_kernel_g128(const float4 *, const unsigned int *, const unsigned int *, const __half *, __half *, int, int)"
15321766077,109023,46332,1,3072,1,32,4,1,32,0.000,0.000,,,,,NVIDIA GeForce RTX 3090 (0),1,,7,"gemv_kernel_g128(const float4 *, const unsigned int *, const unsigned int *, const __half *, __half *, int, int)"
15324369045,81216,46480,1,1024,1,32,4,1,32,0.000,0.000,,,,,NVIDIA GeForce RTX 3090 (0),1,,7,"gemv_kernel_g128(const float4 *, const unsigned int *, const unsigned int *, const __half *, __half *, int, int)"
15324472277,76800,46486,1,2752,1,32,4,1,32,0.000,0.000,,,,,NVIDIA GeForce RTX 3090 (0),1,,7,"gemv_kernel_g128(const float4 *, const unsigned int *, const unsigned int *, const __half *, __half *, int, int)"
15324550485,70528,46488,1,2752,1,32,4,1,32,0.000,0.000,,,,,NVIDIA GeForce RTX 3090 (0),1,,7,"gemv_kernel_g128(const float4 *, const unsigned int *, const unsigned int *, const __half *, __half *, int, int)"
15324626101,38112,46492,1,1024,1,32,4,1,32,0.000,0.000,,,,,NVIDIA GeForce RTX 3090 (0),1,,7,"gemv_kernel_g128(const float4 *, const unsigned int *, const unsigned int *, const __half *, __half *, int, int)"
15324685364,91296,46498,1,3072,1,32,4,1,32,0.000,0.000,,,,,NVIDIA GeForce RTX 3090 (0),1,,7,"gemv_kernel_g128(const float4 *, const unsigned int *, const unsigned int *, const __half *, __half *, int, int)"
15326701551,95200,46646,1,1024,1,32,4,1,32,0.000,0.000,,,,,NVIDIA GeForce RTX 3090 (0),1,,7,"gemv_kernel_g128(const float4 *, const unsigned int *, const unsigned int *, const __half *, __half *, int, int)"
15326831759,83327,46652,1,2752,1,32,4,1,32,0.000,0.000,,,,,NVIDIA GeForce RTX 3090 (0),1,,7,"gemv_kernel_g128(const float4 *, const unsigned int *, const unsigned int *, const __half *, __half *, int, int)"
15326916462,92224,46654,1,2752,1,32,4,1,32,0.000,0.000,,,,,NVIDIA GeForce RTX 3090 (0),1,,7,"gemv_kernel_g128(const float4 *, const unsigned int *, const unsigned int *, const __half *, __half *, int, int)"
15327013998,38112,46658,1,1024,1,32,4,1,32,0.000,0.000,,,,,NVIDIA GeForce RTX 3090 (0),1,,7,"gemv_kernel_g128(const float4 *, const unsigned int *, const unsigned int *, const __half *, __half *, int, int)"
15327073038,126624,46664,1,3072,1,32,4,1,32,0.000,0.000,,,,,NVIDIA GeForce RTX 3090 (0),1,,7,"gemv_kernel_g128(const float4 *, const unsigned int *, const unsigned int *, const __half *, __half *, int, int)"
15329342408,74751,46812,1,1024,1,32,4,1,32,0.000,0.000,,,,,NVIDIA GeForce RTX 3090 (0),1,,7,"gemv_kernel_g128(const float4 *, const unsigned int *, const unsigned int *, const __half *, __half *, int, int)"
15329438951,65760,46818,1,2752,1,32,4,1,32,0.000,0.000,,,,,NVIDIA GeForce RTX 3090 (0),1,,7,"gemv_kernel_g128(const float4 *, const unsigned int *, const unsigned int *, const __half *, __half *, int, int)"
15329506471,65888,46820,1,2752,1,32,4,1,32,0.000,0.000,,,,,NVIDIA GeForce RTX 3090 (0),1,,7,"gemv_kernel_g128(const float4 *, const unsigned int *, const unsigned int *, const __half *, __half *, int, int)"
15329577191,38432,46824,1,1024,1,32,4,1,32,0.000,0.000,,,,,NVIDIA GeForce RTX 3090 (0),1,,7,"gemv_kernel_g128(const float4 *, const unsigned int *, const unsigned int *, const __half *, __half *, int, int)"
15329636871,94240,46830,1,3072,1,32,4,1,32,0.000,0.000,,,,,NVIDIA GeForce RTX 3090 (0),1,,7,"gemv_kernel_g128(const float4 *, const unsigned int *, const unsigned int *, const __half *, __half *, int, int)"
15331602753,69696,46978,1,1024,1,32,4,1,32,0.000,0.000,,,,,NVIDIA GeForce RTX 3090 (0),1,,7,"gemv_kernel_g128(const float4 *, const unsigned int *, const unsigned int *, const __half *, __half *, int, int)"
15331693953,66048,46984,1,2752,1,32,4,1,32,0.000,0.000,,,,,NVIDIA GeForce RTX 3090 (0),1,,7,"gemv_kernel_g128(const float4 *, const unsigned int *, const unsigned int *, const __half *, __half *, int, int)"
15331761953,65632,46986,1,2752,1,32,4,1,32,0.000,0.000,,,,,NVIDIA GeForce RTX 3090 (0),1,,7,"gemv_kernel_g128(const float4 *, const unsigned int *, const unsigned int *, const __half *, __half *, int, int)"
15331832193,38656,46990,1,1024,1,32,4,1,32,0.000,0.000,,,,,NVIDIA GeForce RTX 3090 (0),1,,7,"gemv_kernel_g128(const float4 *, const unsigned int *, const unsigned int *, const __half *, __half *, int, int)"
15331891585,87327,46996,1,3072,1,32,4,1,32,0.000,0.000,,,,,NVIDIA GeForce RTX 3090 (0),1,,7,"gemv_kernel_g128(const float4 *, const unsigned int *, const unsigned int *, const __half *, __half *, int, int)"
15333792347,74944,47144,1,1024,1,32,4,1,32,0.000,0.000,,,,,NVIDIA GeForce RTX 3090 (0),1,,7,"gemv_kernel_g128(const float4 *, const unsigned int *, const unsigned int *, const __half *, __half *, int, int)"
15333889403,65216,47150,1,2752,1,32,4,1,32,0.000,0.000,,,,,NVIDIA GeForce RTX 3090 (0),1,,7,"gemv_kernel_g128(const float4 *, const unsigned int *, const unsigned int *, const __half *, __half *, int, int)"
15333956091,65632,47152,1,2752,1,32,4,1,32,0.000,0.000,,,,,NVIDIA GeForce RTX 3090 (0),1,,7,"gemv_kernel_g128(const float4 *, const unsigned int *, const unsigned int *, const __half *, __half *, int, int)"
15334026875,37248,47156,1,1024,1,32,4,1,32,0.000,0.000,,,,,NVIDIA GeForce RTX 3090 (0),1,,7,"gemv_kernel_g128(const float4 *, const unsigned int *, const unsigned int *, const __half *, __half *, int, int)"
15334085306,87872,47162,1,3072,1,32,4,1,32,0.000,0.000,,,,,NVIDIA GeForce RTX 3090 (0),1,,7,"gemv_kernel_g128(const float4 *, const unsigned int *, const unsigned int *, const __half *, __half *, int, int)"
15336348212,85440,47310,1,1024,1,32,4,1,32,0.000,0.000,,,,,NVIDIA GeForce RTX 3090 (0),1,,7,"gemv_kernel_g128(const float4 *, const unsigned int *, const unsigned int *, const __half *, __half *, int, int)"
15336455380,72192,47316,1,2752,1,32,4,1,32,0.000,0.000,,,,,NVIDIA GeForce RTX 3090 (0),1,,7,"gemv_kernel_g128(const float4 *, const unsigned int *, const unsigned int *, const __half *, __half *, int, int)"
15336529044,72095,47318,1,2752,1,32,4,1,32,0.000,0.000,,,,,NVIDIA GeForce RTX 3090 (0),1,,7,"gemv_kernel_g128(const float4 *, const unsigned int *, const unsigned int *, const __half *, __half *, int, int)"
15336606291,38336,47322,1,1024,1,32,4,1,32,0.000,0.000,,,,,NVIDIA GeForce RTX 3090 (0),1,,7,"gemv_kernel_g128(const float4 *, const unsigned int *, const unsigned int *, const __half *, __half *, int, int)"
15336665651,98432,47328,1,3072,1,32,4,1,32,0.000,0.000,,,,,NVIDIA GeForce RTX 3090 (0),1,,7,"gemv_kernel_g128(const float4 *, const unsigned int *, const unsigned int *, const __half *, __half *, int, int)"
15338635054,76384,47476,1,1024,1,32,4,1,32,0.000,0.000,,,,,NVIDIA GeForce RTX 3090 (0),1,,7,"gemv_kernel_g128(const float4 *, const unsigned int *, const unsigned int *, const __half *, __half *, int, int)"
15338733198,75679,47482,1,2752,1,32,4,1,32,0.000,0.000,,,,,NVIDIA GeForce RTX 3090 (0),1,,7,"gemv_kernel_g128(const float4 *, const unsigned int *, const unsigned int *, const __half *, __half *, int, int)"
15338810381,65664,47484,1,2752,1,32,4,1,32,0.000,0.000,,,,,NVIDIA GeForce RTX 3090 (0),1,,7,"gemv_kernel_g128(const float4 *, const unsigned int *, const unsigned int *, const __half *, __half *, int, int)"
15338880781,38752,47488,1,1024,1,32,4,1,32,0.000,0.000,,,,,NVIDIA GeForce RTX 3090 (0),1,,7,"gemv_kernel_g128(const float4 *, const unsigned int *, const unsigned int *, const __half *, __half *, int, int)"
15338941005,92672,47494,1,3072,1,32,4,1,32,0.000,0.000,,,,,NVIDIA GeForce RTX 3090 (0),1,,7,"gemv_kernel_g128(const float4 *, const unsigned int *, const unsigned int *, const __half *, __half *, int, int)"
15340951623,70976,47642,1,1024,1,32,4,1,32,0.000,0.000,,,,,NVIDIA GeForce RTX 3090 (0),1,,7,"gemv_kernel_g128(const float4 *, const unsigned int *, const unsigned int *, const __half *, __half *, int, int)"
15341043591,71552,47648,1,2752,1,32,4,1,32,0.000,0.000,,,,,NVIDIA GeForce RTX 3090 (0),1,,7,"gemv_kernel_g128(const float4 *, const unsigned int *, const unsigned int *, const __half *, __half *, int, int)"
15341117063,66208,47650,1,2752,1,32,4,1,32,0.000,0.000,,,,,NVIDIA GeForce RTX 3090 (0),1,,7,"gemv_kernel_g128(const float4 *, const unsigned int *, const unsigned int *, const __half *, __half *, int, int)"
15341188007,38976,47654,1,1024,1,32,4,1,32,0.000,0.000,,,,,NVIDIA GeForce RTX 3090 (0),1,,7,"gemv_kernel_g128(const float4 *, const unsigned int *, const unsigned int *, const __half *, __half *, int, int)"
15341247655,88223,47660,1,3072,1,32,4,1,32,0.000,0.000,,,,,NVIDIA GeForce RTX 3090 (0),1,,7,"gemv_kernel_g128(const float4 *, const unsigned int *, const unsigned int *, const __half *, __half *, int, int)"
15343612704,75328,47808,1,1024,1,32,4,1,32,0.000,0.000,,,,,NVIDIA GeForce RTX 3090 (0),1,,7,"gemv_kernel_g128(const float4 *, const unsigned int *, const unsigned int *, const __half *, __half *, int, int)"
15343709856,67456,47814,1,2752,1,32,4,1,32,0.000,0.000,,,,,NVIDIA GeForce RTX 3090 (0),1,,7,"gemv_kernel_g128(const float4 *, const unsigned int *, const unsigned int *, const __half *, __half *, int, int)"
15343778816,64767,47816,1,2752,1,32,4,1,32,0.000,0.000,,,,,NVIDIA GeForce RTX 3090 (0),1,,7,"gemv_kernel_g128(const float4 *, const unsigned int *, const unsigned int *, const __half *, __half *, int, int)"
15343848703,36736,47820,1,1024,1,32,4,1,32,0.000,0.000,,,,,NVIDIA GeForce RTX 3090 (0),1,,7,"gemv_kernel_g128(const float4 *, const unsigned int *, const unsigned int *, const __half *, __half *, int, int)"
15343907071,500255,47826,1,3072,1,32,4,1,32,0.000,0.000,,,,,NVIDIA GeForce RTX 3090 (0),1,,7,"gemv_kernel_g128(const float4 *, const unsigned int *, const unsigned int *, const __half *, __half *, int, int)"
15346225113,74496,47974,1,1024,1,32,4,1,32,0.000,0.000,,,,,NVIDIA GeForce RTX 3090 (0),1,,7,"gemv_kernel_g128(const float4 *, const unsigned int *, const unsigned int *, const __half *, __half *, int, int)"
15346326489,66079,47980,1,2752,1,32,4,1,32,0.000,0.000,,,,,NVIDIA GeForce RTX 3090 (0),1,,7,"gemv_kernel_g128(const float4 *, const unsigned int *, const unsigned int *, const __half *, __half *, int, int)"
15346393976,69824,47982,1,2752,1,32,4,1,32,0.000,0.000,,,,,NVIDIA GeForce RTX 3090 (0),1,,7,"gemv_kernel_g128(const float4 *, const unsigned int *, const unsigned int *, const __half *, __half *, int, int)"
15346468888,37664,47986,1,1024,1,32,4,1,32,0.000,0.000,,,,,NVIDIA GeForce RTX 3090 (0),1,,7,"gemv_kernel_g128(const float4 *, const unsigned int *, const unsigned int *, const __half *, __half *, int, int)"
15346526968,87008,47992,1,3072,1,32,4,1,32,0.000,0.000,,,,,NVIDIA GeForce RTX 3090 (0),1,,7,"gemv_kernel_g128(const float4 *, const unsigned int *, const unsigned int *, const __half *, __half *, int, int)"
15348414707,76064,48140,1,1024,1,32,4,1,32,0.000,0.000,,,,,NVIDIA GeForce RTX 3090 (0),1,,7,"gemv_kernel_g128(const float4 *, const unsigned int *, const unsigned int *, const __half *, __half *, int, int)"
15348514195,65919,48146,1,2752,1,32,4,1,32,0.000,0.000,,,,,NVIDIA GeForce RTX 3090 (0),1,,7,"gemv_kernel_g128(const float4 *, const unsigned int *, const unsigned int *, const __half *, __half *, int, int)"
15348581490,66272,48148,1,2752,1,32,4,1,32,0.000,0.000,,,,,NVIDIA GeForce RTX 3090 (0),1,,7,"gemv_kernel_g128(const float4 *, const unsigned int *, const unsigned int *, const __half *, __half *, int, int)"
15348652434,38304,48152,1,1024,1,32,4,1,32,0.000,0.000,,,,,NVIDIA GeForce RTX 3090 (0),1,,7,"gemv_kernel_g128(const float4 *, const unsigned int *, const unsigned int *, const __half *, __half *, int, int)"
15348712114,96096,48158,1,3072,1,32,4,1,32,0.000,0.000,,,,,NVIDIA GeForce RTX 3090 (0),1,,7,"gemv_kernel_g128(const float4 *, const unsigned int *, const unsigned int *, const __half *, __half *, int, int)"
15350628845,68831,48306,1,1024,1,32,4,1,32,0.000,0.000,,,,,NVIDIA GeForce RTX 3090 (0),1,,7,"gemv_kernel_g128(const float4 *, const unsigned int *, const unsigned int *, const __half *, __half *, int, int)"
15350719244,66176,48312,1,2752,1,32,4,1,32,0.000,0.000,,,,,NVIDIA GeForce RTX 3090 (0),1,,7,"gemv_kernel_g128(const float4 *, const unsigned int *, const unsigned int *, const __half *, __half *, int, int)"
15350787340,64736,48314,1,2752,1,32,4,1,32,0.000,0.000,,,,,NVIDIA GeForce RTX 3090 (0),1,,7,"gemv_kernel_g128(const float4 *, const unsigned int *, const unsigned int *, const __half *, __half *, int, int)"
15350856812,39072,48318,1,1024,1,32,4,1,32,0.000,0.000,,,,,NVIDIA GeForce RTX 3090 (0),1,,7,"gemv_kernel_g128(const float4 *, const unsigned int *, const unsigned int *, const __half *, __half *, int, int)"
15350916588,89568,48324,1,3072,1,32,4,1,32,0.000,0.000,,,,,NVIDIA GeForce RTX 3090 (0),1,,7,"gemv_kernel_g128(const float4 *, const unsigned int *, const unsigned int *, const __half *, __half *, int, int)"
15353064998,70336,48472,1,1024,1,32,4,1,32,0.000,0.000,,,,,NVIDIA GeForce RTX 3090 (0),1,,7,"gemv_kernel_g128(const float4 *, const unsigned int *, const unsigned int *, const __half *, __half *, int, int)"
15353156742,65087,48478,1,2752,1,32,4,1,32,0.000,0.000,,,,,NVIDIA GeForce RTX 3090 (0),1,,7,"gemv_kernel_g128(const float4 *, const unsigned int *, const unsigned int *, const __half *, __half *, int, int)"
15353223333,66240,48480,1,2752,1,32,4,1,32,0.000,0.000,,,,,NVIDIA GeForce RTX 3090 (0),1,,7,"gemv_kernel_g128(const float4 *, const unsigned int *, const unsigned int *, const __half *, __half *, int, int)"
15353294661,39040,48484,1,1024,1,32,4,1,32,0.000,0.000,,,,,NVIDIA GeForce RTX 3090 (0),1,,7,"gemv_kernel_g128(const float4 *, const unsigned int *, const unsigned int *, const __half *, __half *, int, int)"
15353354853,89440,48490,1,3072,1,32,4,1,32,0.000,0.000,,,,,NVIDIA GeForce RTX 3090 (0),1,,7,"gemv_kernel_g128(const float4 *, const unsigned int *, const unsigned int *, const __half *, __half *, int, int)"
15355300320,73440,48638,1,1024,1,32,4,1,32,0.000,0.000,,,,,NVIDIA GeForce RTX 3090 (0),1,,7,"gemv_kernel_g128(const float4 *, const unsigned int *, const unsigned int *, const __half *, __half *, int, int)"
15355401375,65472,48644,1,2752,1,32,4,1,32,0.000,0.000,,,,,NVIDIA GeForce RTX 3090 (0),1,,7,"gemv_kernel_g128(const float4 *, const unsigned int *, const unsigned int *, const __half *, __half *, int, int)"
15355468287,66688,48646,1,2752,1,32,4,1,32,0.000,0.000,,,,,NVIDIA GeForce RTX 3090 (0),1,,7,"gemv_kernel_g128(const float4 *, const unsigned int *, const unsigned int *, const __half *, __half *, int, int)"
15355540095,39616,48650,1,1024,1,32,4,1,32,0.000,0.000,,,,,NVIDIA GeForce RTX 3090 (0),1,,7,"gemv_kernel_g128(const float4 *, const unsigned int *, const unsigned int *, const __half *, __half *, int, int)"
15355600383,87648,48656,1,3072,1,32,4,1,32,0.000,0.000,,,,,NVIDIA GeForce RTX 3090 (0),1,,7,"gemv_kernel_g128(const float4 *, const unsigned int *, const unsigned int *, const __half *, __half *, int, int)"
15357460314,69664,48804,1,1024,1,32,4,1,32,0.000,0.000,,,,,NVIDIA GeForce RTX 3090 (0),1,,7,"gemv_kernel_g128(const float4 *, const unsigned int *, const unsigned int *, const __half *, __half *, int, int)"
15357551545,65152,48810,1,2752,1,32,4,1,32,0.000,0.000,,,,,NVIDIA GeForce RTX 3090 (0),1,,7,"gemv_kernel_g128(const float4 *, const unsigned int *, const unsigned int *, const __half *, __half *, int, int)"
15357618073,65696,48812,1,2752,1,32,4,1,32,0.000,0.000,,,,,NVIDIA GeForce RTX 3090 (0),1,,7,"gemv_kernel_g128(const float4 *, const unsigned int *, const unsigned int *, const __half *, __half *, int, int)"
15357688409,39008,48816,1,1024,1,32,4,1,32,0.000,0.000,,,,,NVIDIA GeForce RTX 3090 (0),1,,7,"gemv_kernel_g128(const float4 *, const unsigned int *, const unsigned int *, const __half *, __half *, int, int)"
15357748217,89856,48822,1,3072,1,32,4,1,32,0.000,0.000,,,,,NVIDIA GeForce RTX 3090 (0),1,,7,"gemv_kernel_g128(const float4 *, const unsigned int *, const unsigned int *, const __half *, __half *, int, int)"
15359619796,73696,48970,1,1024,1,32,4,1,32,0.000,0.000,,,,,NVIDIA GeForce RTX 3090 (0),1,,7,"gemv_kernel_g128(const float4 *, const unsigned int *, const unsigned int *, const __half *, __half *, int, int)"
15359714612,65119,48976,1,2752,1,32,4,1,32,0.000,0.000,,,,,NVIDIA GeForce RTX 3090 (0),1,,7,"gemv_kernel_g128(const float4 *, const unsigned int *, const unsigned int *, const __half *, __half *, int, int)"
15359781619,66496,48978,1,2752,1,32,4,1,32,0.000,0.000,,,,,NVIDIA GeForce RTX 3090 (0),1,,7,"gemv_kernel_g128(const float4 *, const unsigned int *, const unsigned int *, const __half *, __half *, int, int)"
15359852819,37632,48982,1,1024,1,32,4,1,32,0.000,0.000,,,,,NVIDIA GeForce RTX 3090 (0),1,,7,"gemv_kernel_g128(const float4 *, const unsigned int *, const unsigned int *, const __half *, __half *, int, int)"
15359911635,90560,48988,1,3072,1,32,4,1,32,0.000,0.000,,,,,NVIDIA GeForce RTX 3090 (0),1,,7,"gemv_kernel_g128(const float4 *, const unsigned int *, const unsigned int *, const __half *, __half *, int, int)"
15361759278,74048,49136,1,1024,1,32,4,1,32,0.000,0.000,,,,,NVIDIA GeForce RTX 3090 (0),1,,7,"gemv_kernel_g128(const float4 *, const unsigned int *, const unsigned int *, const __half *, __half *, int, int)"
15361855086,64927,49142,1,2752,1,32,4,1,32,0.000,0.000,,,,,NVIDIA GeForce RTX 3090 (0),1,,7,"gemv_kernel_g128(const float4 *, const unsigned int *, const unsigned int *, const __half *, __half *, int, int)"
15361921421,65888,49144,1,2752,1,32,4,1,32,0.000,0.000,,,,,NVIDIA GeForce RTX 3090 (0),1,,7,"gemv_kernel_g128(const float4 *, const unsigned int *, const unsigned int *, const __half *, __half *, int, int)"
15361992461,38208,49148,1,1024,1,32,4,1,32,0.000,0.000,,,,,NVIDIA GeForce RTX 3090 (0),1,,7,"gemv_kernel_g128(const float4 *, const unsigned int *, const unsigned int *, const __half *, __half *, int, int)"
15362052493,90560,49154,1,3072,1,32,4,1,32,0.000,0.000,,,,,NVIDIA GeForce RTX 3090 (0),1,,7,"gemv_kernel_g128(const float4 *, const unsigned int *, const unsigned int *, const __half *, __half *, int, int)"
15364002440,495774,49302,1,1024,1,32,4,1,32,0.000,0.000,,,,,NVIDIA GeForce RTX 3090 (0),1,,7,"gemv_kernel_g128(const float4 *, const unsigned int *, const unsigned int *, const __half *, __half *, int, int)"
15364519718,65152,49308,1,2752,1,32,4,1,32,0.000,0.000,,,,,NVIDIA GeForce RTX 3090 (0),1,,7,"gemv_kernel_g128(const float4 *, const unsigned int *, const unsigned int *, const __half *, __half *, int, int)"
15364586278,65280,49310,1,2752,1,32,4,1,32,0.000,0.000,,,,,NVIDIA GeForce RTX 3090 (0),1,,7,"gemv_kernel_g128(const float4 *, const unsigned int *, const unsigned int *, const __half *, __half *, int, int)"
15364656678,36896,49314,1,1024,1,32,4,1,32,0.000,0.000,,,,,NVIDIA GeForce RTX 3090 (0),1,,7,"gemv_kernel_g128(const float4 *, const unsigned int *, const unsigned int *, const __half *, __half *, int, int)"
15364714214,482590,49320,1,3072,1,32,4,1,32,0.000,0.000,,,,,NVIDIA GeForce RTX 3090 (0),1,,7,"gemv_kernel_g128(const float4 *, const unsigned int *, const unsigned int *, const __half *, __half *, int, int)"
15367262431,80351,49468,1,1024,1,32,4,1,32,0.000,0.000,,,,,NVIDIA GeForce RTX 3090 (0),1,,7,"gemv_kernel_g128(const float4 *, const unsigned int *, const unsigned int *, const __half *, __half *, int, int)"
15367364414,65952,49474,1,2752,1,32,4,1,32,0.000,0.000,,,,,NVIDIA GeForce RTX 3090 (0),1,,7,"gemv_kernel_g128(const float4 *, const unsigned int *, const unsigned int *, const __half *, __half *, int, int)"
15367431742,65824,49476,1,2752,1,32,4,1,32,0.000,0.000,,,,,NVIDIA GeForce RTX 3090 (0),1,,7,"gemv_kernel_g128(const float4 *, const unsigned int *, const unsigned int *, const __half *, __half *, int, int)"
15367502334,38976,49480,1,1024,1,32,4,1,32,0.000,0.000,,,,,NVIDIA GeForce RTX 3090 (0),1,,7,"gemv_kernel_g128(const float4 *, const unsigned int *, const unsigned int *, const __half *, __half *, int, int)"
15367562110,90240,49486,1,3072,1,32,4,1,32,0.000,0.000,,,,,NVIDIA GeForce RTX 3090 (0),1,,7,"gemv_kernel_g128(const float4 *, const unsigned int *, const unsigned int *, const __half *, __half *, int, int)"
15369461497,68415,49634,1,1024,1,32,4,1,32,0.000,0.000,,,,,NVIDIA GeForce RTX 3090 (0),1,,7,"gemv_kernel_g128(const float4 *, const unsigned int *, const unsigned int *, const __half *, __half *, int, int)"
15369550488,65632,49640,1,2752,1,32,4,1,32,0.000,0.000,,,,,NVIDIA GeForce RTX 3090 (0),1,,7,"gemv_kernel_g128(const float4 *, const unsigned int *, const unsigned int *, const __half *, __half *, int, int)"
15369618072,66880,49642,1,2752,1,32,4,1,32,0.000,0.000,,,,,NVIDIA GeForce RTX 3090 (0),1,,7,"gemv_kernel_g128(const float4 *, const unsigned int *, const unsigned int *, const __half *, __half *, int, int)"
15369689656,37504,49646,1,1024,1,32,4,1,32,0.000,0.000,,,,,NVIDIA GeForce RTX 3090 (0),1,,7,"gemv_kernel_g128(const float4 *, const unsigned int *, const unsigned int *, const __half *, __half *, int, int)"
15369748984,89983,49652,1,3072,1,32,4,1,32,0.000,0.000,,,,,NVIDIA GeForce RTX 3090 (0),1,,7,"gemv_kernel_g128(const float4 *, const unsigned int *, const unsigned int *, const __half *, __half *, int, int)"
15371849554,73952,49800,1,1024,1,32,4,1,32,0.000,0.000,,,,,NVIDIA GeForce RTX 3090 (0),1,,7,"gemv_kernel_g128(const float4 *, const unsigned int *, const unsigned int *, const __half *, __half *, int, int)"
15371945234,66399,49806,1,2752,1,32,4,1,32,0.000,0.000,,,,,NVIDIA GeForce RTX 3090 (0),1,,7,"gemv_kernel_g128(const float4 *, const unsigned int *, const unsigned int *, const __half *, __half *, int, int)"
15372013073,65824,49808,1,2752,1,32,4,1,32,0.000,0.000,,,,,NVIDIA GeForce RTX 3090 (0),1,,7,"gemv_kernel_g128(const float4 *, const unsigned int *, const unsigned int *, const __half *, __half *, int, int)"
15372084113,37888,49812,1,1024,1,32,4,1,32,0.000,0.000,,,,,NVIDIA GeForce RTX 3090 (0),1,,7,"gemv_kernel_g128(const float4 *, const unsigned int *, const unsigned int *, const __half *, __half *, int, int)"
15372143057,87232,49818,1,3072,1,32,4,1,32,0.000,0.000,,,,,NVIDIA GeForce RTX 3090 (0),1,,7,"gemv_kernel_g128(const float4 *, const unsigned int *, const unsigned int *, const __half *, __half *, int, int)"
15374042348,72160,49966,1,1024,1,32,4,1,32,0.000,0.000,,,,,NVIDIA GeForce RTX 3090 (0),1,,7,"gemv_kernel_g128(const float4 *, const unsigned int *, const unsigned int *, const __half *, __half *, int, int)"
15374136972,66495,49972,1,2752,1,32,4,1,32,0.000,0.000,,,,,NVIDIA GeForce RTX 3090 (0),1,,7,"gemv_kernel_g128(const float4 *, const unsigned int *, const unsigned int *, const __half *, __half *, int, int)"
15374204939,65440,49974,1,2752,1,32,4,1,32,0.000,0.000,,,,,NVIDIA GeForce RTX 3090 (0),1,,7,"gemv_kernel_g128(const float4 *, const unsigned int *, const unsigned int *, const __half *, __half *, int, int)"
15374275563,37376,49978,1,1024,1,32,4,1,32,0.000,0.000,,,,,NVIDIA GeForce RTX 3090 (0),1,,7,"gemv_kernel_g128(const float4 *, const unsigned int *, const unsigned int *, const __half *, __half *, int, int)"
15374333387,88832,49984,1,3072,1,32,4,1,32,0.000,0.000,,,,,NVIDIA GeForce RTX 3090 (0),1,,7,"gemv_kernel_g128(const float4 *, const unsigned int *, const unsigned int *, const __half *, __half *, int, int)"
15376111654,73472,50132,1,1024,1,32,4,1,32,0.000,0.000,,,,,NVIDIA GeForce RTX 3090 (0),1,,7,"gemv_kernel_g128(const float4 *, const unsigned int *, const unsigned int *, const __half *, __half *, int, int)"
15376206310,66368,50138,1,2752,1,32,4,1,32,0.000,0.000,,,,,NVIDIA GeForce RTX 3090 (0),1,,7,"gemv_kernel_g128(const float4 *, const unsigned int *, const unsigned int *, const __half *, __half *, int, int)"
15376274118,66623,50140,1,2752,1,32,4,1,32,0.000,0.000,,,,,NVIDIA GeForce RTX 3090 (0),1,,7,"gemv_kernel_g128(const float4 *, const unsigned int *, const unsigned int *, const __half *, __half *, int, int)"
15376345381,37440,50144,1,1024,1,32,4,1,32,0.000,0.000,,,,,NVIDIA GeForce RTX 3090 (0),1,,7,"gemv_kernel_g128(const float4 *, const unsigned int *, const unsigned int *, const __half *, __half *, int, int)"
15376403589,89888,50150,1,3072,1,32,4,1,32,0.000,0.000,,,,,NVIDIA GeForce RTX 3090 (0),1,,7,"gemv_kernel_g128(const float4 *, const unsigned int *, const unsigned int *, const __half *, __half *, int, int)"
15378162752,71328,50298,1,1024,1,32,4,1,32,0.000,0.000,,,,,NVIDIA GeForce RTX 3090 (0),1,,7,"gemv_kernel_g128(const float4 *, const unsigned int *, const unsigned int *, const __half *, __half *, int, int)"
15378255424,65760,50304,1,2752,1,32,4,1,32,0.000,0.000,,,,,NVIDIA GeForce RTX 3090 (0),1,,7,"gemv_kernel_g128(const float4 *, const unsigned int *, const unsigned int *, const __half *, __half *, int, int)"
15378323136,66112,50306,1,2752,1,32,4,1,32,0.000,0.000,,,,,NVIDIA GeForce RTX 3090 (0),1,,7,"gemv_kernel_g128(const float4 *, const unsigned int *, const unsigned int *, const __half *, __half *, int, int)"
15378394112,37248,50310,1,1024,1,32,4,1,32,0.000,0.000,,,,,NVIDIA GeForce RTX 3090 (0),1,,7,"gemv_kernel_g128(const float4 *, const unsigned int *, const unsigned int *, const __half *, __half *, int, int)"
15378451872,85663,50316,1,3072,1,32,4,1,32,0.000,0.000,,,,,NVIDIA GeForce RTX 3090 (0),1,,7,"gemv_kernel_g128(const float4 *, const unsigned int *, const unsigned int *, const __half *, __half *, int, int)"
15380315002,70176,50464,1,1024,1,32,4,1,32,0.000,0.000,,,,,NVIDIA GeForce RTX 3090 (0),1,,7,"gemv_kernel_g128(const float4 *, const unsigned int *, const unsigned int *, const __half *, __half *, int, int)"
15380406010,65184,50470,1,2752,1,32,4,1,32,0.000,0.000,,,,,NVIDIA GeForce RTX 3090 (0),1,,7,"gemv_kernel_g128(const float4 *, const unsigned int *, const unsigned int *, const __half *, __half *, int, int)"
15380478714,66112,50472,1,2752,1,32,4,1,32,0.000,0.000,,,,,NVIDIA GeForce RTX 3090 (0),1,,7,"gemv_kernel_g128(const float4 *, const unsigned int *, const unsigned int *, const __half *, __half *, int, int)"
15380549978,38880,50476,1,1024,1,32,4,1,32,0.000,0.000,,,,,NVIDIA GeForce RTX 3090 (0),1,,7,"gemv_kernel_g128(const float4 *, const unsigned int *, const unsigned int *, const __half *, __half *, int, int)"
15380609850,133247,50482,1,8000,1,32,4,1,32,0.000,0.000,,,,,NVIDIA GeForce RTX 3090 (0),1,,7,"gemv_kernel_g128(const float4 *, const unsigned int *, const unsigned int *, const __half *, __half *, int, int)"
15410764614,93888,50496,1,3072,1,32,4,1,32,0.000,0.000,,,,,NVIDIA GeForce RTX 3090 (0),1,,7,"gemv_kernel_g128(const float4 *, const unsigned int *, const unsigned int *, const __half *, __half *, int, int)"
15413061984,71584,50644,1,1024,1,32,4,1,32,0.000,0.000,,,,,NVIDIA GeForce RTX 3090 (0),1,,7,"gemv_kernel_g128(const float4 *, const unsigned int *, const unsigned int *, const __half *, __half *, int, int)"
15413156544,81183,50650,1,2752,1,32,4,1,32,0.000,0.000,,,,,NVIDIA GeForce RTX 3090 (0),1,,7,"gemv_kernel_g128(const float4 *, const unsigned int *, const unsigned int *, const __half *, __half *, int, int)"
15413239199,90560,50652,1,2752,1,32,4,1,32,0.000,0.000,,,,,NVIDIA GeForce RTX 3090 (0),1,,7,"gemv_kernel_g128(const float4 *, const unsigned int *, const unsigned int *, const __half *, __half *, int, int)"
15413335743,36320,50656,1,1024,1,32,4,1,32,0.000,0.000,,,,,NVIDIA GeForce RTX 3090 (0),1,,7,"gemv_kernel_g128(const float4 *, const unsigned int *, const unsigned int *, const __half *, __half *, int, int)"
15413395775,122304,50662,1,3072,1,32,4,1,32,0.000,0.000,,,,,NVIDIA GeForce RTX 3090 (0),1,,7,"gemv_kernel_g128(const float4 *, const unsigned int *, const unsigned int *, const __half *, __half *, int, int)"
15415530361,75360,50810,1,1024,1,32,4,1,32,0.000,0.000,,,,,NVIDIA GeForce RTX 3090 (0),1,,7,"gemv_kernel_g128(const float4 *, const unsigned int *, const unsigned int *, const __half *, __half *, int, int)"
15415627321,67296,50816,1,2752,1,32,4,1,32,0.000,0.000,,,,,NVIDIA GeForce RTX 3090 (0),1,,7,"gemv_kernel_g128(const float4 *, const unsigned int *, const unsigned int *, const __half *, __half *, int, int)"
15415696025,64991,50818,1,2752,1,32,4,1,32,0.000,0.000,,,,,NVIDIA GeForce RTX 3090 (0),1,,7,"gemv_kernel_g128(const float4 *, const unsigned int *, const unsigned int *, const __half *, __half *, int, int)"
15415766200,37152,50822,1,1024,1,32,4,1,32,0.000,0.000,,,,,NVIDIA GeForce RTX 3090 (0),1,,7,"gemv_kernel_g128(const float4 *, const unsigned int *, const unsigned int *, const __half *, __half *, int, int)"
15415824408,96032,50828,1,3072,1,32,4,1,32,0.000,0.000,,,,,NVIDIA GeForce RTX 3090 (0),1,,7,"gemv_kernel_g128(const float4 *, const unsigned int *, const unsigned int *, const __half *, __half *, int, int)"
15417880403,74591,50976,1,1024,1,32,4,1,32,0.000,0.000,,,,,NVIDIA GeForce RTX 3090 (0),1,,7,"gemv_kernel_g128(const float4 *, const unsigned int *, const unsigned int *, const __half *, __half *, int, int)"
15417978290,68672,50982,1,2752,1,32,4,1,32,0.000,0.000,,,,,NVIDIA GeForce RTX 3090 (0),1,,7,"gemv_kernel_g128(const float4 *, const unsigned int *, const unsigned int *, const __half *, __half *, int, int)"
15418048530,67040,50984,1,2752,1,32,4,1,32,0.000,0.000,,,,,NVIDIA GeForce RTX 3090 (0),1,,7,"gemv_kernel_g128(const float4 *, const unsigned int *, const unsigned int *, const __half *, __half *, int, int)"
15418120306,37728,50988,1,1024,1,32,4,1,32,0.000,0.000,,,,,NVIDIA GeForce RTX 3090 (0),1,,7,"gemv_kernel_g128(const float4 *, const unsigned int *, const unsigned int *, const __half *, __half *, int, int)"
15418179218,87647,50994,1,3072,1,32,4,1,32,0.000,0.000,,,,,NVIDIA GeForce RTX 3090 (0),1,,7,"gemv_kernel_g128(const float4 *, const unsigned int *, const unsigned int *, const __half *, __half *, int, int)"
15420121356,73824,51142,1,1024,1,32,4,1,32,0.000,0.000,,,,,NVIDIA GeForce RTX 3090 (0),1,,7,"gemv_kernel_g128(const float4 *, const unsigned int *, const unsigned int *, const __half *, __half *, int, int)"
15420216524,66368,51148,1,2752,1,32,4,1,32,0.000,0.000,,,,,NVIDIA GeForce RTX 3090 (0),1,,7,"gemv_kernel_g128(const float4 *, const unsigned int *, const unsigned int *, const __half *, __half *, int, int)"
15420284716,65056,51150,1,2752,1,32,4,1,32,0.000,0.000,,,,,NVIDIA GeForce RTX 3090 (0),1,,7,"gemv_kernel_g128(const float4 *, const unsigned int *, const unsigned int *, const __half *, __half *, int, int)"
15420354540,37824,51154,1,1024,1,32,4,1,32,0.000,0.000,,,,,NVIDIA GeForce RTX 3090 (0),1,,7,"gemv_kernel_g128(const float4 *, const unsigned int *, const unsigned int *, const __half *, __half *, int, int)"
15420412940,90111,51160,1,3072,1,32,4,1,32,0.000,0.000,,,,,NVIDIA GeForce RTX 3090 (0),1,,7,"gemv_kernel_g128(const float4 *, const unsigned int *, const unsigned int *, const __half *, __half *, int, int)"
15422212711,70431,51308,1,1024,1,32,4,1,32,0.000,0.000,,,,,NVIDIA GeForce RTX 3090 (0),1,,7,"gemv_kernel_g128(const float4 *, const unsigned int *, const unsigned int *, const __half *, __half *, int, int)"
15422304518,66240,51314,1,2752,1,32,4,1,32,0.000,0.000,,,,,NVIDIA GeForce RTX 3090 (0),1,,7,"gemv_kernel_g128(const float4 *, const unsigned int *, const unsigned int *, const __half *, __half *, int, int)"
15422372230,64896,51316,1,2752,1,32,4,1,32,0.000,0.000,,,,,NVIDIA GeForce RTX 3090 (0),1,,7,"gemv_kernel_g128(const float4 *, const unsigned int *, const unsigned int *, const __half *, __half *, int, int)"
15422442182,38624,51320,1,1024,1,32,4,1,32,0.000,0.000,,,,,NVIDIA GeForce RTX 3090 (0),1,,7,"gemv_kernel_g128(const float4 *, const unsigned int *, const unsigned int *, const __half *, __half *, int, int)"
15422502182,91263,51326,1,3072,1,32,4,1,32,0.000,0.000,,,,,NVIDIA GeForce RTX 3090 (0),1,,7,"gemv_kernel_g128(const float4 *, const unsigned int *, const unsigned int *, const __half *, __half *, int, int)"
15424246465,68576,51474,1,1024,1,32,4,1,32,0.000,0.000,,,,,NVIDIA GeForce RTX 3090 (0),1,,7,"gemv_kernel_g128(const float4 *, const unsigned int *, const unsigned int *, const __half *, __half *, int, int)"
15424336321,65279,51480,1,2752,1,32,4,1,32,0.000,0.000,,,,,NVIDIA GeForce RTX 3090 (0),1,,7,"gemv_kernel_g128(const float4 *, const unsigned int *, const unsigned int *, const __half *, __half *, int, int)"
15424403008,66240,51482,1,2752,1,32,4,1,32,0.000,0.000,,,,,NVIDIA GeForce RTX 3090 (0),1,,7,"gemv_kernel_g128(const float4 *, const unsigned int *, const unsigned int *, const __half *, __half *, int, int)"
15424474304,38112,51486,1,1024,1,32,4,1,32,0.000,0.000,,,,,NVIDIA GeForce RTX 3090 (0),1,,7,"gemv_kernel_g128(const float4 *, const unsigned int *, const unsigned int *, const __half *, __half *, int, int)"
15424533184,88928,51492,1,3072,1,32,4,1,32,0.000,0.000,,,,,NVIDIA GeForce RTX 3090 (0),1,,7,"gemv_kernel_g128(const float4 *, const unsigned int *, const unsigned int *, const __half *, __half *, int, int)"
15426284699,72512,51640,1,1024,1,32,4,1,32,0.000,0.000,,,,,NVIDIA GeForce RTX 3090 (0),1,,7,"gemv_kernel_g128(const float4 *, const unsigned int *, const unsigned int *, const __half *, __half *, int, int)"
15426378747,65824,51646,1,2752,1,32,4,1,32,0.000,0.000,,,,,NVIDIA GeForce RTX 3090 (0),1,,7,"gemv_kernel_g128(const float4 *, const unsigned int *, const unsigned int *, const __half *, __half *, int, int)"
15426446043,65760,51648,1,2752,1,32,4,1,32,0.000,0.000,,,,,NVIDIA GeForce RTX 3090 (0),1,,7,"gemv_kernel_g128(const float4 *, const unsigned int *, const unsigned int *, const __half *, __half *, int, int)"
15426516507,39392,51652,1,1024,1,32,4,1,32,0.000,0.000,,,,,NVIDIA GeForce RTX 3090 (0),1,,7,"gemv_kernel_g128(const float4 *, const unsigned int *, const unsigned int *, const __half *, __half *, int, int)"
15426576474,87168,51658,1,3072,1,32,4,1,32,0.000,0.000,,,,,NVIDIA GeForce RTX 3090 (0),1,,7,"gemv_kernel_g128(const float4 *, const unsigned int *, const unsigned int *, const __half *, __half *, int, int)"
15428308758,71935,51806,1,1024,1,32,4,1,32,0.000,0.000,,,,,NVIDIA GeForce RTX 3090 (0),1,,7,"gemv_kernel_g128(const float4 *, const unsigned int *, const unsigned int *, const __half *, __half *, int, int)"
15428401461,65600,51812,1,2752,1,32,4,1,32,0.000,0.000,,,,,NVIDIA GeForce RTX 3090 (0),1,,7,"gemv_kernel_g128(const float4 *, const unsigned int *, const unsigned int *, const __half *, __half *, int, int)"
15428468981,65344,51814,1,2752,1,32,4,1,32,0.000,0.000,,,,,NVIDIA GeForce RTX 3090 (0),1,,7,"gemv_kernel_g128(const float4 *, const unsigned int *, const unsigned int *, const __half *, __half *, int, int)"
15428539029,38656,51818,1,1024,1,32,4,1,32,0.000,0.000,,,,,NVIDIA GeForce RTX 3090 (0),1,,7,"gemv_kernel_g128(const float4 *, const unsigned int *, const unsigned int *, const __half *, __half *, int, int)"
15428597909,86816,51824,1,3072,1,32,4,1,32,0.000,0.000,,,,,NVIDIA GeForce RTX 3090 (0),1,,7,"gemv_kernel_g128(const float4 *, const unsigned int *, const unsigned int *, const __half *, __half *, int, int)"
15430730735,79168,51972,1,1024,1,32,4,1,32,0.000,0.000,,,,,NVIDIA GeForce RTX 3090 (0),1,,7,"gemv_kernel_g128(const float4 *, const unsigned int *, const unsigned int *, const __half *, __half *, int, int)"
15430831855,72031,51978,1,2752,1,32,4,1,32,0.000,0.000,,,,,NVIDIA GeForce RTX 3090 (0),1,,7,"gemv_kernel_g128(const float4 *, const unsigned int *, const unsigned int *, const __half *, __half *, int, int)"
15430905326,71584,51980,1,2752,1,32,4,1,32,0.000,0.000,,,,,NVIDIA GeForce RTX 3090 (0),1,,7,"gemv_kernel_g128(const float4 *, const unsigned int *, const unsigned int *, const __half *, __half *, int, int)"
15430982190,36864,51984,1,1024,1,32,4,1,32,0.000,0.000,,,,,NVIDIA GeForce RTX 3090 (0),1,,7,"gemv_kernel_g128(const float4 *, const unsigned int *, const unsigned int *, const __half *, __half *, int, int)"
15431040174,98112,51990,1,3072,1,32,4,1,32,0.000,0.000,,,,,NVIDIA GeForce RTX 3090 (0),1,,7,"gemv_kernel_g128(const float4 *, const unsigned int *, const unsigned int *, const __half *, __half *, int, int)"
15433058089,74783,52138,1,1024,1,32,4,1,32,0.000,0.000,,,,,NVIDIA GeForce RTX 3090 (0),1,,7,"gemv_kernel_g128(const float4 *, const unsigned int *, const unsigned int *, const __half *, __half *, int, int)"
15433154408,67840,52144,1,2752,1,32,4,1,32,0.000,0.000,,,,,NVIDIA GeForce RTX 3090 (0),1,,7,"gemv_kernel_g128(const float4 *, const unsigned int *, const unsigned int *, const __half *, __half *, int, int)"
15433223624,66016,52146,1,2752,1,32,4,1,32,0.000,0.000,,,,,NVIDIA GeForce RTX 3090 (0),1,,7,"gemv_kernel_g128(const float4 *, const unsigned int *, const unsigned int *, const __half *, __half *, int, int)"
15433295144,37952,52150,1,1024,1,32,4,1,32,0.000,0.000,,,,,NVIDIA GeForce RTX 3090 (0),1,,7,"gemv_kernel_g128(const float4 *, const unsigned int *, const unsigned int *, const __half *, __half *, int, int)"
15433353064,89727,52156,1,3072,1,32,4,1,32,0.000,0.000,,,,,NVIDIA GeForce RTX 3090 (0),1,,7,"gemv_kernel_g128(const float4 *, const unsigned int *, const unsigned int *, const __half *, __half *, int, int)"
15435336258,460831,52304,1,1024,1,32,4,1,32,0.000,0.000,,,,,NVIDIA GeForce RTX 3090 (0),1,,7,"gemv_kernel_g128(const float4 *, const unsigned int *, const unsigned int *, const __half *, __half *, int, int)"
15435818593,65248,52310,1,2752,1,32,4,1,32,0.000,0.000,,,,,NVIDIA GeForce RTX 3090 (0),1,,7,"gemv_kernel_g128(const float4 *, const unsigned int *, const unsigned int *, const __half *, __half *, int, int)"
15435885313,65312,52312,1,2752,1,32,4,1,32,0.000,0.000,,,,,NVIDIA GeForce RTX 3090 (0),1,,7,"gemv_kernel_g128(const float4 *, const unsigned int *, const unsigned int *, const __half *, __half *, int, int)"
15435955328,38592,52316,1,1024,1,32,4,1,32,0.000,0.000,,,,,NVIDIA GeForce RTX 3090 (0),1,,7,"gemv_kernel_g128(const float4 *, const unsigned int *, const unsigned int *, const __half *, __half *, int, int)"
15436014240,520223,52322,1,3072,1,32,4,1,32,0.000,0.000,,,,,NVIDIA GeForce RTX 3090 (0),1,,7,"gemv_kernel_g128(const float4 *, const unsigned int *, const unsigned int *, const __half *, __half *, int, int)"
15438223002,73120,52470,1,1024,1,32,4,1,32,0.000,0.000,,,,,NVIDIA GeForce RTX 3090 (0),1,,7,"gemv_kernel_g128(const float4 *, const unsigned int *, const unsigned int *, const __half *, __half *, int, int)"
15438317370,65984,52476,1,2752,1,32,4,1,32,0.000,0.000,,,,,NVIDIA GeForce RTX 3090 (0),1,,7,"gemv_kernel_g128(const float4 *, const unsigned int *, const unsigned int *, const __half *, __half *, int, int)"
15438385370,65568,52478,1,2752,1,32,4,1,32,0.000,0.000,,,,,NVIDIA GeForce RTX 3090 (0),1,,7,"gemv_kernel_g128(const float4 *, const unsigned int *, const unsigned int *, const __half *, __half *, int, int)"
15438455610,37151,52482,1,1024,1,32,4,1,32,0.000,0.000,,,,,NVIDIA GeForce RTX 3090 (0),1,,7,"gemv_kernel_g128(const float4 *, const unsigned int *, const unsigned int *, const __half *, __half *, int, int)"
15438513945,89152,52488,1,3072,1,32,4,1,32,0.000,0.000,,,,,NVIDIA GeForce RTX 3090 (0),1,,7,"gemv_kernel_g128(const float4 *, const unsigned int *, const unsigned int *, const __half *, __half *, int, int)"
15440379956,75680,52636,1,1024,1,32,4,1,32,0.000,0.000,,,,,NVIDIA GeForce RTX 3090 (0),1,,7,"gemv_kernel_g128(const float4 *, const unsigned int *, const unsigned int *, const __half *, __half *, int, int)"
15440477460,65888,52642,1,2752,1,32,4,1,32,0.000,0.000,,,,,NVIDIA GeForce RTX 3090 (0),1,,7,"gemv_kernel_g128(const float4 *, const unsigned int *, const unsigned int *, const __half *, __half *, int, int)"
15440544788,64864,52644,1,2752,1,32,4,1,32,0.000,0.000,,,,,NVIDIA GeForce RTX 3090 (0),1,,7,"gemv_kernel_g128(const float4 *, const unsigned int *, const unsigned int *, const __half *, __half *, int, int)"
15440614740,38239,52648,1,1024,1,32,4,1,32,0.000,0.000,,,,,NVIDIA GeForce RTX 3090 (0),1,,7,"gemv_kernel_g128(const float4 *, const unsigned int *, const unsigned int *, const __half *, __half *, int, int)"
15440673939,89504,52654,1,3072,1,32,4,1,32,0.000,0.000,,,,,NVIDIA GeForce RTX 3090 (0),1,,7,"gemv_kernel_g128(const float4 *, const unsigned int *, const unsigned int *, const __half *, __half *, int, int)"
15442543758,69088,52802,1,1024,1,32,4,1,32,0.000,0.000,,,,,NVIDIA GeForce RTX 3090 (0),1,,7,"gemv_kernel_g128(const float4 *, const unsigned int *, const unsigned int *, const __half *, __half *, int, int)"
15442634222,64960,52808,1,2752,1,32,4,1,32,0.000,0.000,,,,,NVIDIA GeForce RTX 3090 (0),1,,7,"gemv_kernel_g128(const float4 *, const unsigned int *, const unsigned int *, const __half *, __half *, int, int)"
15442700622,65472,52810,1,2752,1,32,4,1,32,0.000,0.000,,,,,NVIDIA GeForce RTX 3090 (0),1,,7,"gemv_kernel_g128(const float4 *, const unsigned int *, const unsigned int *, const __half *, __half *, int, int)"
15442771118,38432,52814,1,1024,1,32,4,1,32,0.000,0.000,,,,,NVIDIA GeForce RTX 3090 (0),1,,7,"gemv_kernel_g128(const float4 *, const unsigned int *, const unsigned int *, const __half *, __half *, int, int)"
15442830061,87456,52820,1,3072,1,32,4,1,32,0.000,0.000,,,,,NVIDIA GeForce RTX 3090 (0),1,,7,"gemv_kernel_g128(const float4 *, const unsigned int *, const unsigned int *, const __half *, __half *, int, int)"
15445175815,73152,52968,1,1024,1,32,4,1,32,0.000,0.000,,,,,NVIDIA GeForce RTX 3090 (0),1,,7,"gemv_kernel_g128(const float4 *, const unsigned int *, const unsigned int *, const __half *, __half *, int, int)"
15445270695,66592,52974,1,2752,1,32,4,1,32,0.000,0.000,,,,,NVIDIA GeForce RTX 3090 (0),1,,7,"gemv_kernel_g128(const float4 *, const unsigned int *, const unsigned int *, const __half *, __half *, int, int)"
15445338759,70911,52976,1,2752,1,32,4,1,32,0.000,0.000,,,,,NVIDIA GeForce RTX 3090 (0),1,,7,"gemv_kernel_g128(const float4 *, const unsigned int *, const unsigned int *, const __half *, __half *, int, int)"
15445414694,37312,52980,1,1024,1,32,4,1,32,0.000,0.000,,,,,NVIDIA GeForce RTX 3090 (0),1,,7,"gemv_kernel_g128(const float4 *, const unsigned int *, const unsigned int *, const __half *, __half *, int, int)"
15445473926,118112,52986,1,3072,1,32,4,1,32,0.000,0.000,,,,,NVIDIA GeForce RTX 3090 (0),1,,7,"gemv_kernel_g128(const float4 *, const unsigned int *, const unsigned int *, const __half *, __half *, int, int)"
15447665216,75552,53134,1,1024,1,32,4,1,32,0.000,0.000,,,,,NVIDIA GeForce RTX 3090 (0),1,,7,"gemv_kernel_g128(const float4 *, const unsigned int *, const unsigned int *, const __half *, __half *, int, int)"
15447761888,65088,53140,1,2752,1,32,4,1,32,0.000,0.000,,,,,NVIDIA GeForce RTX 3090 (0),1,,7,"gemv_kernel_g128(const float4 *, const unsigned int *, const unsigned int *, const __half *, __half *, int, int)"
15447828864,82175,53142,1,2752,1,32,4,1,32,0.000,0.000,,,,,NVIDIA GeForce RTX 3090 (0),1,,7,"gemv_kernel_g128(const float4 *, const unsigned int *, const unsigned int *, const __half *, __half *, int, int)"
15447915775,36640,53146,1,1024,1,32,4,1,32,0.000,0.000,,,,,NVIDIA GeForce RTX 3090 (0),1,,7,"gemv_kernel_g128(const float4 *, const unsigned int *, const unsigned int *, const __half *, __half *, int, int)"
15447973919,99328,53152,1,3072,1,32,4,1,32,0.000,0.000,,,,,NVIDIA GeForce RTX 3090 (0),1,,7,"gemv_kernel_g128(const float4 *, const unsigned int *, const unsigned int *, const __half *, __half *, int, int)"
15450109369,72096,53300,1,1024,1,32,4,1,32,0.000,0.000,,,,,NVIDIA GeForce RTX 3090 (0),1,,7,"gemv_kernel_g128(const float4 *, const unsigned int *, const unsigned int *, const __half *, __half *, int, int)"
15450203641,66048,53306,1,2752,1,32,4,1,32,0.000,0.000,,,,,NVIDIA GeForce RTX 3090 (0),1,,7,"gemv_kernel_g128(const float4 *, const unsigned int *, const unsigned int *, const __half *, __half *, int, int)"
15450271193,68608,53308,1,2752,1,32,4,1,32,0.000,0.000,,,,,NVIDIA GeForce RTX 3090 (0),1,,7,"gemv_kernel_g128(const float4 *, const unsigned int *, const unsigned int *, const __half *, __half *, int, int)"
15450344889,37248,53312,1,1024,1,32,4,1,32,0.000,0.000,,,,,NVIDIA GeForce RTX 3090 (0),1,,7,"gemv_kernel_g128(const float4 *, const unsigned int *, const unsigned int *, const __half *, __half *, int, int)"
15450402905,89951,53318,1,3072,1,32,4,1,32,0.000,0.000,,,,,NVIDIA GeForce RTX 3090 (0),1,,7,"gemv_kernel_g128(const float4 *, const unsigned int *, const unsigned int *, const __half *, __half *, int, int)"
15452334099,73920,53466,1,1024,1,32,4,1,32,0.000,0.000,,,,,NVIDIA GeForce RTX 3090 (0),1,,7,"gemv_kernel_g128(const float4 *, const unsigned int *, const unsigned int *, const __half *, __half *, int, int)"
15452429779,65408,53472,1,2752,1,32,4,1,32,0.000,0.000,,,,,NVIDIA GeForce RTX 3090 (0),1,,7,"gemv_kernel_g128(const float4 *, const unsigned int *, const unsigned int *, const __half *, __half *, int, int)"
15452496691,66624,53474,1,2752,1,32,4,1,32,0.000,0.000,,,,,NVIDIA GeForce RTX 3090 (0),1,,7,"gemv_kernel_g128(const float4 *, const unsigned int *, const unsigned int *, const __half *, __half *, int, int)"
15452568723,37855,53478,1,1024,1,32,4,1,32,0.000,0.000,,,,,NVIDIA GeForce RTX 3090 (0),1,,7,"gemv_kernel_g128(const float4 *, const unsigned int *, const unsigned int *, const __half *, __half *, int, int)"
15452626930,92384,53484,1,3072,1,32,4,1,32,0.000,0.000,,,,,NVIDIA GeForce RTX 3090 (0),1,,7,"gemv_kernel_g128(const float4 *, const unsigned int *, const unsigned int *, const __half *, __half *, int, int)"
15455083724,84095,53632,1,1024,1,32,4,1,32,0.000,0.000,,,,,NVIDIA GeForce RTX 3090 (0),1,,7,"gemv_kernel_g128(const float4 *, const unsigned int *, const unsigned int *, const __half *, __half *, int, int)"
15455190091,75072,53638,1,2752,1,32,4,1,32,0.000,0.000,,,,,NVIDIA GeForce RTX 3090 (0),1,,7,"gemv_kernel_g128(const float4 *, const unsigned int *, const unsigned int *, const __half *, __half *, int, int)"
15455266635,69600,53640,1,2752,1,32,4,1,32,0.000,0.000,,,,,NVIDIA GeForce RTX 3090 (0),1,,7,"gemv_kernel_g128(const float4 *, const unsigned int *, const unsigned int *, const __half *, __half *, int, int)"
15455556778,41184,53644,1,1024,1,32,4,1,32,0.000,0.000,,,,,NVIDIA GeForce RTX 3090 (0),1,,7,"gemv_kernel_g128(const float4 *, const unsigned int *, const unsigned int *, const __half *, __half *, int, int)"
15455619914,92992,53650,1,3072,1,32,4,1,32,0.000,0.000,,,,,NVIDIA GeForce RTX 3090 (0),1,,7,"gemv_kernel_g128(const float4 *, const unsigned int *, const unsigned int *, const __half *, __half *, int, int)"
15457599365,71295,53798,1,1024,1,32,4,1,32,0.000,0.000,,,,,NVIDIA GeForce RTX 3090 (0),1,,7,"gemv_kernel_g128(const float4 *, const unsigned int *, const unsigned int *, const __half *, __half *, int, int)"
15457691812,65024,53804,1,2752,1,32,4,1,32,0.000,0.000,,,,,NVIDIA GeForce RTX 3090 (0),1,,7,"gemv_kernel_g128(const float4 *, const unsigned int *, const unsigned int *, const __half *, __half *, int, int)"
15457758660,65984,53806,1,2752,1,32,4,1,32,0.000,0.000,,,,,NVIDIA GeForce RTX 3090 (0),1,,7,"gemv_kernel_g128(const float4 *, const unsigned int *, const unsigned int *, const __half *, __half *, int, int)"
15457829380,39072,53810,1,1024,1,32,4,1,32,0.000,0.000,,,,,NVIDIA GeForce RTX 3090 (0),1,,7,"gemv_kernel_g128(const float4 *, const unsigned int *, const unsigned int *, const __half *, __half *, int, int)"
15457890052,92832,53816,1,3072,1,32,4,1,32,0.000,0.000,,,,,NVIDIA GeForce RTX 3090 (0),1,,7,"gemv_kernel_g128(const float4 *, const unsigned int *, const unsigned int *, const __half *, __half *, int, int)"
15460206429,75328,53964,1,1024,1,32,4,1,32,0.000,0.000,,,,,NVIDIA GeForce RTX 3090 (0),1,,7,"gemv_kernel_g128(const float4 *, const unsigned int *, const unsigned int *, const __half *, __half *, int, int)"
15460303581,68480,53970,1,2752,1,32,4,1,32,0.000,0.000,,,,,NVIDIA GeForce RTX 3090 (0),1,,7,"gemv_kernel_g128(const float4 *, const unsigned int *, const unsigned int *, const __half *, __half *, int, int)"
15460373565,68384,53972,1,2752,1,32,4,1,32,0.000,0.000,,,,,NVIDIA GeForce RTX 3090 (0),1,,7,"gemv_kernel_g128(const float4 *, const unsigned int *, const unsigned int *, const __half *, __half *, int, int)"
15460447101,38848,53976,1,1024,1,32,4,1,32,0.000,0.000,,,,,NVIDIA GeForce RTX 3090 (0),1,,7,"gemv_kernel_g128(const float4 *, const unsigned int *, const unsigned int *, const __half *, __half *, int, int)"
15460508189,90975,53982,1,3072,1,32,4,1,32,0.000,0.000,,,,,NVIDIA GeForce RTX 3090 (0),1,,7,"gemv_kernel_g128(const float4 *, const unsigned int *, const unsigned int *, const __half *, __half *, int, int)"
15462614039,79103,54130,1,1024,1,32,4,1,32,0.000,0.000,,,,,NVIDIA GeForce RTX 3090 (0),1,,7,"gemv_kernel_g128(const float4 *, const unsigned int *, const unsigned int *, const __half *, __half *, int, int)"
15462715382,69792,54136,1,2752,1,32,4,1,32,0.000,0.000,,,,,NVIDIA GeForce RTX 3090 (0),1,,7,"gemv_kernel_g128(const float4 *, const unsigned int *, const unsigned int *, const __half *, __half *, int, int)"
15462786646,69664,54138,1,2752,1,32,4,1,32,0.000,0.000,,,,,NVIDIA GeForce RTX 3090 (0),1,,7,"gemv_kernel_g128(const float4 *, const unsigned int *, const unsigned int *, const __half *, __half *, int, int)"
15462861814,36800,54142,1,1024,1,32,4,1,32,0.000,0.000,,,,,NVIDIA GeForce RTX 3090 (0),1,,7,"gemv_kernel_g128(const float4 *, const unsigned int *, const unsigned int *, const __half *, __half *, int, int)"
15462919350,91136,54148,1,3072,1,32,4,1,32,0.000,0.000,,,,,NVIDIA GeForce RTX 3090 (0),1,,7,"gemv_kernel_g128(const float4 *, const unsigned int *, const unsigned int *, const __half *, __half *, int, int)"
15464952816,78464,54296,1,1024,1,32,4,1,32,0.000,0.000,,,,,NVIDIA GeForce RTX 3090 (0),1,,7,"gemv_kernel_g128(const float4 *, const unsigned int *, const unsigned int *, const __half *, __half *, int, int)"
15465054704,66816,54302,1,2752,1,32,4,1,32,0.000,0.000,,,,,NVIDIA GeForce RTX 3090 (0),1,,7,"gemv_kernel_g128(const float4 *, const unsigned int *, const unsigned int *, const __half *, __half *, int, int)"
15465122896,66016,54304,1,2752,1,32,4,1,32,0.000,0.000,,,,,NVIDIA GeForce RTX 3090 (0),1,,7,"gemv_kernel_g128(const float4 *, const unsigned int *, const unsigned int *, const __half *, __half *, int, int)"
15465193648,37759,54308,1,1024,1,32,4,1,32,0.000,0.000,,,,,NVIDIA GeForce RTX 3090 (0),1,,7,"gemv_kernel_g128(const float4 *, const unsigned int *, const unsigned int *, const __half *, __half *, int, int)"
15465252847,93984,54314,1,3072,1,32,4,1,32,0.000,0.000,,,,,NVIDIA GeForce RTX 3090 (0),1,,7,"gemv_kernel_g128(const float4 *, const unsigned int *, const unsigned int *, const __half *, __half *, int, int)"
15467321162,89951,54462,1,1024,1,32,4,1,32,0.000,0.000,,,,,NVIDIA GeForce RTX 3090 (0),1,,7,"gemv_kernel_g128(const float4 *, const unsigned int *, const unsigned int *, const __half *, __half *, int, int)"
15467433705,72896,54468,1,2752,1,32,4,1,32,0.000,0.000,,,,,NVIDIA GeForce RTX 3090 (0),1,,7,"gemv_kernel_g128(const float4 *, const unsigned int *, const unsigned int *, const __half *, __half *, int, int)"
15467508553,82112,54470,1,2752,1,32,4,1,32,0.000,0.000,,,,,NVIDIA GeForce RTX 3090 (0),1,,7,"gemv_kernel_g128(const float4 *, const unsigned int *, const unsigned int *, const __half *, __half *, int, int)"
15467595497,38432,54474,1,1024,1,32,4,1,32,0.000,0.000,,,,,NVIDIA GeForce RTX 3090 (0),1,,7,"gemv_kernel_g128(const float4 *, const unsigned int *, const unsigned int *, const __half *, __half *, int, int)"
15467655337,96415,54480,1,3072,1,32,4,1,32,0.000,0.000,,,,,NVIDIA GeForce RTX 3090 (0),1,,7,"gemv_kernel_g128(const float4 *, const unsigned int *, const unsigned int *, const __half *, __half *, int, int)"
15469851651,86559,54628,1,1024,1,32,4,1,32,0.000,0.000,,,,,NVIDIA GeForce RTX 3090 (0),1,,7,"gemv_kernel_g128(const float4 *, const unsigned int *, const unsigned int *, const __half *, __half *, int, int)"
15469960866,72992,54634,1,2752,1,32,4,1,32,0.000,0.000,,,,,NVIDIA GeForce RTX 3090 (0),1,,7,"gemv_kernel_g128(const float4 *, const unsigned int *, const unsigned int *, const __half *, __half *, int, int)"
15470035362,67904,54636,1,2752,1,32,4,1,32,0.000,0.000,,,,,NVIDIA GeForce RTX 3090 (0),1,,7,"gemv_kernel_g128(const float4 *, const unsigned int *, const unsigned int *, const __half *, __half *, int, int)"
15470108482,36640,54640,1,1024,1,32,4,1,32,0.000,0.000,,,,,NVIDIA GeForce RTX 3090 (0),1,,7,"gemv_kernel_g128(const float4 *, const unsigned int *, const unsigned int *, const __half *, __half *, int, int)"
15470167074,95360,54646,1,3072,1,32,4,1,32,0.000,0.000,,,,,NVIDIA GeForce RTX 3090 (0),1,,7,"gemv_kernel_g128(const float4 *, const unsigned int *, const unsigned int *, const __half *, __half *, int, int)"
15472241628,79936,54794,1,1024,1,32,4,1,32,0.000,0.000,,,,,NVIDIA GeForce RTX 3090 (0),1,,7,"gemv_kernel_g128(const float4 *, const unsigned int *, const unsigned int *, const __half *, __half *, int, int)"
15472343516,66208,54800,1,2752,1,32,4,1,32,0.000,0.000,,,,,NVIDIA GeForce RTX 3090 (0),1,,7,"gemv_kernel_g128(const float4 *, const unsigned int *, const unsigned int *, const __half *, __half *, int, int)"
15472411132,68319,54802,1,2752,1,32,4,1,32,0.000,0.000,,,,,NVIDIA GeForce RTX 3090 (0),1,,7,"gemv_kernel_g128(const float4 *, const unsigned int *, const unsigned int *, const __half *, __half *, int, int)"
15472484603,39008,54806,1,1024,1,32,4,1,32,0.000,0.000,,,,,NVIDIA GeForce RTX 3090 (0),1,,7,"gemv_kernel_g128(const float4 *, const unsigned int *, const unsigned int *, const __half *, __half *, int, int)"
15472544155,94144,54812,1,3072,1,32,4,1,32,0.000,0.000,,,,,NVIDIA GeForce RTX 3090 (0),1,,7,"gemv_kernel_g128(const float4 *, const unsigned int *, const unsigned int *, const __half *, __half *, int, int)"
15474614837,82112,54960,1,1024,1,32,4,1,32,0.000,0.000,,,,,NVIDIA GeForce RTX 3090 (0),1,,7,"gemv_kernel_g128(const float4 *, const unsigned int *, const unsigned int *, const __half *, __half *, int, int)"
15474719509,74624,54966,1,2752,1,32,4,1,32,0.000,0.000,,,,,NVIDIA GeForce RTX 3090 (0),1,,7,"gemv_kernel_g128(const float4 *, const unsigned int *, const unsigned int *, const __half *, __half *, int, int)"
15474795605,72960,54968,1,2752,1,32,4,1,32,0.000,0.000,,,,,NVIDIA GeForce RTX 3090 (0),1,,7,"gemv_kernel_g128(const float4 *, const unsigned int *, const unsigned int *, const __half *, __half *, int, int)"
15474873333,38816,54972,1,1024,1,32,4,1,32,0.000,0.000,,,,,NVIDIA GeForce RTX 3090 (0),1,,7,"gemv_kernel_g128(const float4 *, const unsigned int *, const unsigned int *, const __half *, __half *, int, int)"
15474935189,105503,54978,1,3072,1,32,4,1,32,0.000,0.000,,,,,NVIDIA GeForce RTX 3090 (0),1,,7,"gemv_kernel_g128(const float4 *, const unsigned int *, const unsigned int *, const __half *, __half *, int, int)"
15477581421,82240,55126,1,1024,1,32,4,1,32,0.000,0.000,,,,,NVIDIA GeForce RTX 3090 (0),1,,7,"gemv_kernel_g128(const float4 *, const unsigned int *, const unsigned int *, const __half *, __half *, int, int)"
15477686669,67968,55132,1,2752,1,32,4,1,32,0.000,0.000,,,,,NVIDIA GeForce RTX 3090 (0),1,,7,"gemv_kernel_g128(const float4 *, const unsigned int *, const unsigned int *, const __half *, __half *, int, int)"
15477756589,68096,55134,1,2752,1,32,4,1,32,0.000,0.000,,,,,NVIDIA GeForce RTX 3090 (0),1,,7,"gemv_kernel_g128(const float4 *, const unsigned int *, const unsigned int *, const __half *, __half *, int, int)"
15477829453,37503,55138,1,1024,1,32,4,1,32,0.000,0.000,,,,,NVIDIA GeForce RTX 3090 (0),1,,7,"gemv_kernel_g128(const float4 *, const unsigned int *, const unsigned int *, const __half *, __half *, int, int)"
15477888524,92128,55144,1,3072,1,32,4,1,32,0.000,0.000,,,,,NVIDIA GeForce RTX 3090 (0),1,,7,"gemv_kernel_g128(const float4 *, const unsigned int *, const unsigned int *, const __half *, __half *, int, int)"
15480052678,77472,55292,1,1024,1,32,4,1,32,0.000,0.000,,,,,NVIDIA GeForce RTX 3090 (0),1,,7,"gemv_kernel_g128(const float4 *, const unsigned int *, const unsigned int *, const __half *, __half *, int, int)"
15480152774,66496,55298,1,2752,1,32,4,1,32,0.000,0.000,,,,,NVIDIA GeForce RTX 3090 (0),1,,7,"gemv_kernel_g128(const float4 *, const unsigned int *, const unsigned int *, const __half *, __half *, int, int)"
15480220806,74752,55300,1,2752,1,32,4,1,32,0.000,0.000,,,,,NVIDIA GeForce RTX 3090 (0),1,,7,"gemv_kernel_g128(const float4 *, const unsigned int *, const unsigned int *, const __half *, __half *, int, int)"
15480300742,37792,55304,1,1024,1,32,4,1,32,0.000,0.000,,,,,NVIDIA GeForce RTX 3090 (0),1,,7,"gemv_kernel_g128(const float4 *, const unsigned int *, const unsigned int *, const __half *, __half *, int, int)"
15480359910,94335,55310,1,3072,1,32,4,1,32,0.000,0.000,,,,,NVIDIA GeForce RTX 3090 (0),1,,7,"gemv_kernel_g128(const float4 *, const unsigned int *, const unsigned int *, const __half *, __half *, int, int)"
15482353088,72480,55458,1,1024,1,32,4,1,32,0.000,0.000,,,,,NVIDIA GeForce RTX 3090 (0),1,,7,"gemv_kernel_g128(const float4 *, const unsigned int *, const unsigned int *, const __half *, __half *, int, int)"
15482447712,66656,55464,1,2752,1,32,4,1,32,0.000,0.000,,,,,NVIDIA GeForce RTX 3090 (0),1,,7,"gemv_kernel_g128(const float4 *, const unsigned int *, const unsigned int *, const __half *, __half *, int, int)"
15482515872,67519,55466,1,2752,1,32,4,1,32,0.000,0.000,,,,,NVIDIA GeForce RTX 3090 (0),1,,7,"gemv_kernel_g128(const float4 *, const unsigned int *, const unsigned int *, const __half *, __half *, int, int)"
15482588543,37632,55470,1,1024,1,32,4,1,32,0.000,0.000,,,,,NVIDIA GeForce RTX 3090 (0),1,,7,"gemv_kernel_g128(const float4 *, const unsigned int *, const unsigned int *, const __half *, __half *, int, int)"
15482646815,97504,55476,1,3072,1,32,4,1,32,0.000,0.000,,,,,NVIDIA GeForce RTX 3090 (0),1,,7,"gemv_kernel_g128(const float4 *, const unsigned int *, const unsigned int *, const __half *, __half *, int, int)"
15484623866,76032,55624,1,1024,1,32,4,1,32,0.000,0.000,,,,,NVIDIA GeForce RTX 3090 (0),1,,7,"gemv_kernel_g128(const float4 *, const unsigned int *, const unsigned int *, const __half *, __half *, int, int)"
15484722202,65855,55630,1,2752,1,32,4,1,32,0.000,0.000,,,,,NVIDIA GeForce RTX 3090 (0),1,,7,"gemv_kernel_g128(const float4 *, const unsigned int *, const unsigned int *, const __half *, __half *, int, int)"
15484789529,65664,55632,1,2752,1,32,4,1,32,0.000,0.000,,,,,NVIDIA GeForce RTX 3090 (0),1,,7,"gemv_kernel_g128(const float4 *, const unsigned int *, const unsigned int *, const __half *, __half *, int, int)"
15484859833,38208,55636,1,1024,1,32,4,1,32,0.000,0.000,,,,,NVIDIA GeForce RTX 3090 (0),1,,7,"gemv_kernel_g128(const float4 *, const unsigned int *, const unsigned int *, const __half *, __half *, int, int)"
15484918233,90752,55642,1,3072,1,32,4,1,32,0.000,0.000,,,,,NVIDIA GeForce RTX 3090 (0),1,,7,"gemv_kernel_g128(const float4 *, const unsigned int *, const unsigned int *, const __half *, __half *, int, int)"
15486792852,70496,55790,1,1024,1,32,4,1,32,0.000,0.000,,,,,NVIDIA GeForce RTX 3090 (0),1,,7,"gemv_kernel_g128(const float4 *, const unsigned int *, const unsigned int *, const __half *, __half *, int, int)"
15486883988,66143,55796,1,2752,1,32,4,1,32,0.000,0.000,,,,,NVIDIA GeForce RTX 3090 (0),1,,7,"gemv_kernel_g128(const float4 *, const unsigned int *, const unsigned int *, const __half *, __half *, int, int)"
15486951987,65696,55798,1,2752,1,32,4,1,32,0.000,0.000,,,,,NVIDIA GeForce RTX 3090 (0),1,,7,"gemv_kernel_g128(const float4 *, const unsigned int *, const unsigned int *, const __half *, __half *, int, int)"
15487022387,37568,55802,1,1024,1,32,4,1,32,0.000,0.000,,,,,NVIDIA GeForce RTX 3090 (0),1,,7,"gemv_kernel_g128(const float4 *, const unsigned int *, const unsigned int *, const __half *, __half *, int, int)"
15487081171,137984,55808,1,8000,1,32,4,1,32,0.000,0.000,,,,,NVIDIA GeForce RTX 3090 (0),1,,7,"gemv_kernel_g128(const float4 *, const unsigned int *, const unsigned int *, const __half *, __half *, int, int)"
15517015968,111008,55822,1,3072,1,32,4,1,32,0.000,0.000,,,,,NVIDIA GeForce RTX 3090 (0),1,,7,"gemv_kernel_g128(const float4 *, const unsigned int *, const unsigned int *, const __half *, __half *, int, int)"
15519023195,71679,55970,1,1024,1,32,4,1,32,0.000,0.000,,,,,NVIDIA GeForce RTX 3090 (0),1,,7,"gemv_kernel_g128(const float4 *, const unsigned int *, const unsigned int *, const __half *, __half *, int, int)"
15519116122,66208,55976,1,2752,1,32,4,1,32,0.000,0.000,,,,,NVIDIA GeForce RTX 3090 (0),1,,7,"gemv_kernel_g128(const float4 *, const unsigned int *, const unsigned int *, const __half *, __half *, int, int)"
15519184186,66176,55978,1,2752,1,32,4,1,32,0.000,0.000,,,,,NVIDIA GeForce RTX 3090 (0),1,,7,"gemv_kernel_g128(const float4 *, const unsigned int *, const unsigned int *, const __half *, __half *, int, int)"
15519255002,37856,55982,1,1024,1,32,4,1,32,0.000,0.000,,,,,NVIDIA GeForce RTX 3090 (0),1,,7,"gemv_kernel_g128(const float4 *, const unsigned int *, const unsigned int *, const __half *, __half *, int, int)"
15519313978,88832,55988,1,3072,1,32,4,1,32,0.000,0.000,,,,,NVIDIA GeForce RTX 3090 (0),1,,7,"gemv_kernel_g128(const float4 *, const unsigned int *, const unsigned int *, const __half *, __half *, int, int)"
15521266900,69536,56136,1,1024,1,32,4,1,32,0.000,0.000,,,,,NVIDIA GeForce RTX 3090 (0),1,,7,"gemv_kernel_g128(const float4 *, const unsigned int *, const unsigned int *, const __half *, __half *, int, int)"
15521358644,75200,56142,1,2752,1,32,4,1,32,0.000,0.000,,,,,NVIDIA GeForce RTX 3090 (0),1,,7,"gemv_kernel_g128(const float4 *, const unsigned int *, const unsigned int *, const __half *, __half *, int, int)"
15521435380,79040,56144,1,2752,1,32,4,1,32,0.000,0.000,,,,,NVIDIA GeForce RTX 3090 (0),1,,7,"gemv_kernel_g128(const float4 *, const unsigned int *, const unsigned int *, const __half *, __half *, int, int)"
15521519604,38592,56148,1,1024,1,32,4,1,32,0.000,0.000,,,,,NVIDIA GeForce RTX 3090 (0),1,,7,"gemv_kernel_g128(const float4 *, const unsigned int *, const unsigned int *, const __half *, __half *, int, int)"
15521584179,110976,56154,1,3072,1,32,4,1,32,0.000,0.000,,,,,NVIDIA GeForce RTX 3090 (0),1,,7,"gemv_kernel_g128(const float4 *, const unsigned int *, const unsigned int *, const __half *, __half *, int, int)"
15523621134,82336,56302,1,1024,1,32,4,1,32,0.000,0.000,,,,,NVIDIA GeForce RTX 3090 (0),1,,7,"gemv_kernel_g128(const float4 *, const unsigned int *, const unsigned int *, const __half *, __half *, int, int)"
15523725422,73087,56308,1,2752,1,32,4,1,32,0.000,0.000,,,,,NVIDIA GeForce RTX 3090 (0),1,,7,"gemv_kernel_g128(const float4 *, const unsigned int *, const unsigned int *, const __half *, __half *, int, int)"
15523800045,68800,56310,1,2752,1,32,4,1,32,0.000,0.000,,,,,NVIDIA GeForce RTX 3090 (0),1,,7,"gemv_kernel_g128(const float4 *, const unsigned int *, const unsigned int *, const __half *, __half *, int, int)"
15523874061,38368,56314,1,1024,1,32,4,1,32,0.000,0.000,,,,,NVIDIA GeForce RTX 3090 (0),1,,7,"gemv_kernel_g128(const float4 *, const unsigned int *, const unsigned int *, const __half *, __half *, int, int)"
15523933197,98976,56320,1,3072,1,32,4,1,32,0.000,0.000,,,,,NVIDIA GeForce RTX 3090 (0),1,,7,"gemv_kernel_g128(const float4 *, const unsigned int *, const unsigned int *, const __half *, __half *, int, int)"
15526308550,76064,56468,1,1024,1,32,4,1,32,0.000,0.000,,,,,NVIDIA GeForce RTX 3090 (0),1,,7,"gemv_kernel_g128(const float4 *, const unsigned int *, const unsigned int *, const __half *, __half *, int, int)"
15526406534,70592,56474,1,2752,1,32,4,1,32,0.000,0.000,,,,,NVIDIA GeForce RTX 3090 (0),1,,7,"gemv_kernel_g128(const float4 *, const unsigned int *, const unsigned int *, const __half *, __half *, int, int)"
15526478502,65888,56476,1,2752,1,32,4,1,32,0.000,0.000,,,,,NVIDIA GeForce RTX 3090 (0),1,,7,"gemv_kernel_g128(const float4 *, const unsigned int *, const unsigned int *, const __half *, __half *, int, int)"
15526549062,37472,56480,1,1024,1,32,4,1,32,0.000,0.000,,,,,NVIDIA GeForce RTX 3090 (0),1,,7,"gemv_kernel_g128(const float4 *, const unsigned int *, const unsigned int *, const __half *, __half *, int, int)"
15526607334,98175,56486,1,3072,1,32,4,1,32,0.000,0.000,,,,,NVIDIA GeForce RTX 3090 (0),1,,7,"gemv_kernel_g128(const float4 *, const unsigned int *, const unsigned int *, const __half *, __half *, int, int)"
15528466976,76096,56634,1,1024,1,32,4,1,32,0.000,0.000,,,,,NVIDIA GeForce RTX 3090 (0),1,,7,"gemv_kernel_g128(const float4 *, const unsigned int *, const unsigned int *, const __half *, __half *, int, int)"
15528567968,64896,56640,1,2752,1,32,4,1,32,0.000,0.000,,,,,NVIDIA GeForce RTX 3090 (0),1,,7,"gemv_kernel_g128(const float4 *, const unsigned int *, const unsigned int *, const __half *, __half *, int, int)"
15528634752,66240,56642,1,2752,1,32,4,1,32,0.000,0.000,,,,,NVIDIA GeForce RTX 3090 (0),1,,7,"gemv_kernel_g128(const float4 *, const unsigned int *, const unsigned int *, const __half *, __half *, int, int)"
15528705632,38912,56646,1,1024,1,32,4,1,32,0.000,0.000,,,,,NVIDIA GeForce RTX 3090 (0),1,,7,"gemv_kernel_g128(const float4 *, const unsigned int *, const unsigned int *, const __half *, __half *, int, int)"
15528766368,94367,56652,1,3072,1,32,4,1,32,0.000,0.000,,,,,NVIDIA GeForce RTX 3090 (0),1,,7,"gemv_kernel_g128(const float4 *, const unsigned int *, const unsigned int *, const __half *, __half *, int, int)"
15530591099,75967,56800,1,1024,1,32,4,1,32,0.000,0.000,,,,,NVIDIA GeForce RTX 3090 (0),1,,7,"gemv_kernel_g128(const float4 *, const unsigned int *, const unsigned int *, const __half *, __half *, int, int)"
15530691866,65408,56806,1,2752,1,32,4,1,32,0.000,0.000,,,,,NVIDIA GeForce RTX 3090 (0),1,,7,"gemv_kernel_g128(const float4 *, const unsigned int *, const unsigned int *, const __half *, __half *, int, int)"
15530758842,67968,56808,1,2752,1,32,4,1,32,0.000,0.000,,,,,NVIDIA GeForce RTX 3090 (0),1,,7,"gemv_kernel_g128(const float4 *, const unsigned int *, const unsigned int *, const __half *, __half *, int, int)"
15530831994,39904,56812,1,1024,1,32,4,1,32,0.000,0.000,,,,,NVIDIA GeForce RTX 3090 (0),1,,7,"gemv_kernel_g128(const float4 *, const unsigned int *, const unsigned int *, const __half *, __half *, int, int)"
15530892826,91199,56818,1,3072,1,32,4,1,32,0.000,0.000,,,,,NVIDIA GeForce RTX 3090 (0),1,,7,"gemv_kernel_g128(const float4 *, const unsigned int *, const unsigned int *, const __half *, __half *, int, int)"
15532631509,70272,56966,1,1024,1,32,4,1,32,0.000,0.000,,,,,NVIDIA GeForce RTX 3090 (0),1,,7,"gemv_kernel_g128(const float4 *, const unsigned int *, const unsigned int *, const __half *, __half *, int, int)"
15532723733,65311,56972,1,2752,1,32,4,1,32,0.000,0.000,,,,,NVIDIA GeForce RTX 3090 (0),1,,7,"gemv_kernel_g128(const float4 *, const unsigned int *, const unsigned int *, const __half *, __half *, int, int)"
15532790484,67584,56974,1,2752,1,32,4,1,32,0.000,0.000,,,,,NVIDIA GeForce RTX 3090 (0),1,,7,"gemv_kernel_g128(const float4 *, const unsigned int *, const unsigned int *, const __half *, __half *, int, int)"
15532863252,37728,56978,1,1024,1,32,4,1,32,0.000,0.000,,,,,NVIDIA GeForce RTX 3090 (0),1,,7,"gemv_kernel_g128(const float4 *, const unsigned int *, const unsigned int *, const __half *, __half *, int, int)"
15532921332,93824,56984,1,3072,1,32,4,1,32,0.000,0.000,,,,,NVIDIA GeForce RTX 3090 (0),1,,7,"gemv_kernel_g128(const float4 *, const unsigned int *, const unsigned int *, const __half *, __half *, int, int)"
15534726159,74784,57132,1,1024,1,32,4,1,32,0.000,0.000,,,,,NVIDIA GeForce RTX 3090 (0),1,,7,"gemv_kernel_g128(const float4 *, const unsigned int *, const unsigned int *, const __half *, __half *, int, int)"
15534822255,65376,57138,1,2752,1,32,4,1,32,0.000,0.000,,,,,NVIDIA GeForce RTX 3090 (0),1,,7,"gemv_kernel_g128(const float4 *, const unsigned int *, const unsigned int *, const __half *, __half *, int, int)"
15534889039,65599,57140,1,2752,1,32,4,1,32,0.000,0.000,,,,,NVIDIA GeForce RTX 3090 (0),1,,7,"gemv_kernel_g128(const float4 *, const unsigned int *, const unsigned int *, const __half *, __half *, int, int)"
15534959438,38400,57144,1,1024,1,32,4,1,32,0.000,0.000,,,,,NVIDIA GeForce RTX 3090 (0),1,,7,"gemv_kernel_g128(const float4 *, const unsigned int *, const unsigned int *, const __half *, __half *, int, int)"
15535018158,89216,57150,1,3072,1,32,4,1,32,0.000,0.000,,,,,NVIDIA GeForce RTX 3090 (0),1,,7,"gemv_kernel_g128(const float4 *, const unsigned int *, const unsigned int *, const __half *, __half *, int, int)"
15536911081,74176,57298,1,1024,1,32,4,1,32,0.000,0.000,,,,,NVIDIA GeForce RTX 3090 (0),1,,7,"gemv_kernel_g128(const float4 *, const unsigned int *, const unsigned int *, const __half *, __half *, int, int)"
15537006761,66656,57304,1,2752,1,32,4,1,32,0.000,0.000,,,,,NVIDIA GeForce RTX 3090 (0),1,,7,"gemv_kernel_g128(const float4 *, const unsigned int *, const unsigned int *, const __half *, __half *, int, int)"
15537075625,66143,57306,1,2752,1,32,4,1,32,0.000,0.000,,,,,NVIDIA GeForce RTX 3090 (0),1,,7,"gemv_kernel_g128(const float4 *, const unsigned int *, const unsigned int *, const __half *, __half *, int, int)"
15537146472,38208,57310,1,1024,1,32,4,1,32,0.000,0.000,,,,,NVIDIA GeForce RTX 3090 (0),1,,7,"gemv_kernel_g128(const float4 *, const unsigned int *, const unsigned int *, const __half *, __half *, int, int)"
15537205384,90304,57316,1,3072,1,32,4,1,32,0.000,0.000,,,,,NVIDIA GeForce RTX 3090 (0),1,,7,"gemv_kernel_g128(const float4 *, const unsigned int *, const unsigned int *, const __half *, __half *, int, int)"
15539057955,71776,57464,1,1024,1,32,4,1,32,0.000,0.000,,,,,NVIDIA GeForce RTX 3090 (0),1,,7,"gemv_kernel_g128(const float4 *, const unsigned int *, const unsigned int *, const __half *, __half *, int, int)"
15539151683,65728,57470,1,2752,1,32,4,1,32,0.000,0.000,,,,,NVIDIA GeForce RTX 3090 (0),1,,7,"gemv_kernel_g128(const float4 *, const unsigned int *, const unsigned int *, const __half *, __half *, int, int)"
15539218915,66687,57472,1,2752,1,32,4,1,32,0.000,0.000,,,,,NVIDIA GeForce RTX 3090 (0),1,,7,"gemv_kernel_g128(const float4 *, const unsigned int *, const unsigned int *, const __half *, __half *, int, int)"
15539291042,39488,57476,1,1024,1,32,4,1,32,0.000,0.000,,,,,NVIDIA GeForce RTX 3090 (0),1,,7,"gemv_kernel_g128(const float4 *, const unsigned int *, const unsigned int *, const __half *, __half *, int, int)"
15539351170,86784,57482,1,3072,1,32,4,1,32,0.000,0.000,,,,,NVIDIA GeForce RTX 3090 (0),1,,7,"gemv_kernel_g128(const float4 *, const unsigned int *, const unsigned int *, const __half *, __half *, int, int)"
15541146397,72320,57630,1,1024,1,32,4,1,32,0.000,0.000,,,,,NVIDIA GeForce RTX 3090 (0),1,,7,"gemv_kernel_g128(const float4 *, const unsigned int *, const unsigned int *, const __half *, __half *, int, int)"
15541240573,65664,57636,1,2752,1,32,4,1,32,0.000,0.000,,,,,NVIDIA GeForce RTX 3090 (0),1,,7,"gemv_kernel_g128(const float4 *, const unsigned int *, const unsigned int *, const __half *, __half *, int, int)"
15541307645,65088,57638,1,2752,1,32,4,1,32,0.000,0.000,,,,,NVIDIA GeForce RTX 3090 (0),1,,7,"gemv_kernel_g128(const float4 *, const unsigned int *, const unsigned int *, const __half *, __half *, int, int)"
15541377853,37696,57642,1,1024,1,32,4,1,32,0.000,0.000,,,,,NVIDIA GeForce RTX 3090 (0),1,,7,"gemv_kernel_g128(const float4 *, const unsigned int *, const unsigned int *, const __half *, __half *, int, int)"
15541436445,88479,57648,1,3072,1,32,4,1,32,0.000,0.000,,,,,NVIDIA GeForce RTX 3090 (0),1,,7,"gemv_kernel_g128(const float4 *, const unsigned int *, const unsigned int *, const __half *, __half *, int, int)"
15543287863,75936,57796,1,1024,1,32,4,1,32,0.000,0.000,,,,,NVIDIA GeForce RTX 3090 (0),1,,7,"gemv_kernel_g128(const float4 *, const unsigned int *, const unsigned int *, const __half *, __half *, int, int)"
15543387735,71328,57802,1,2752,1,32,4,1,32,0.000,0.000,,,,,NVIDIA GeForce RTX 3090 (0),1,,7,"gemv_kernel_g128(const float4 *, const unsigned int *, const unsigned int *, const __half *, __half *, int, int)"
15543460471,66432,57804,1,2752,1,32,4,1,32,0.000,0.000,,,,,NVIDIA GeForce RTX 3090 (0),1,,7,"gemv_kernel_g128(const float4 *, const unsigned int *, const unsigned int *, const __half *, __half *, int, int)"
15543531639,37344,57808,1,1024,1,32,4,1,32,0.000,0.000,,,,,NVIDIA GeForce RTX 3090 (0),1,,7,"gemv_kernel_g128(const float4 *, const unsigned int *, const unsigned int *, const __half *, __half *, int, int)"
15543590071,87583,57814,1,3072,1,32,4,1,32,0.000,0.000,,,,,NVIDIA GeForce RTX 3090 (0),1,,7,"gemv_kernel_g128(const float4 *, const unsigned int *, const unsigned int *, const __half *, __half *, int, int)"
15545605873,70304,57962,1,1024,1,32,4,1,32,0.000,0.000,,,,,NVIDIA GeForce RTX 3090 (0),1,,7,"gemv_kernel_g128(const float4 *, const unsigned int *, const unsigned int *, const __half *, __half *, int, int)"
15545697361,68192,57968,1,2752,1,32,4,1,32,0.000,0.000,,,,,NVIDIA GeForce RTX 3090 (0),1,,7,"gemv_kernel_g128(const float4 *, const unsigned int *, const unsigned int *, const __half *, __half *, int, int)"
15545767441,66655,57970,1,2752,1,32,4,1,32,0.000,0.000,,,,,NVIDIA GeForce RTX 3090 (0),1,,7,"gemv_kernel_g128(const float4 *, const unsigned int *, const unsigned int *, const __half *, __half *, int, int)"
15545838736,38080,57974,1,1024,1,32,4,1,32,0.000,0.000,,,,,NVIDIA GeForce RTX 3090 (0),1,,7,"gemv_kernel_g128(const float4 *, const unsigned int *, const unsigned int *, const __half *, __half *, int, int)"
15545897872,92608,57980,1,3072,1,32,4,1,32,0.000,0.000,,,,,NVIDIA GeForce RTX 3090 (0),1,,7,"gemv_kernel_g128(const float4 *, const unsigned int *, const unsigned int *, const __half *, __half *, int, int)"
15548151690,72576,58128,1,1024,1,32,4,1,32,0.000,0.000,,,,,NVIDIA GeForce RTX 3090 (0),1,,7,"gemv_kernel_g128(const float4 *, const unsigned int *, const unsigned int *, const __half *, __half *, int, int)"
15548421001,72256,58134,1,2752,1,32,4,1,32,0.000,0.000,,,,,NVIDIA GeForce RTX 3090 (0),1,,7,"gemv_kernel_g128(const float4 *, const unsigned int *, const unsigned int *, const __half *, __half *, int, int)"
15548494761,66080,58136,1,2752,1,32,4,1,32,0.000,0.000,,,,,NVIDIA GeForce RTX 3090 (0),1,,7,"gemv_kernel_g128(const float4 *, const unsigned int *, const unsigned int *, const __half *, __half *, int, int)"
15548566057,38400,58140,1,1024,1,32,4,1,32,0.000,0.000,,,,,NVIDIA GeForce RTX 3090 (0),1,,7,"gemv_kernel_g128(const float4 *, const unsigned int *, const unsigned int *, const __half *, __half *, int, int)"
15548625737,88735,58146,1,3072,1,32,4,1,32,0.000,0.000,,,,,NVIDIA GeForce RTX 3090 (0),1,,7,"gemv_kernel_g128(const float4 *, const unsigned int *, const unsigned int *, const __half *, __half *, int, int)"
15550572931,76832,58294,1,1024,1,32,4,1,32,0.000,0.000,,,,,NVIDIA GeForce RTX 3090 (0),1,,7,"gemv_kernel_g128(const float4 *, const unsigned int *, const unsigned int *, const __half *, __half *, int, int)"
15550671587,68960,58300,1,2752,1,32,4,1,32,0.000,0.000,,,,,NVIDIA GeForce RTX 3090 (0),1,,7,"gemv_kernel_g128(const float4 *, const unsigned int *, const unsigned int *, const __half *, __half *, int, int)"
15550741987,72288,58302,1,2752,1,32,4,1,32,0.000,0.000,,,,,NVIDIA GeForce RTX 3090 (0),1,,7,"gemv_kernel_g128(const float4 *, const unsigned int *, const unsigned int *, const __half *, __half *, int, int)"
15550819459,37311,58306,1,1024,1,32,4,1,32,0.000,0.000,,,,,NVIDIA GeForce RTX 3090 (0),1,,7,"gemv_kernel_g128(const float4 *, const unsigned int *, const unsigned int *, const __half *, __half *, int, int)"
15550877314,86976,58312,1,3072,1,32,4,1,32,0.000,0.000,,,,,NVIDIA GeForce RTX 3090 (0),1,,7,"gemv_kernel_g128(const float4 *, const unsigned int *, const unsigned int *, const __half *, __half *, int, int)"
15552717501,71840,58460,1,1024,1,32,4,1,32,0.000,0.000,,,,,NVIDIA GeForce RTX 3090 (0),1,,7,"gemv_kernel_g128(const float4 *, const unsigned int *, const unsigned int *, const __half *, __half *, int, int)"
15552811901,66272,58466,1,2752,1,32,4,1,32,0.000,0.000,,,,,NVIDIA GeForce RTX 3090 (0),1,,7,"gemv_kernel_g128(const float4 *, const unsigned int *, const unsigned int *, const __half *, __half *, int, int)"
15552879613,65888,58468,1,2752,1,32,4,1,32,0.000,0.000,,,,,NVIDIA GeForce RTX 3090 (0),1,,7,"gemv_kernel_g128(const float4 *, const unsigned int *, const unsigned int *, const __half *, __half *, int, int)"
15552950237,37792,58472,1,1024,1,32,4,1,32,0.000,0.000,,,,,NVIDIA GeForce RTX 3090 (0),1,,7,"gemv_kernel_g128(const float4 *, const unsigned int *, const unsigned int *, const __half *, __half *, int, int)"
15553008861,93343,58478,1,3072,1,32,4,1,32,0.000,0.000,,,,,NVIDIA GeForce RTX 3090 (0),1,,7,"gemv_kernel_g128(const float4 *, const unsigned int *, const unsigned int *, const __half *, __half *, int, int)"
15555234134,72832,58626,1,1024,1,32,4,1,32,0.000,0.000,,,,,NVIDIA GeForce RTX 3090 (0),1,,7,"gemv_kernel_g128(const float4 *, const unsigned int *, const unsigned int *, const __half *, __half *, int, int)"
15555328566,75008,58632,1,2752,1,32,4,1,32,0.000,0.000,,,,,NVIDIA GeForce RTX 3090 (0),1,,7,"gemv_kernel_g128(const float4 *, const unsigned int *, const unsigned int *, const __half *, __half *, int, int)"
15555405558,71296,58634,1,2752,1,32,4,1,32,0.000,0.000,,,,,NVIDIA GeForce RTX 3090 (0),1,,7,"gemv_kernel_g128(const float4 *, const unsigned int *, const unsigned int *, const __half *, __half *, int, int)"
15555481494,37408,58638,1,1024,1,32,4,1,32,0.000,0.000,,,,,NVIDIA GeForce RTX 3090 (0),1,,7,"gemv_kernel_g128(const float4 *, const unsigned int *, const unsigned int *, const __half *, __half *, int, int)"
15555539862,87711,58644,1,3072,1,32,4,1,32,0.000,0.000,,,,,NVIDIA GeForce RTX 3090 (0),1,,7,"gemv_kernel_g128(const float4 *, const unsigned int *, const unsigned int *, const __half *, __half *, int, int)"
15557535952,90752,58792,1,1024,1,32,4,1,32,0.000,0.000,,,,,NVIDIA GeForce RTX 3090 (0),1,,7,"gemv_kernel_g128(const float4 *, const unsigned int *, const unsigned int *, const __half *, __half *, int, int)"
15557649296,74175,58798,1,2752,1,32,4,1,32,0.000,0.000,,,,,NVIDIA GeForce RTX 3090 (0),1,,7,"gemv_kernel_g128(const float4 *, const unsigned int *, const unsigned int *, const __half *, __half *, int, int)"
15557724911,81952,58800,1,2752,1,32,4,1,32,0.000,0.000,,,,,NVIDIA GeForce RTX 3090 (0),1,,7,"gemv_kernel_g128(const float4 *, const unsigned int *, const unsigned int *, const __half *, __half *, int, int)"
15557811983,39520,58804,1,1024,1,32,4,1,32,0.000,0.000,,,,,NVIDIA GeForce RTX 3090 (0),1,,7,"gemv_kernel_g128(const float4 *, const unsigned int *, const unsigned int *, const __half *, __half *, int, int)"
15557872783,90592,58810,1,3072,1,32,4,1,32,0.000,0.000,,,,,NVIDIA GeForce RTX 3090 (0),1,,7,"gemv_kernel_g128(const float4 *, const unsigned int *, const unsigned int *, const __half *, __half *, int, int)"
15560155977,76128,58958,1,1024,1,32,4,1,32,0.000,0.000,,,,,NVIDIA GeForce RTX 3090 (0),1,,7,"gemv_kernel_g128(const float4 *, const unsigned int *, const unsigned int *, const __half *, __half *, int, int)"
15560254312,65440,58964,1,2752,1,32,4,1,32,0.000,0.000,,,,,NVIDIA GeForce RTX 3090 (0),1,,7,"gemv_kernel_g128(const float4 *, const unsigned int *, const unsigned int *, const __half *, __half *, int, int)"
15560321256,68992,58966,1,2752,1,32,4,1,32,0.000,0.000,,,,,NVIDIA GeForce RTX 3090 (0),1,,7,"gemv_kernel_g128(const float4 *, const unsigned int *, const unsigned int *, const __half *, __half *, int, int)"
15560395368,37344,58970,1,1024,1,32,4,1,32,0.000,0.000,,,,,NVIDIA GeForce RTX 3090 (0),1,,7,"gemv_kernel_g128(const float4 *, const unsigned int *, const unsigned int *, const __half *, __half *, int, int)"
15560452968,92768,58976,1,3072,1,32,4,1,32,0.000,0.000,,,,,NVIDIA GeForce RTX 3090 (0),1,,7,"gemv_kernel_g128(const float4 *, const unsigned int *, const unsigned int *, const __half *, __half *, int, int)"
15562333859,73567,59124,1,1024,1,32,4,1,32,0.000,0.000,,,,,NVIDIA GeForce RTX 3090 (0),1,,7,"gemv_kernel_g128(const float4 *, const unsigned int *, const unsigned int *, const __half *, __half *, int, int)"
15562430402,65344,59130,1,2752,1,32,4,1,32,0.000,0.000,,,,,NVIDIA GeForce RTX 3090 (0),1,,7,"gemv_kernel_g128(const float4 *, const unsigned int *, const unsigned int *, const __half *, __half *, int, int)"
15562497250,65408,59132,1,2752,1,32,4,1,32,0.000,0.000,,,,,NVIDIA GeForce RTX 3090 (0),1,,7,"gemv_kernel_g128(const float4 *, const unsigned int *, const unsigned int *, const __half *, __half *, int, int)"
15562567298,38368,59136,1,1024,1,32,4,1,32,0.000,0.000,,,,,NVIDIA GeForce RTX 3090 (0),1,,7,"gemv_kernel_g128(const float4 *, const unsigned int *, const unsigned int *, const __half *, __half *, int, int)"
15562626914,86880,59142,1,3072,1,32,4,1,32,0.000,0.000,,,,,NVIDIA GeForce RTX 3090 (0),1,,7,"gemv_kernel_g128(const float4 *, const unsigned int *, const unsigned int *, const __half *, __half *, int, int)"
15564604828,71296,59290,1,1024,1,32,4,1,32,0.000,0.000,,,,,NVIDIA GeForce RTX 3090 (0),1,,7,"gemv_kernel_g128(const float4 *, const unsigned int *, const unsigned int *, const __half *, __half *, int, int)"
15564697788,65696,59296,1,2752,1,32,4,1,32,0.000,0.000,,,,,NVIDIA GeForce RTX 3090 (0),1,,7,"gemv_kernel_g128(const float4 *, const unsigned int *, const unsigned int *, const __half *, __half *, int, int)"
15564765404,68128,59298,1,2752,1,32,4,1,32,0.000,0.000,,,,,NVIDIA GeForce RTX 3090 (0),1,,7,"gemv_kernel_g128(const float4 *, const unsigned int *, const unsigned int *, const __half *, __half *, int, int)"
15564838268,40352,59302,1,1024,1,32,4,1,32,0.000,0.000,,,,,NVIDIA GeForce RTX 3090 (0),1,,7,"gemv_kernel_g128(const float4 *, const unsigned int *, const unsigned int *, const __half *, __half *, int, int)"
15564900828,89663,59308,1,3072,1,32,4,1,32,0.000,0.000,,,,,NVIDIA GeForce RTX 3090 (0),1,,7,"gemv_kernel_g128(const float4 *, const unsigned int *, const unsigned int *, const __half *, __half *, int, int)"
15567208949,73216,59456,1,1024,1,32,4,1,32,0.000,0.000,,,,,NVIDIA GeForce RTX 3090 (0),1,,7,"gemv_kernel_g128(const float4 *, const unsigned int *, const unsigned int *, const __half *, __half *, int, int)"
15567481428,66080,59462,1,2752,1,32,4,1,32,0.000,0.000,,,,,NVIDIA GeForce RTX 3090 (0),1,,7,"gemv_kernel_g128(const float4 *, const unsigned int *, const unsigned int *, const __half *, __half *, int, int)"
15567548980,65984,59464,1,2752,1,32,4,1,32,0.000,0.000,,,,,NVIDIA GeForce RTX 3090 (0),1,,7,"gemv_kernel_g128(const float4 *, const unsigned int *, const unsigned int *, const __half *, __half *, int, int)"
15567620148,38304,59468,1,1024,1,32,4,1,32,0.000,0.000,,,,,NVIDIA GeForce RTX 3090 (0),1,,7,"gemv_kernel_g128(const float4 *, const unsigned int *, const unsigned int *, const __half *, __half *, int, int)"
15567679668,88224,59474,1,3072,1,32,4,1,32,0.000,0.000,,,,,NVIDIA GeForce RTX 3090 (0),1,,7,"gemv_kernel_g128(const float4 *, const unsigned int *, const unsigned int *, const __half *, __half *, int, int)"
15569782222,84960,59622,1,1024,1,32,4,1,32,0.000,0.000,,,,,NVIDIA GeForce RTX 3090 (0),1,,7,"gemv_kernel_g128(const float4 *, const unsigned int *, const unsigned int *, const __half *, __half *, int, int)"
15569889102,79488,59628,1,2752,1,32,4,1,32,0.000,0.000,,,,,NVIDIA GeForce RTX 3090 (0),1,,7,"gemv_kernel_g128(const float4 *, const unsigned int *, const unsigned int *, const __half *, __half *, int, int)"
15569970062,72703,59630,1,2752,1,32,4,1,32,0.000,0.000,,,,,NVIDIA GeForce RTX 3090 (0),1,,7,"gemv_kernel_g128(const float4 *, const unsigned int *, const unsigned int *, const __half *, __half *, int, int)"
15570048269,36672,59634,1,1024,1,32,4,1,32,0.000,0.000,,,,,NVIDIA GeForce RTX 3090 (0),1,,7,"gemv_kernel_g128(const float4 *, const unsigned int *, const unsigned int *, const __half *, __half *, int, int)"
15570112845,103552,59640,1,3072,1,32,4,1,32,0.000,0.000,,,,,NVIDIA GeForce RTX 3090 (0),1,,7,"gemv_kernel_g128(const float4 *, const unsigned int *, const unsigned int *, const __half *, __half *, int, int)"
15572212519,68768,59788,1,1024,1,32,4,1,32,0.000,0.000,,,,,NVIDIA GeForce RTX 3090 (0),1,,7,"gemv_kernel_g128(const float4 *, const unsigned int *, const unsigned int *, const __half *, __half *, int, int)"
15572303303,66464,59794,1,2752,1,32,4,1,32,0.000,0.000,,,,,NVIDIA GeForce RTX 3090 (0),1,,7,"gemv_kernel_g128(const float4 *, const unsigned int *, const unsigned int *, const __half *, __half *, int, int)"
15572371239,66016,59796,1,2752,1,32,4,1,32,0.000,0.000,,,,,NVIDIA GeForce RTX 3090 (0),1,,7,"gemv_kernel_g128(const float4 *, const unsigned int *, const unsigned int *, const __half *, __half *, int, int)"
15572442087,37728,59800,1,1024,1,32,4,1,32,0.000,0.000,,,,,NVIDIA GeForce RTX 3090 (0),1,,7,"gemv_kernel_g128(const float4 *, const unsigned int *, const unsigned int *, const __half *, __half *, int, int)"
15572501159,92479,59806,1,3072,1,32,4,1,32,0.000,0.000,,,,,NVIDIA GeForce RTX 3090 (0),1,,7,"gemv_kernel_g128(const float4 *, const unsigned int *, const unsigned int *, const __half *, __half *, int, int)"
15574463649,71104,59954,1,1024,1,32,4,1,32,0.000,0.000,,,,,NVIDIA GeForce RTX 3090 (0),1,,7,"gemv_kernel_g128(const float4 *, const unsigned int *, const unsigned int *, const __half *, __half *, int, int)"
15574558401,65504,59960,1,2752,1,32,4,1,32,0.000,0.000,,,,,NVIDIA GeForce RTX 3090 (0),1,,7,"gemv_kernel_g128(const float4 *, const unsigned int *, const unsigned int *, const __half *, __half *, int, int)"
15574625857,66111,59962,1,2752,1,32,4,1,32,0.000,0.000,,,,,NVIDIA GeForce RTX 3090 (0),1,,7,"gemv_kernel_g128(const float4 *, const unsigned int *, const unsigned int *, const __half *, __half *, int, int)"
15574696704,36672,59966,1,1024,1,32,4,1,32,0.000,0.000,,,,,NVIDIA GeForce RTX 3090 (0),1,,7,"gemv_kernel_g128(const float4 *, const unsigned int *, const unsigned int *, const __half *, __half *, int, int)"
15574754528,86624,59972,1,3072,1,32,4,1,32,0.000,0.000,,,,,NVIDIA GeForce RTX 3090 (0),1,,7,"gemv_kernel_g128(const float4 *, const unsigned int *, const unsigned int *, const __half *, __half *, int, int)"
15576627195,72544,60120,1,1024,1,32,4,1,32,0.000,0.000,,,,,NVIDIA GeForce RTX 3090 (0),1,,7,"gemv_kernel_g128(const float4 *, const unsigned int *, const unsigned int *, const __half *, __half *, int, int)"
15576721531,65760,60126,1,2752,1,32,4,1,32,0.000,0.000,,,,,NVIDIA GeForce RTX 3090 (0),1,,7,"gemv_kernel_g128(const float4 *, const unsigned int *, const unsigned int *, const __half *, __half *, int, int)"
15576788763,65216,60128,1,2752,1,32,4,1,32,0.000,0.000,,,,,NVIDIA GeForce RTX 3090 (0),1,,7,"gemv_kernel_g128(const float4 *, const unsigned int *, const unsigned int *, const __half *, __half *, int, int)"
15576859034,37984,60132,1,1024,1,32,4,1,32,0.000,0.000,,,,,NVIDIA GeForce RTX 3090 (0),1,,7,"gemv_kernel_g128(const float4 *, const unsigned int *, const unsigned int *, const __half *, __half *, int, int)"
15576917562,91808,60138,1,3072,1,32,4,1,32,0.000,0.000,,,,,NVIDIA GeForce RTX 3090 (0),1,,7,"gemv_kernel_g128(const float4 *, const unsigned int *, const unsigned int *, const __half *, __half *, int, int)"
15578905301,69952,60286,1,1024,1,32,4,1,32,0.000,0.000,,,,,NVIDIA GeForce RTX 3090 (0),1,,7,"gemv_kernel_g128(const float4 *, const unsigned int *, const unsigned int *, const __half *, __half *, int, int)"
15578997109,66431,60292,1,2752,1,32,4,1,32,0.000,0.000,,,,,NVIDIA GeForce RTX 3090 (0),1,,7,"gemv_kernel_g128(const float4 *, const unsigned int *, const unsigned int *, const __half *, __half *, int, int)"
15579064948,66016,60294,1,2752,1,32,4,1,32,0.000,0.000,,,,,NVIDIA GeForce RTX 3090 (0),1,,7,"gemv_kernel_g128(const float4 *, const unsigned int *, const unsigned int *, const __half *, __half *, int, int)"
15579136020,37760,60298,1,1024,1,32,4,1,32,0.000,0.000,,,,,NVIDIA GeForce RTX 3090 (0),1,,7,"gemv_kernel_g128(const float4 *, const unsigned int *, const unsigned int *, const __half *, __half *, int, int)"
15579193844,87680,60304,1,3072,1,32,4,1,32,0.000,0.000,,,,,NVIDIA GeForce RTX 3090 (0),1,,7,"gemv_kernel_g128(const float4 *, const unsigned int *, const unsigned int *, const __half *, __half *, int, int)"
15581105775,71552,60452,1,1024,1,32,4,1,32,0.000,0.000,,,,,NVIDIA GeForce RTX 3090 (0),1,,7,"gemv_kernel_g128(const float4 *, const unsigned int *, const unsigned int *, const __half *, __half *, int, int)"
15581198798,66240,60458,1,2752,1,32,4,1,32,0.000,0.000,,,,,NVIDIA GeForce RTX 3090 (0),1,,7,"gemv_kernel_g128(const float4 *, const unsigned int *, const unsigned int *, const __half *, __half *, int, int)"
15581266478,65792,60460,1,2752,1,32,4,1,32,0.000,0.000,,,,,NVIDIA GeForce RTX 3090 (0),1,,7,"gemv_kernel_g128(const float4 *, const unsigned int *, const unsigned int *, const __half *, __half *, int, int)"
15581336974,37824,60464,1,1024,1,32,4,1,32,0.000,0.000,,,,,NVIDIA GeForce RTX 3090 (0),1,,7,"gemv_kernel_g128(const float4 *, const unsigned int *, const unsigned int *, const __half *, __half *, int, int)"
15581395726,87328,60470,1,3072,1,32,4,1,32,0.000,0.000,,,,,NVIDIA GeForce RTX 3090 (0),1,,7,"gemv_kernel_g128(const float4 *, const unsigned int *, const unsigned int *, const __half *, __half *, int, int)"
15583204361,71136,60618,1,1024,1,32,4,1,32,0.000,0.000,,,,,NVIDIA GeForce RTX 3090 (0),1,,7,"gemv_kernel_g128(const float4 *, const unsigned int *, const unsigned int *, const __half *, __half *, int, int)"
15583297353,66303,60624,1,2752,1,32,4,1,32,0.000,0.000,,,,,NVIDIA GeForce RTX 3090 (0),1,,7,"gemv_kernel_g128(const float4 *, const unsigned int *, const unsigned int *, const __half *, __half *, int, int)"
15583365576,64896,60626,1,2752,1,32,4,1,32,0.000,0.000,,,,,NVIDIA GeForce RTX 3090 (0),1,,7,"gemv_kernel_g128(const float4 *, const unsigned int *, const unsigned int *, const __half *, __half *, int, int)"
15583435048,37824,60630,1,1024,1,32,4,1,32,0.000,0.000,,,,,NVIDIA GeForce RTX 3090 (0),1,,7,"gemv_kernel_g128(const float4 *, const unsigned int *, const unsigned int *, const __half *, __half *, int, int)"
15583493768,87840,60636,1,3072,1,32,4,1,32,0.000,0.000,,,,,NVIDIA GeForce RTX 3090 (0),1,,7,"gemv_kernel_g128(const float4 *, const unsigned int *, const unsigned int *, const __half *, __half *, int, int)"
15585335619,73536,60784,1,1024,1,32,4,1,32,0.000,0.000,,,,,NVIDIA GeForce RTX 3090 (0),1,,7,"gemv_kernel_g128(const float4 *, const unsigned int *, const unsigned int *, const __half *, __half *, int, int)"
15585431651,70368,60790,1,2752,1,32,4,1,32,0.000,0.000,,,,,NVIDIA GeForce RTX 3090 (0),1,,7,"gemv_kernel_g128(const float4 *, const unsigned int *, const unsigned int *, const __half *, __half *, int, int)"
15585503491,93119,60792,1,2752,1,32,4,1,32,0.000,0.000,,,,,NVIDIA GeForce RTX 3090 (0),1,,7,"gemv_kernel_g128(const float4 *, const unsigned int *, const unsigned int *, const __half *, __half *, int, int)"
15585601762,39424,60796,1,1024,1,32,4,1,32,0.000,0.000,,,,,NVIDIA GeForce RTX 3090 (0),1,,7,"gemv_kernel_g128(const float4 *, const unsigned int *, const unsigned int *, const __half *, __half *, int, int)"
15585663298,119296,60802,1,3072,1,32,4,1,32,0.000,0.000,,,,,NVIDIA GeForce RTX 3090 (0),1,,7,"gemv_kernel_g128(const float4 *, const unsigned int *, const unsigned int *, const __half *, __half *, int, int)"
15587925532,67584,60950,1,1024,1,32,4,1,32,0.000,0.000,,,,,NVIDIA GeForce RTX 3090 (0),1,,7,"gemv_kernel_g128(const float4 *, const unsigned int *, const unsigned int *, const __half *, __half *, int, int)"
15588014748,66367,60956,1,2752,1,32,4,1,32,0.000,0.000,,,,,NVIDIA GeForce RTX 3090 (0),1,,7,"gemv_kernel_g128(const float4 *, const unsigned int *, const unsigned int *, const __half *, __half *, int, int)"
15588082587,65568,60958,1,2752,1,32,4,1,32,0.000,0.000,,,,,NVIDIA GeForce RTX 3090 (0),1,,7,"gemv_kernel_g128(const float4 *, const unsigned int *, const unsigned int *, const __half *, __half *, int, int)"
15588153275,37760,60962,1,1024,1,32,4,1,32,0.000,0.000,,,,,NVIDIA GeForce RTX 3090 (0),1,,7,"gemv_kernel_g128(const float4 *, const unsigned int *, const unsigned int *, const __half *, __half *, int, int)"
15588210971,88320,60968,1,3072,1,32,4,1,32,0.000,0.000,,,,,NVIDIA GeForce RTX 3090 (0),1,,7,"gemv_kernel_g128(const float4 *, const unsigned int *, const unsigned int *, const __half *, __half *, int, int)"
15590094134,70784,61116,1,1024,1,32,4,1,32,0.000,0.000,,,,,NVIDIA GeForce RTX 3090 (0),1,,7,"gemv_kernel_g128(const float4 *, const unsigned int *, const unsigned int *, const __half *, __half *, int, int)"
15590185846,65599,61122,1,2752,1,32,4,1,32,0.000,0.000,,,,,NVIDIA GeForce RTX 3090 (0),1,,7,"gemv_kernel_g128(const float4 *, const unsigned int *, const unsigned int *, const __half *, __half *, int, int)"
15590252949,66688,61124,1,2752,1,32,4,1,32,0.000,0.000,,,,,NVIDIA GeForce RTX 3090 (0),1,,7,"gemv_kernel_g128(const float4 *, const unsigned int *, const unsigned int *, const __half *, __half *, int, int)"
15590324309,38656,61128,1,1024,1,32,4,1,32,0.000,0.000,,,,,NVIDIA GeForce RTX 3090 (0),1,,7,"gemv_kernel_g128(const float4 *, const unsigned int *, const unsigned int *, const __half *, __half *, int, int)"
15590383701,135392,61134,1,8000,1,32,4,1,32,0.000,0.000,,,,,NVIDIA GeForce RTX 3090 (0),1,,7,"gemv_kernel_g128(const float4 *, const unsigned int *, const unsigned int *, const __half *, __half *, int, int)"
15620647457,97632,61148,1,3072,1,32,4,1,32,0.000,0.000,,,,,NVIDIA GeForce RTX 3090 (0),1,,7,"gemv_kernel_g128(const float4 *, const unsigned int *, const unsigned int *, const __half *, __half *, int, int)"
15622509788,75392,61296,1,1024,1,32,4,1,32,0.000,0.000,,,,,NVIDIA GeForce RTX 3090 (0),1,,7,"gemv_kernel_g128(const float4 *, const unsigned int *, const unsigned int *, const __half *, __half *, int, int)"
15622607388,67520,61302,1,2752,1,32,4,1,32,0.000,0.000,,,,,NVIDIA GeForce RTX 3090 (0),1,,7,"gemv_kernel_g128(const float4 *, const unsigned int *, const unsigned int *, const __half *, __half *, int, int)"
15622676540,66495,61304,1,2752,1,32,4,1,32,0.000,0.000,,,,,NVIDIA GeForce RTX 3090 (0),1,,7,"gemv_kernel_g128(const float4 *, const unsigned int *, const unsigned int *, const __half *, __half *, int, int)"
15622747803,36672,61308,1,1024,1,32,4,1,32,0.000,0.000,,,,,NVIDIA GeForce RTX 3090 (0),1,,7,"gemv_kernel_g128(const float4 *, const unsigned int *, const unsigned int *, const __half *, __half *, int, int)"
15622806011,90592,61314,1,3072,1,32,4,1,32,0.000,0.000,,,,,NVIDIA GeForce RTX 3090 (0),1,,7,"gemv_kernel_g128(const float4 *, const unsigned int *, const unsigned int *, const __half *, __half *, int, int)"
15624696214,69280,61462,1,1024,1,32,4,1,32,0.000,0.000,,,,,NVIDIA GeForce RTX 3090 (0),1,,7,"gemv_kernel_g128(const float4 *, const unsigned int *, const unsigned int *, const __half *, __half *, int, int)"
15624786358,66912,61468,1,2752,1,32,4,1,32,0.000,0.000,,,,,NVIDIA GeForce RTX 3090 (0),1,,7,"gemv_kernel_g128(const float4 *, const unsigned int *, const unsigned int *, const __half *, __half *, int, int)"
15624855126,65503,61470,1,2752,1,32,4,1,32,0.000,0.000,,,,,NVIDIA GeForce RTX 3090 (0),1,,7,"gemv_kernel_g128(const float4 *, const unsigned int *, const unsigned int *, const __half *, __half *, int, int)"
15624925237,37888,61474,1,1024,1,32,4,1,32,0.000,0.000,,,,,NVIDIA GeForce RTX 3090 (0),1,,7,"gemv_kernel_g128(const float4 *, const unsigned int *, const unsigned int *, const __half *, __half *, int, int)"
15624983605,86944,61480,1,3072,1,32,4,1,32,0.000,0.000,,,,,NVIDIA GeForce RTX 3090 (0),1,,7,"gemv_kernel_g128(const float4 *, const unsigned int *, const unsigned int *, const __half *, __half *, int, int)"
15626789392,75040,61628,1,1024,1,32,4,1,32,0.000,0.000,,,,,NVIDIA GeForce RTX 3090 (0),1,,7,"gemv_kernel_g128(const float4 *, const unsigned int *, const unsigned int *, const __half *, __half *, int, int)"
15626886384,70304,61634,1,2752,1,32,4,1,32,0.000,0.000,,,,,NVIDIA GeForce RTX 3090 (0),1,,7,"gemv_kernel_g128(const float4 *, const unsigned int *, const unsigned int *, const __half *, __half *, int, int)"
15626958160,72352,61636,1,2752,1,32,4,1,32,0.000,0.000,,,,,NVIDIA GeForce RTX 3090 (0),1,,7,"gemv_kernel_g128(const float4 *, const unsigned int *, const unsigned int *, const __half *, __half *, int, int)"
15627035728,38592,61640,1,1024,1,32,4,1,32,0.000,0.000,,,,,NVIDIA GeForce RTX 3090 (0),1,,7,"gemv_kernel_g128(const float4 *, const unsigned int *, const unsigned int *, const __half *, __half *, int, int)"
15627094991,89376,61646,1,3072,1,32,4,1,32,0.000,0.000,,,,,NVIDIA GeForce RTX 3090 (0),1,,7,"gemv_kernel_g128(const float4 *, const unsigned int *, const unsigned int *, const __half *, __half *, int, int)"
15629245225,74208,61794,1,1024,1,32,4,1,32,0.000,0.000,,,,,NVIDIA GeForce RTX 3090 (0),1,,7,"gemv_kernel_g128(const float4 *, const unsigned int *, const unsigned int *, const __half *, __half *, int, int)"
15629340681,65152,61800,1,2752,1,32,4,1,32,0.000,0.000,,,,,NVIDIA GeForce RTX 3090 (0),1,,7,"gemv_kernel_g128(const float4 *, const unsigned int *, const unsigned int *, const __half *, __half *, int, int)"
15629407209,472319,61802,1,2752,1,32,4,1,32,0.000,0.000,,,,,NVIDIA GeForce RTX 3090 (0),1,,7,"gemv_kernel_g128(const float4 *, const unsigned int *, const unsigned int *, const __half *, __half *, int, int)"
15629884872,38176,61806,1,1024,1,32,4,1,32,0.000,0.000,,,,,NVIDIA GeForce RTX 3090 (0),1,,7,"gemv_kernel_g128(const float4 *, const unsigned int *, const unsigned int *, const __half *, __half *, int, int)"
15629944360,88991,61812,1,3072,1,32,4,1,32,0.000,0.000,,,,,NVIDIA GeForce RTX 3090 (0),1,,7,"gemv_kernel_g128(const float4 *, const unsigned int *, const unsigned int *, const __half *, __half *, int, int)"
15631697667,77279,61960,1,1024,1,32,4,1,32,0.000,0.000,,,,,NVIDIA GeForce RTX 3090 (0),1,,7,"gemv_kernel_g128(const float4 *, const unsigned int *, const unsigned int *, const __half *, __half *, int, int)"
15631796706,90880,61966,1,2752,1,32,4,1,32,0.000,0.000,,,,,NVIDIA GeForce RTX 3090 (0),1,,7,"gemv_kernel_g128(const float4 *, const unsigned int *, const unsigned int *, const __half *, __half *, int, int)"
15631889090,78304,61968,1,2752,1,32,4,1,32,0.000,0.000,,,,,NVIDIA GeForce RTX 3090 (0),1,,7,"gemv_kernel_g128(const float4 *, const unsigned int *, const unsigned int *, const __half *, __half *, int, int)"
15631972002,39136,61972,1,1024,1,32,4,1,32,0.000,0.000,,,,,NVIDIA GeForce RTX 3090 (0),1,,7,"gemv_kernel_g128(const float4 *, const unsigned int *, const unsigned int *, const __half *, __half *, int, int)"
15632032482,99808,61978,1,3072,1,32,4,1,32,0.000,0.000,,,,,NVIDIA GeForce RTX 3090 (0),1,,7,"gemv_kernel_g128(const float4 *, const unsigned int *, const unsigned int *, const __half *, __half *, int, int)"
15633965628,74880,62126,1,1024,1,32,4,1,32,0.000,0.000,,,,,NVIDIA GeForce RTX 3090 (0),1,,7,"gemv_kernel_g128(const float4 *, const unsigned int *, const unsigned int *, const __half *, __half *, int, int)"
15634062140,71456,62132,1,2752,1,32,4,1,32,0.000,0.000,,,,,NVIDIA GeForce RTX 3090 (0),1,,7,"gemv_kernel_g128(const float4 *, const unsigned int *, const unsigned int *, const __half *, __half *, int, int)"
15634135484,70592,62134,1,2752,1,32,4,1,32,0.000,0.000,,,,,NVIDIA GeForce RTX 3090 (0),1,,7,"gemv_kernel_g128(const float4 *, const unsigned int *, const unsigned int *, const __half *, __half *, int, int)"
15634210876,38496,62138,1,1024,1,32,4,1,32,0.000,0.000,,,,,NVIDIA GeForce RTX 3090 (0),1,,7,"gemv_kernel_g128(const float4 *, const unsigned int *, const unsigned int *, const __half *, __half *, int, int)"
15634271132,95615,62144,1,3072,1,32,4,1,32,0.000,0.000,,,,,NVIDIA GeForce RTX 3090 (0),1,,7,"gemv_kernel_g128(const float4 *, const unsigned int *, const unsigned int *, const __half *, __half *, int, int)"
15636286102,76992,62292,1,1024,1,32,4,1,32,0.000,0.000,,,,,NVIDIA GeForce RTX 3090 (0),1,,7,"gemv_kernel_g128(const float4 *, const unsigned int *, const unsigned int *, const __half *, __half *, int, int)"
15636385206,68416,62298,1,2752,1,32,4,1,32,0.000,0.000,,,,,NVIDIA GeForce RTX 3090 (0),1,,7,"gemv_kernel_g128(const float4 *, const unsigned int *, const unsigned int *, const __half *, __half *, int, int)"
15636455094,67519,62300,1,2752,1,32,4,1,32,0.000,0.000,,,,,NVIDIA GeForce RTX 3090 (0),1,,7,"gemv_kernel_g128(const float4 *, const unsigned int *, const unsigned int *, const __half *, __half *, int, int)"
15636527797,38464,62304,1,1024,1,32,4,1,32,0.000,0.000,,,,,NVIDIA GeForce RTX 3090 (0),1,,7,"gemv_kernel_g128(const float4 *, const unsigned int *, const unsigned int *, const __half *, __half *, int, int)"
15636587605,100448,62310,1,3072,1,32,4,1,32,0.000,0.000,,,,,NVIDIA GeForce RTX 3090 (0),1,,7,"gemv_kernel_g128(const float4 *, const unsigned int *, const unsigned int *, const __half *, __half *, int, int)"
15638474064,69664,62458,1,1024,1,32,4,1,32,0.000,0.000,,,,,NVIDIA GeForce RTX 3090 (0),1,,7,"gemv_kernel_g128(const float4 *, const unsigned int *, const unsigned int *, const __half *, __half *, int, int)"
15638564784,65440,62464,1,2752,1,32,4,1,32,0.000,0.000,,,,,NVIDIA GeForce RTX 3090 (0),1,,7,"gemv_kernel_g128(const float4 *, const unsigned int *, const unsigned int *, const __half *, __half *, int, int)"
15638631696,66911,62466,1,2752,1,32,4,1,32,0.000,0.000,,,,,NVIDIA GeForce RTX 3090 (0),1,,7,"gemv_kernel_g128(const float4 *, const unsigned int *, const unsigned int *, const __half *, __half *, int, int)"
15638703791,38400,62470,1,1024,1,32,4,1,32,0.000,0.000,,,,,NVIDIA GeForce RTX 3090 (0),1,,7,"gemv_kernel_g128(const float4 *, const unsigned int *, const unsigned int *, const __half *, __half *, int, int)"
15638764143,92448,62476,1,3072,1,32,4,1,32,0.000,0.000,,,,,NVIDIA GeForce RTX 3090 (0),1,,7,"gemv_kernel_g128(const float4 *, const unsigned int *, const unsigned int *, const __half *, __half *, int, int)"
15640620586,93408,62624,1,1024,1,32,4,1,32,0.000,0.000,,,,,NVIDIA GeForce RTX 3090 (0),1,,7,"gemv_kernel_g128(const float4 *, const unsigned int *, const unsigned int *, const __half *, __half *, int, int)"
15640738282,83615,62630,1,2752,1,32,4,1,32,0.000,0.000,,,,,NVIDIA GeForce RTX 3090 (0),1,,7,"gemv_kernel_g128(const float4 *, const unsigned int *, const unsigned int *, const __half *, __half *, int, int)"
15640823401,70720,62632,1,2752,1,32,4,1,32,0.000,0.000,,,,,NVIDIA GeForce RTX 3090 (0),1,,7,"gemv_kernel_g128(const float4 *, const unsigned int *, const unsigned int *, const __half *, __half *, int, int)"
15640899273,38752,62636,1,1024,1,32,4,1,32,0.000,0.000,,,,,NVIDIA GeForce RTX 3090 (0),1,,7,"gemv_kernel_g128(const float4 *, const unsigned int *, const unsigned int *, const __half *, __half *, int, int)"
15640967145,97792,62642,1,3072,1,32,4,1,32,0.000,0.000,,,,,NVIDIA GeForce RTX 3090 (0),1,,7,"gemv_kernel_g128(const float4 *, const unsigned int *, const unsigned int *, const __half *, __half *, int, int)"
15642803652,72544,62790,1,1024,1,32,4,1,32,0.000,0.000,,,,,NVIDIA GeForce RTX 3090 (0),1,,7,"gemv_kernel_g128(const float4 *, const unsigned int *, const unsigned int *, const __half *, __half *, int, int)"
15642897476,66176,62796,1,2752,1,32,4,1,32,0.000,0.000,,,,,NVIDIA GeForce RTX 3090 (0),1,,7,"gemv_kernel_g128(const float4 *, const unsigned int *, const unsigned int *, const __half *, __half *, int, int)"
15642965540,67423,62798,1,2752,1,32,4,1,32,0.000,0.000,,,,,NVIDIA GeForce RTX 3090 (0),1,,7,"gemv_kernel_g128(const float4 *, const unsigned int *, const unsigned int *, const __half *, __half *, int, int)"
15643037827,39488,62802,1,1024,1,32,4,1,32,0.000,0.000,,,,,NVIDIA GeForce RTX 3090 (0),1,,7,"gemv_kernel_g128(const float4 *, const unsigned int *, const unsigned int *, const __half *, __half *, int, int)"
15643097955,88864,62808,1,3072,1,32,4,1,32,0.000,0.000,,,,,NVIDIA GeForce RTX 3090 (0),1,,7,"gemv_kernel_g128(const float4 *, const unsigned int *, const unsigned int *, const __half *, __half *, int, int)"
15644890718,70848,62956,1,1024,1,32,4,1,32,0.000,0.000,,,,,NVIDIA GeForce RTX 3090 (0),1,,7,"gemv_kernel_g128(const float4 *, const unsigned int *, const unsigned int *, const __half *, __half *, int, int)"
15644983102,64960,62962,1,2752,1,32,4,1,32,0.000,0.000,,,,,NVIDIA GeForce RTX 3090 (0),1,,7,"gemv_kernel_g128(const float4 *, const unsigned int *, const unsigned int *, const __half *, __half *, int, int)"
15645049534,67232,62964,1,2752,1,32,4,1,32,0.000,0.000,,,,,NVIDIA GeForce RTX 3090 (0),1,,7,"gemv_kernel_g128(const float4 *, const unsigned int *, const unsigned int *, const __half *, __half *, int, int)"
15645121918,37439,62968,1,1024,1,32,4,1,32,0.000,0.000,,,,,NVIDIA GeForce RTX 3090 (0),1,,7,"gemv_kernel_g128(const float4 *, const unsigned int *, const unsigned int *, const __half *, __half *, int, int)"
15645180669,86944,62974,1,3072,1,32,4,1,32,0.000,0.000,,,,,NVIDIA GeForce RTX 3090 (0),1,,7,"gemv_kernel_g128(const float4 *, const unsigned int *, const unsigned int *, const __half *, __half *, int, int)"
15646926233,69439,63122,1,1024,1,32,4,1,32,0.000,0.000,,,,,NVIDIA GeForce RTX 3090 (0),1,,7,"gemv_kernel_g128(const float4 *, const unsigned int *, const unsigned int *, const __half *, __half *, int, int)"
15647016600,64640,63128,1,2752,1,32,4,1,32,0.000,0.000,,,,,NVIDIA GeForce RTX 3090 (0),1,,7,"gemv_kernel_g128(const float4 *, const unsigned int *, const unsigned int *, const __half *, __half *, int, int)"
15647082616,65536,63130,1,2752,1,32,4,1,32,0.000,0.000,,,,,NVIDIA GeForce RTX 3090 (0),1,,7,"gemv_kernel_g128(const float4 *, const unsigned int *, const unsigned int *, const __half *, __half *, int, int)"
15647153368,37664,63134,1,1024,1,32,4,1,32,0.000,0.000,,,,,NVIDIA GeForce RTX 3090 (0),1,,7,"gemv_kernel_g128(const float4 *, const unsigned int *, const unsigned int *, const __half *, __half *, int, int)"
15647211128,87136,63140,1,3072,1,32,4,1,32,0.000,0.000,,,,,NVIDIA GeForce RTX 3090 (0),1,,7,"gemv_kernel_g128(const float4 *, const unsigned int *, const unsigned int *, const __half *, __half *, int, int)"
15649096307,79551,63288,1,1024,1,32,4,1,32,0.000,0.000,,,,,NVIDIA GeForce RTX 3090 (0),1,,7,"gemv_kernel_g128(const float4 *, const unsigned int *, const unsigned int *, const __half *, __half *, int, int)"
15649197298,68448,63294,1,2752,1,32,4,1,32,0.000,0.000,,,,,NVIDIA GeForce RTX 3090 (0),1,,7,"gemv_kernel_g128(const float4 *, const unsigned int *, const unsigned int *, const __half *, __half *, int, int)"
15649267186,70240,63296,1,2752,1,32,4,1,32,0.000,0.000,,,,,NVIDIA GeForce RTX 3090 (0),1,,7,"gemv_kernel_g128(const float4 *, const unsigned int *, const unsigned int *, const __half *, __half *, int, int)"
15649342450,37568,63300,1,1024,1,32,4,1,32,0.000,0.000,,,,,NVIDIA GeForce RTX 3090 (0),1,,7,"gemv_kernel_g128(const float4 *, const unsigned int *, const unsigned int *, const __half *, __half *, int, int)"
15649401170,97663,63306,1,3072,1,32,4,1,32,0.000,0.000,,,,,NVIDIA GeForce RTX 3090 (0),1,,7,"gemv_kernel_g128(const float4 *, const unsigned int *, const unsigned int *, const __half *, __half *, int, int)"
15651335724,74752,63454,1,1024,1,32,4,1,32,0.000,0.000,,,,,NVIDIA GeForce RTX 3090 (0),1,,7,"gemv_kernel_g128(const float4 *, const unsigned int *, const unsigned int *, const __half *, __half *, int, int)"
15651431628,65696,63460,1,2752,1,32,4,1,32,0.000,0.000,,,,,NVIDIA GeForce RTX 3090 (0),1,,7,"gemv_kernel_g128(const float4 *, const unsigned int *, const unsigned int *, const __half *, __half *, int, int)"
15651499212,65184,63462,1,2752,1,32,4,1,32,0.000,0.000,,,,,NVIDIA GeForce RTX 3090 (0),1,,7,"gemv_kernel_g128(const float4 *, const unsigned int *, const unsigned int *, const __half *, __half *, int, int)"
15651569100,37952,63466,1,1024,1,32,4,1,32,0.000,0.000,,,,,NVIDIA GeForce RTX 3090 (0),1,,7,"gemv_kernel_g128(const float4 *, const unsigned int *, const unsigned int *, const __half *, __half *, int, int)"
15651628076,90047,63472,1,3072,1,32,4,1,32,0.000,0.000,,,,,NVIDIA GeForce RTX 3090 (0),1,,7,"gemv_kernel_g128(const float4 *, const unsigned int *, const unsigned int *, const __half *, __half *, int, int)"
15653466854,71904,63620,1,1024,1,32,4,1,32,0.000,0.000,,,,,NVIDIA GeForce RTX 3090 (0),1,,7,"gemv_kernel_g128(const float4 *, const unsigned int *, const unsigned int *, const __half *, __half *, int, int)"
15653560742,66272,63626,1,2752,1,32,4,1,32,0.000,0.000,,,,,NVIDIA GeForce RTX 3090 (0),1,,7,"gemv_kernel_g128(const float4 *, const unsigned int *, const unsigned int *, const __half *, __half *, int, int)"
15653628454,74464,63628,1,2752,1,32,4,1,32,0.000,0.000,,,,,NVIDIA GeForce RTX 3090 (0),1,,7,"gemv_kernel_g128(const float4 *, const unsigned int *, const unsigned int *, const __half *, __half *, int, int)"
15653708102,37472,63632,1,1024,1,32,4,1,32,0.000,0.000,,,,,NVIDIA GeForce RTX 3090 (0),1,,7,"gemv_kernel_g128(const float4 *, const unsigned int *, const unsigned int *, const __half *, __half *, int, int)"
15653766246,88287,63638,1,3072,1,32,4,1,32,0.000,0.000,,,,,NVIDIA GeForce RTX 3090 (0),1,,7,"gemv_kernel_g128(const float4 *, const unsigned int *, const unsigned int *, const __half *, __half *, int, int)"
15655780448,83040,63786,1,1024,1,32,4,1,32,0.000,0.000,,,,,NVIDIA GeForce RTX 3090 (0),1,,7,"gemv_kernel_g128(const float4 *, const unsigned int *, const unsigned int *, const __half *, __half *, int, int)"
15655884928,69888,63792,1,2752,1,32,4,1,32,0.000,0.000,,,,,NVIDIA GeForce RTX 3090 (0),1,,7,"gemv_kernel_g128(const float4 *, const unsigned int *, const unsigned int *, const __half *, __half *, int, int)"
15655956352,67871,63794,1,2752,1,32,4,1,32,0.000,0.000,,,,,NVIDIA GeForce RTX 3090 (0),1,,7,"gemv_kernel_g128(const float4 *, const unsigned int *, const unsigned int *, const __half *, __half *, int, int)"
15656029343,36800,63798,1,1024,1,32,4,1,32,0.000,0.000,,,,,NVIDIA GeForce RTX 3090 (0),1,,7,"gemv_kernel_g128(const float4 *, const unsigned int *, const unsigned int *, const __half *, __half *, int, int)"
15656086911,95168,63804,1,3072,1,32,4,1,32,0.000,0.000,,,,,NVIDIA GeForce RTX 3090 (0),1,,7,"gemv_kernel_g128(const float4 *, const unsigned int *, const unsigned int *, const __half *, __half *, int, int)"
15658168505,79936,63952,1,1024,1,32,4,1,32,0.000,0.000,,,,,NVIDIA GeForce RTX 3090 (0),1,,7,"gemv_kernel_g128(const float4 *, const unsigned int *, const unsigned int *, const __half *, __half *, int, int)"
15658272441,73312,63958,1,2752,1,32,4,1,32,0.000,0.000,,,,,NVIDIA GeForce RTX 3090 (0),1,,7,"gemv_kernel_g128(const float4 *, const unsigned int *, const unsigned int *, const __half *, __half *, int, int)"
15658347289,72864,63960,1,2752,1,32,4,1,32,0.000,0.000,,,,,NVIDIA GeForce RTX 3090 (0),1,,7,"gemv_kernel_g128(const float4 *, const unsigned int *, const unsigned int *, const __half *, __half *, int, int)"
15658424889,37216,63964,1,1024,1,32,4,1,32,0.000,0.000,,,,,NVIDIA GeForce RTX 3090 (0),1,,7,"gemv_kernel_g128(const float4 *, const unsigned int *, const unsigned int *, const __half *, __half *, int, int)"
15658484505,94879,63970,1,3072,1,32,4,1,32,0.000,0.000,,,,,NVIDIA GeForce RTX 3090 (0),1,,7,"gemv_kernel_g128(const float4 *, const unsigned int *, const unsigned int *, const __half *, __half *, int, int)"
15660367571,72064,64118,1,1024,1,32,4,1,32,0.000,0.000,,,,,NVIDIA GeForce RTX 3090 (0),1,,7,"gemv_kernel_g128(const float4 *, const unsigned int *, const unsigned int *, const __half *, __half *, int, int)"
15660461651,66304,64124,1,2752,1,32,4,1,32,0.000,0.000,,,,,NVIDIA GeForce RTX 3090 (0),1,,7,"gemv_kernel_g128(const float4 *, const unsigned int *, const unsigned int *, const __half *, __half *, int, int)"
15660529875,65696,64126,1,2752,1,32,4,1,32,0.000,0.000,,,,,NVIDIA GeForce RTX 3090 (0),1,,7,"gemv_kernel_g128(const float4 *, const unsigned int *, const unsigned int *, const __half *, __half *, int, int)"
15660600403,38656,64130,1,1024,1,32,4,1,32,0.000,0.000,,,,,NVIDIA GeForce RTX 3090 (0),1,,7,"gemv_kernel_g128(const float4 *, const unsigned int *, const unsigned int *, const __half *, __half *, int, int)"
15660659635,87519,64136,1,3072,1,32,4,1,32,0.000,0.000,,,,,NVIDIA GeForce RTX 3090 (0),1,,7,"gemv_kernel_g128(const float4 *, const unsigned int *, const unsigned int *, const __half *, __half *, int, int)"
15662520653,69888,64284,1,1024,1,32,4,1,32,0.000,0.000,,,,,NVIDIA GeForce RTX 3090 (0),1,,7,"gemv_kernel_g128(const float4 *, const unsigned int *, const unsigned int *, const __half *, __half *, int, int)"
15662613261,65888,64290,1,2752,1,32,4,1,32,0.000,0.000,,,,,NVIDIA GeForce RTX 3090 (0),1,,7,"gemv_kernel_g128(const float4 *, const unsigned int *, const unsigned int *, const __half *, __half *, int, int)"
15662680589,66080,64292,1,2752,1,32,4,1,32,0.000,0.000,,,,,NVIDIA GeForce RTX 3090 (0),1,,7,"gemv_kernel_g128(const float4 *, const unsigned int *, const unsigned int *, const __half *, __half *, int, int)"
15662751789,38944,64296,1,1024,1,32,4,1,32,0.000,0.000,,,,,NVIDIA GeForce RTX 3090 (0),1,,7,"gemv_kernel_g128(const float4 *, const unsigned int *, const unsigned int *, const __half *, __half *, int, int)"
15662811693,87263,64302,1,3072,1,32,4,1,32,0.000,0.000,,,,,NVIDIA GeForce RTX 3090 (0),1,,7,"gemv_kernel_g128(const float4 *, const unsigned int *, const unsigned int *, const __half *, __half *, int, int)"
15664669383,70432,64450,1,1024,1,32,4,1,32,0.000,0.000,,,,,NVIDIA GeForce RTX 3090 (0),1,,7,"gemv_kernel_g128(const float4 *, const unsigned int *, const unsigned int *, const __half *, __half *, int, int)"
15664761735,65952,64456,1,2752,1,32,4,1,32,0.000,0.000,,,,,NVIDIA GeForce RTX 3090 (0),1,,7,"gemv_kernel_g128(const float4 *, const unsigned int *, const unsigned int *, const __half *, __half *, int, int)"
15664829095,66112,64458,1,2752,1,32,4,1,32,0.000,0.000,,,,,NVIDIA GeForce RTX 3090 (0),1,,7,"gemv_kernel_g128(const float4 *, const unsigned int *, const unsigned int *, const __half *, __half *, int, int)"
15664900327,38240,64462,1,1024,1,32,4,1,32,0.000,0.000,,,,,NVIDIA GeForce RTX 3090 (0),1,,7,"gemv_kernel_g128(const float4 *, const unsigned int *, const unsigned int *, const __half *, __half *, int, int)"
15664959239,88671,64468,1,3072,1,32,4,1,32,0.000,0.000,,,,,NVIDIA GeForce RTX 3090 (0),1,,7,"gemv_kernel_g128(const float4 *, const unsigned int *, const unsigned int *, const __half *, __half *, int, int)"
15666731426,71616,64616,1,1024,1,32,4,1,32,0.000,0.000,,,,,NVIDIA GeForce RTX 3090 (0),1,,7,"gemv_kernel_g128(const float4 *, const unsigned int *, const unsigned int *, const __half *, __half *, int, int)"
15666825249,65728,64622,1,2752,1,32,4,1,32,0.000,0.000,,,,,NVIDIA GeForce RTX 3090 (0),1,,7,"gemv_kernel_g128(const float4 *, const unsigned int *, const unsigned int *, const __half *, __half *, int, int)"
15666892417,65408,64624,1,2752,1,32,4,1,32,0.000,0.000,,,,,NVIDIA GeForce RTX 3090 (0),1,,7,"gemv_kernel_g128(const float4 *, const unsigned int *, const unsigned int *, const __half *, __half *, int, int)"
15666962497,37952,64628,1,1024,1,32,4,1,32,0.000,0.000,,,,,NVIDIA GeForce RTX 3090 (0),1,,7,"gemv_kernel_g128(const float4 *, const unsigned int *, const unsigned int *, const __half *, __half *, int, int)"
15667021569,86560,64634,1,3072,1,32,4,1,32,0.000,0.000,,,,,NVIDIA GeForce RTX 3090 (0),1,,7,"gemv_kernel_g128(const float4 *, const unsigned int *, const unsigned int *, const __half *, __half *, int, int)"
15669006139,72832,64782,1,1024,1,32,4,1,32,0.000,0.000,,,,,NVIDIA GeForce RTX 3090 (0),1,,7,"gemv_kernel_g128(const float4 *, const unsigned int *, const unsigned int *, const __half *, __half *, int, int)"
15669100667,65408,64788,1,2752,1,32,4,1,32,0.000,0.000,,,,,NVIDIA GeForce RTX 3090 (0),1,,7,"gemv_kernel_g128(const float4 *, const unsigned int *, const unsigned int *, const __half *, __half *, int, int)"
15669167995,66368,64790,1,2752,1,32,4,1,32,0.000,0.000,,,,,NVIDIA GeForce RTX 3090 (0),1,,7,"gemv_kernel_g128(const float4 *, const unsigned int *, const unsigned int *, const __half *, __half *, int, int)"
15669239227,40416,64794,1,1024,1,32,4,1,32,0.000,0.000,,,,,NVIDIA GeForce RTX 3090 (0),1,,7,"gemv_kernel_g128(const float4 *, const unsigned int *, const unsigned int *, const __half *, __half *, int, int)"
15669300891,92447,64800,1,3072,1,32,4,1,32,0.000,0.000,,,,,NVIDIA GeForce RTX 3090 (0),1,,7,"gemv_kernel_g128(const float4 *, const unsigned int *, const unsigned int *, const __half *, __half *, int, int)"
15671541588,74848,64948,1,1024,1,32,4,1,32,0.000,0.000,,,,,NVIDIA GeForce RTX 3090 (0),1,,7,"gemv_kernel_g128(const float4 *, const unsigned int *, const unsigned int *, const __half *, __half *, int, int)"
15671638228,66144,64954,1,2752,1,32,4,1,32,0.000,0.000,,,,,NVIDIA GeForce RTX 3090 (0),1,,7,"gemv_kernel_g128(const float4 *, const unsigned int *, const unsigned int *, const __half *, __half *, int, int)"
15671705780,65888,64956,1,2752,1,32,4,1,32,0.000,0.000,,,,,NVIDIA GeForce RTX 3090 (0),1,,7,"gemv_kernel_g128(const float4 *, const unsigned int *, const unsigned int *, const __half *, __half *, int, int)"
15671776852,37216,64960,1,1024,1,32,4,1,32,0.000,0.000,,,,,NVIDIA GeForce RTX 3090 (0),1,,7,"gemv_kernel_g128(const float4 *, const unsigned int *, const unsigned int *, const __half *, __half *, int, int)"
15671835732,91103,64966,1,3072,1,32,4,1,32,0.000,0.000,,,,,NVIDIA GeForce RTX 3090 (0),1,,7,"gemv_kernel_g128(const float4 *, const unsigned int *, const unsigned int *, const __half *, __half *, int, int)"
15673622607,70623,65114,1,1024,1,32,4,1,32,0.000,0.000,,,,,NVIDIA GeForce RTX 3090 (0),1,,7,"gemv_kernel_g128(const float4 *, const unsigned int *, const unsigned int *, const __half *, __half *, int, int)"
15673715118,66112,65120,1,2752,1,32,4,1,32,0.000,0.000,,,,,NVIDIA GeForce RTX 3090 (0),1,,7,"gemv_kernel_g128(const float4 *, const unsigned int *, const unsigned int *, const __half *, __half *, int, int)"
15673782638,67360,65122,1,2752,1,32,4,1,32,0.000,0.000,,,,,NVIDIA GeForce RTX 3090 (0),1,,7,"gemv_kernel_g128(const float4 *, const unsigned int *, const unsigned int *, const __half *, __half *, int, int)"
15673855182,37536,65126,1,1024,1,32,4,1,32,0.000,0.000,,,,,NVIDIA GeForce RTX 3090 (0),1,,7,"gemv_kernel_g128(const float4 *, const unsigned int *, const unsigned int *, const __half *, __half *, int, int)"
15673913358,91904,65132,1,3072,1,32,4,1,32,0.000,0.000,,,,,NVIDIA GeForce RTX 3090 (0),1,,7,"gemv_kernel_g128(const float4 *, const unsigned int *, const unsigned int *, const __half *, __half *, int, int)"
15675881480,72192,65280,1,1024,1,32,4,1,32,0.000,0.000,,,,,NVIDIA GeForce RTX 3090 (0),1,,7,"gemv_kernel_g128(const float4 *, const unsigned int *, const unsigned int *, const __half *, __half *, int, int)"
15675975912,66336,65286,1,2752,1,32,4,1,32,0.000,0.000,,,,,NVIDIA GeForce RTX 3090 (0),1,,7,"gemv_kernel_g128(const float4 *, const unsigned int *, const unsigned int *, const __half *, __half *, int, int)"
15676043656,65472,65288,1,2752,1,32,4,1,32,0.000,0.000,,,,,NVIDIA GeForce RTX 3090 (0),1,,7,"gemv_kernel_g128(const float4 *, const unsigned int *, const unsigned int *, const __half *, __half *, int, int)"
15676113736,37984,65292,1,1024,1,32,4,1,32,0.000,0.000,,,,,NVIDIA GeForce RTX 3090 (0),1,,7,"gemv_kernel_g128(const float4 *, const unsigned int *, const unsigned int *, const __half *, __half *, int, int)"
15676172392,89023,65298,1,3072,1,32,4,1,32,0.000,0.000,,,,,NVIDIA GeForce RTX 3090 (0),1,,7,"gemv_kernel_g128(const float4 *, const unsigned int *, const unsigned int *, const __half *, __half *, int, int)"
15678063714,73280,65446,1,1024,1,32,4,1,32,0.000,0.000,,,,,NVIDIA GeForce RTX 3090 (0),1,,7,"gemv_kernel_g128(const float4 *, const unsigned int *, const unsigned int *, const __half *, __half *, int, int)"
15678158370,65504,65452,1,2752,1,32,4,1,32,0.000,0.000,,,,,NVIDIA GeForce RTX 3090 (0),1,,7,"gemv_kernel_g128(const float4 *, const unsigned int *, const unsigned int *, const __half *, __half *, int, int)"
15678225698,65632,65454,1,2752,1,32,4,1,32,0.000,0.000,,,,,NVIDIA GeForce RTX 3090 (0),1,,7,"gemv_kernel_g128(const float4 *, const unsigned int *, const unsigned int *, const __half *, __half *, int, int)"
15678296002,38368,65458,1,1024,1,32,4,1,32,0.000,0.000,,,,,NVIDIA GeForce RTX 3090 (0),1,,7,"gemv_kernel_g128(const float4 *, const unsigned int *, const unsigned int *, const __half *, __half *, int, int)"
15678356098,123007,65464,1,3072,1,32,4,1,32,0.000,0.000,,,,,NVIDIA GeForce RTX 3090 (0),1,,7,"gemv_kernel_g128(const float4 *, const unsigned int *, const unsigned int *, const __half *, __half *, int, int)"
15680268508,73696,65612,1,1024,1,32,4,1,32,0.000,0.000,,,,,NVIDIA GeForce RTX 3090 (0),1,,7,"gemv_kernel_g128(const float4 *, const unsigned int *, const unsigned int *, const __half *, __half *, int, int)"
15680363932,66176,65618,1,2752,1,32,4,1,32,0.000,0.000,,,,,NVIDIA GeForce RTX 3090 (0),1,,7,"gemv_kernel_g128(const float4 *, const unsigned int *, const unsigned int *, const __half *, __half *, int, int)"
15680431548,66432,65620,1,2752,1,32,4,1,32,0.000,0.000,,,,,NVIDIA GeForce RTX 3090 (0),1,,7,"gemv_kernel_g128(const float4 *, const unsigned int *, const unsigned int *, const __half *, __half *, int, int)"
15680503100,37568,65624,1,1024,1,32,4,1,32,0.000,0.000,,,,,NVIDIA GeForce RTX 3090 (0),1,,7,"gemv_kernel_g128(const float4 *, const unsigned int *, const unsigned int *, const __half *, __half *, int, int)"
15680561403,90560,65630,1,3072,1,32,4,1,32,0.000,0.000,,,,,NVIDIA GeForce RTX 3090 (0),1,,7,"gemv_kernel_g128(const float4 *, const unsigned int *, const unsigned int *, const __half *, __half *, int, int)"
15682459638,80832,65778,1,1024,1,32,4,1,32,0.000,0.000,,,,,NVIDIA GeForce RTX 3090 (0),1,,7,"gemv_kernel_g128(const float4 *, const unsigned int *, const unsigned int *, const __half *, __half *, int, int)"
15682564278,67904,65784,1,2752,1,32,4,1,32,0.000,0.000,,,,,NVIDIA GeForce RTX 3090 (0),1,,7,"gemv_kernel_g128(const float4 *, const unsigned int *, const unsigned int *, const __half *, __half *, int, int)"
15682633622,67392,65786,1,2752,1,32,4,1,32,0.000,0.000,,,,,NVIDIA GeForce RTX 3090 (0),1,,7,"gemv_kernel_g128(const float4 *, const unsigned int *, const unsigned int *, const __half *, __half *, int, int)"
15682706102,37791,65790,1,1024,1,32,4,1,32,0.000,0.000,,,,,NVIDIA GeForce RTX 3090 (0),1,,7,"gemv_kernel_g128(const float4 *, const unsigned int *, const unsigned int *, const __half *, __half *, int, int)"
15682764565,88864,65796,1,3072,1,32,4,1,32,0.000,0.000,,,,,NVIDIA GeForce RTX 3090 (0),1,,7,"gemv_kernel_g128(const float4 *, const unsigned int *, const unsigned int *, const __half *, __half *, int, int)"
15684669616,71648,65944,1,1024,1,32,4,1,32,0.000,0.000,,,,,NVIDIA GeForce RTX 3090 (0),1,,7,"gemv_kernel_g128(const float4 *, const unsigned int *, const unsigned int *, const __half *, __half *, int, int)"
15684763568,66304,65950,1,2752,1,32,4,1,32,0.000,0.000,,,,,NVIDIA GeForce RTX 3090 (0),1,,7,"gemv_kernel_g128(const float4 *, const unsigned int *, const unsigned int *, const __half *, __half *, int, int)"
15684833104,67135,65952,1,2752,1,32,4,1,32,0.000,0.000,,,,,NVIDIA GeForce RTX 3090 (0),1,,7,"gemv_kernel_g128(const float4 *, const unsigned int *, const unsigned int *, const __half *, __half *, int, int)"
15684905007,37984,65956,1,1024,1,32,4,1,32,0.000,0.000,,,,,NVIDIA GeForce RTX 3090 (0),1,,7,"gemv_kernel_g128(const float4 *, const unsigned int *, const unsigned int *, const __half *, __half *, int, int)"
15684964815,92608,65962,1,3072,1,32,4,1,32,0.000,0.000,,,,,NVIDIA GeForce RTX 3090 (0),1,,7,"gemv_kernel_g128(const float4 *, const unsigned int *, const unsigned int *, const __half *, __half *, int, int)"
15686828682,69408,66110,1,1024,1,32,4,1,32,0.000,0.000,,,,,NVIDIA GeForce RTX 3090 (0),1,,7,"gemv_kernel_g128(const float4 *, const unsigned int *, const unsigned int *, const __half *, __half *, int, int)"
15686919018,65504,66116,1,2752,1,32,4,1,32,0.000,0.000,,,,,NVIDIA GeForce RTX 3090 (0),1,,7,"gemv_kernel_g128(const float4 *, const unsigned int *, const unsigned int *, const __half *, __half *, int, int)"
15686986346,65568,66118,1,2752,1,32,4,1,32,0.000,0.000,,,,,NVIDIA GeForce RTX 3090 (0),1,,7,"gemv_kernel_g128(const float4 *, const unsigned int *, const unsigned int *, const __half *, __half *, int, int)"
15687056617,37280,66122,1,1024,1,32,4,1,32,0.000,0.000,,,,,NVIDIA GeForce RTX 3090 (0),1,,7,"gemv_kernel_g128(const float4 *, const unsigned int *, const unsigned int *, const __half *, __half *, int, int)"
15687114889,92288,66128,1,3072,1,32,4,1,32,0.000,0.000,,,,,NVIDIA GeForce RTX 3090 (0),1,,7,"gemv_kernel_g128(const float4 *, const unsigned int *, const unsigned int *, const __half *, __half *, int, int)"
15688953668,68192,66276,1,1024,1,32,4,1,32,0.000,0.000,,,,,NVIDIA GeForce RTX 3090 (0),1,,7,"gemv_kernel_g128(const float4 *, const unsigned int *, const unsigned int *, const __half *, __half *, int, int)"
15689043268,66016,66282,1,2752,1,32,4,1,32,0.000,0.000,,,,,NVIDIA GeForce RTX 3090 (0),1,,7,"gemv_kernel_g128(const float4 *, const unsigned int *, const unsigned int *, const __half *, __half *, int, int)"
15689110788,65632,66284,1,2752,1,32,4,1,32,0.000,0.000,,,,,NVIDIA GeForce RTX 3090 (0),1,,7,"gemv_kernel_g128(const float4 *, const unsigned int *, const unsigned int *, const __half *, __half *, int, int)"
15689181572,36448,66288,1,1024,1,32,4,1,32,0.000,0.000,,,,,NVIDIA GeForce RTX 3090 (0),1,,7,"gemv_kernel_g128(const float4 *, const unsigned int *, const unsigned int *, const __half *, __half *, int, int)"
15689239555,87232,66294,1,3072,1,32,4,1,32,0.000,0.000,,,,,NVIDIA GeForce RTX 3090 (0),1,,7,"gemv_kernel_g128(const float4 *, const unsigned int *, const unsigned int *, const __half *, __half *, int, int)"
15691058142,71456,66442,1,1024,1,32,4,1,32,0.000,0.000,,,,,NVIDIA GeForce RTX 3090 (0),1,,7,"gemv_kernel_g128(const float4 *, const unsigned int *, const unsigned int *, const __half *, __half *, int, int)"
15691151198,65472,66448,1,2752,1,32,4,1,32,0.000,0.000,,,,,NVIDIA GeForce RTX 3090 (0),1,,7,"gemv_kernel_g128(const float4 *, const unsigned int *, const unsigned int *, const __half *, __half *, int, int)"
15691218142,66208,66450,1,2752,1,32,4,1,32,0.000,0.000,,,,,NVIDIA GeForce RTX 3090 (0),1,,7,"gemv_kernel_g128(const float4 *, const unsigned int *, const unsigned int *, const __half *, __half *, int, int)"
15691289822,38368,66454,1,1024,1,32,4,1,32,0.000,0.000,,,,,NVIDIA GeForce RTX 3090 (0),1,,7,"gemv_kernel_g128(const float4 *, const unsigned int *, const unsigned int *, const __half *, __half *, int, int)"
15691349214,140223,66460,1,8000,1,32,4,1,32,0.000,0.000,,,,,NVIDIA GeForce RTX 3090 (0),1,,7,"gemv_kernel_g128(const float4 *, const unsigned int *, const unsigned int *, const __half *, __half *, int, int)"
15722076681,97727,66474,1,3072,1,32,4,1,32,0.000,0.000,,,,,NVIDIA GeForce RTX 3090 (0),1,,7,"gemv_kernel_g128(const float4 *, const unsigned int *, const unsigned int *, const __half *, __half *, int, int)"
15724339138,109344,66622,1,1024,1,32,4,1,32,0.000,0.000,,,,,NVIDIA GeForce RTX 3090 (0),1,,7,"gemv_kernel_g128(const float4 *, const unsigned int *, const unsigned int *, const __half *, __half *, int, int)"
15724472386,99072,66628,1,2752,1,32,4,1,32,0.000,0.000,,,,,NVIDIA GeForce RTX 3090 (0),1,,7,"gemv_kernel_g128(const float4 *, const unsigned int *, const unsigned int *, const __half *, __half *, int, int)"
15724573218,90111,66630,1,2752,1,32,4,1,32,0.000,0.000,,,,,NVIDIA GeForce RTX 3090 (0),1,,7,"gemv_kernel_g128(const float4 *, const unsigned int *, const unsigned int *, const __half *, __half *, int, int)"
15724668545,38784,66634,1,1024,1,32,4,1,32,0.000,0.000,,,,,NVIDIA GeForce RTX 3090 (0),1,,7,"gemv_kernel_g128(const float4 *, const unsigned int *, const unsigned int *, const __half *, __half *, int, int)"
15724730081,119136,66640,1,3072,1,32,4,1,32,0.000,0.000,,,,,NVIDIA GeForce RTX 3090 (0),1,,7,"gemv_kernel_g128(const float4 *, const unsigned int *, const unsigned int *, const __half *, __half *, int, int)"
15727154043,102015,66788,1,1024,1,32,4,1,32,0.000,0.000,,,,,NVIDIA GeForce RTX 3090 (0),1,,7,"gemv_kernel_g128(const float4 *, const unsigned int *, const unsigned int *, const __half *, __half *, int, int)"
15727279162,83200,66794,1,2752,1,32,4,1,32,0.000,0.000,,,,,NVIDIA GeForce RTX 3090 (0),1,,7,"gemv_kernel_g128(const float4 *, const unsigned int *, const unsigned int *, const __half *, __half *, int, int)"
15727364058,85568,66796,1,2752,1,32,4,1,32,0.000,0.000,,,,,NVIDIA GeForce RTX 3090 (0),1,,7,"gemv_kernel_g128(const float4 *, const unsigned int *, const unsigned int *, const __half *, __half *, int, int)"
15727454330,39136,66800,1,1024,1,32,4,1,32,0.000,0.000,,,,,NVIDIA GeForce RTX 3090 (0),1,,7,"gemv_kernel_g128(const float4 *, const unsigned int *, const unsigned int *, const __half *, __half *, int, int)"
15727514938,106143,66806,1,3072,1,32,4,1,32,0.000,0.000,,,,,NVIDIA GeForce RTX 3090 (0),1,,7,"gemv_kernel_g128(const float4 *, const unsigned int *, const unsigned int *, const __half *, __half *, int, int)"
15729871667,82976,66954,1,1024,1,32,4,1,32,0.000,0.000,,,,,NVIDIA GeForce RTX 3090 (0),1,,7,"gemv_kernel_g128(const float4 *, const unsigned int *, const unsigned int *, const __half *, __half *, int, int)"
15729978387,92703,66960,1,2752,1,32,4,1,32,0.000,0.000,,,,,NVIDIA GeForce RTX 3090 (0),1,,7,"gemv_kernel_g128(const float4 *, const unsigned int *, const unsigned int *, const __half *, __half *, int, int)"
15730073010,91520,66962,1,2752,1,32,4,1,32,0.000,0.000,,,,,NVIDIA GeForce RTX 3090 (0),1,,7,"gemv_kernel_g128(const float4 *, const unsigned int *, const unsigned int *, const __half *, __half *, int, int)"
15730169170,37440,66966,1,1024,1,32,4,1,32,0.000,0.000,,,,,NVIDIA GeForce RTX 3090 (0),1,,7,"gemv_kernel_g128(const float4 *, const unsigned int *, const unsigned int *, const __half *, __half *, int, int)"
15730228114,105824,66972,1,3072,1,32,4,1,32,0.000,0.000,,,,,NVIDIA GeForce RTX 3090 (0),1,,7,"gemv_kernel_g128(const float4 *, const unsigned int *, const unsigned int *, const __half *, __half *, int, int)"
15732427564,80352,67120,1,1024,1,32,4,1,32,0.000,0.000,,,,,NVIDIA GeForce RTX 3090 (0),1,,7,"gemv_kernel_g128(const float4 *, const unsigned int *, const unsigned int *, const __half *, __half *, int, int)"
15732530252,72351,67126,1,2752,1,32,4,1,32,0.000,0.000,,,,,NVIDIA GeForce RTX 3090 (0),1,,7,"gemv_kernel_g128(const float4 *, const unsigned int *, const unsigned int *, const __half *, __half *, int, int)"
15732604011,69792,67128,1,2752,1,32,4,1,32,0.000,0.000,,,,,NVIDIA GeForce RTX 3090 (0),1,,7,"gemv_kernel_g128(const float4 *, const unsigned int *, const unsigned int *, const __half *, __half *, int, int)"
15732679147,37984,67132,1,1024,1,32,4,1,32,0.000,0.000,,,,,NVIDIA GeForce RTX 3090 (0),1,,7,"gemv_kernel_g128(const float4 *, const unsigned int *, const unsigned int *, const __half *, __half *, int, int)"
15732738123,96896,67138,1,3072,1,32,4,1,32,0.000,0.000,,,,,NVIDIA GeForce RTX 3090 (0),1,,7,"gemv_kernel_g128(const float4 *, const unsigned int *, const unsigned int *, const __half *, __half *, int, int)"
15734805701,70496,67286,1,1024,1,32,4,1,32,0.000,0.000,,,,,NVIDIA GeForce RTX 3090 (0),1,,7,"gemv_kernel_g128(const float4 *, const unsigned int *, const unsigned int *, const __half *, __half *, int, int)"
15734898725,65952,67292,1,2752,1,32,4,1,32,0.000,0.000,,,,,NVIDIA GeForce RTX 3090 (0),1,,7,"gemv_kernel_g128(const float4 *, const unsigned int *, const unsigned int *, const __half *, __half *, int, int)"
15734966181,65920,67294,1,2752,1,32,4,1,32,0.000,0.000,,,,,NVIDIA GeForce RTX 3090 (0),1,,7,"gemv_kernel_g128(const float4 *, const unsigned int *, const unsigned int *, const __half *, __half *, int, int)"
15735037221,39008,67298,1,1024,1,32,4,1,32,0.000,0.000,,,,,NVIDIA GeForce RTX 3090 (0),1,,7,"gemv_kernel_g128(const float4 *, const unsigned int *, const unsigned int *, const __half *, __half *, int, int)"
15735096933,89055,67304,1,3072,1,32,4,1,32,0.000,0.000,,,,,NVIDIA GeForce RTX 3090 (0),1,,7,"gemv_kernel_g128(const float4 *, const unsigned int *, const unsigned int *, const __half *, __half *, int, int)"
15736968543,70656,67452,1,1024,1,32,4,1,32,0.000,0.000,,,,,NVIDIA GeForce RTX 3090 (0),1,,7,"gemv_kernel_g128(const float4 *, const unsigned int *, const unsigned int *, const __half *, __half *, int, int)"
15737067487,65568,67458,1,2752,1,32,4,1,32,0.000,0.000,,,,,NVIDIA GeForce RTX 3090 (0),1,,7,"gemv_kernel_g128(const float4 *, const unsigned int *, const unsigned int *, const __half *, __half *, int, int)"
15737134495,66112,67460,1,2752,1,32,4,1,32,0.000,0.000,,,,,NVIDIA GeForce RTX 3090 (0),1,,7,"gemv_kernel_g128(const float4 *, const unsigned int *, const unsigned int *, const __half *, __half *, int, int)"
15737205343,37408,67464,1,1024,1,32,4,1,32,0.000,0.000,,,,,NVIDIA GeForce RTX 3090 (0),1,,7,"gemv_kernel_g128(const float4 *, const unsigned int *, const unsigned int *, const __half *, __half *, int, int)"
15737263423,92703,67470,1,3072,1,32,4,1,32,0.000,0.000,,,,,NVIDIA GeForce RTX 3090 (0),1,,7,"gemv_kernel_g128(const float4 *, const unsigned int *, const unsigned int *, const __half *, __half *, int, int)"
15739536344,121632,67618,1,1024,1,32,4,1,32,0.000,0.000,,,,,NVIDIA GeForce RTX 3090 (0),1,,7,"gemv_kernel_g128(const float4 *, const unsigned int *, const unsigned int *, const __half *, __half *, int, int)"
15739684984,110432,67624,1,2752,1,32,4,1,32,0.000,0.000,,,,,NVIDIA GeForce RTX 3090 (0),1,,7,"gemv_kernel_g128(const float4 *, const unsigned int *, const unsigned int *, const __half *, __half *, int, int)"
15739797688,114303,67626,1,2752,1,32,4,1,32,0.000,0.000,,,,,NVIDIA GeForce RTX 3090 (0),1,,7,"gemv_kernel_g128(const float4 *, const unsigned int *, const unsigned int *, const __half *, __half *, int, int)"
15739916855,38304,67630,1,1024,1,32,4,1,32,0.000,0.000,,,,,NVIDIA GeForce RTX 3090 (0),1,,7,"gemv_kernel_g128(const float4 *, const unsigned int *, const unsigned int *, const __half *, __half *, int, int)"
15739978263,121856,67636,1,3072,1,32,4,1,32,0.000,0.000,,,,,NVIDIA GeForce RTX 3090 (0),1,,7,"gemv_kernel_g128(const float4 *, const unsigned int *, const unsigned int *, const __half *, __half *, int, int)"
15742413872,477183,67784,1,1024,1,32,4,1,32,0.000,0.000,,,,,NVIDIA GeForce RTX 3090 (0),1,,7,"gemv_kernel_g128(const float4 *, const unsigned int *, const unsigned int *, const __half *, __half *, int, int)"
15742913263,66240,67790,1,2752,1,32,4,1,32,0.000,0.000,,,,,NVIDIA GeForce RTX 3090 (0),1,,7,"gemv_kernel_g128(const float4 *, const unsigned int *, const unsigned int *, const __half *, __half *, int, int)"
15742980975,66304,67792,1,2752,1,32,4,1,32,0.000,0.000,,,,,NVIDIA GeForce RTX 3090 (0),1,,7,"gemv_kernel_g128(const float4 *, const unsigned int *, const unsigned int *, const __half *, __half *, int, int)"
15743052591,37823,67796,1,1024,1,32,4,1,32,0.000,0.000,,,,,NVIDIA GeForce RTX 3090 (0),1,,7,"gemv_kernel_g128(const float4 *, const unsigned int *, const unsigned int *, const __half *, __half *, int, int)"
15743111374,94752,67802,1,3072,1,32,4,1,32,0.000,0.000,,,,,NVIDIA GeForce RTX 3090 (0),1,,7,"gemv_kernel_g128(const float4 *, const unsigned int *, const unsigned int *, const __half *, __half *, int, int)"
15745256456,90720,67950,1,1024,1,32,4,1,32,0.000,0.000,,,,,NVIDIA GeForce RTX 3090 (0),1,,7,"gemv_kernel_g128(const float4 *, const unsigned int *, const unsigned int *, const __half *, __half *, int, int)"
15745373384,81312,67956,1,2752,1,32,4,1,32,0.000,0.000,,,,,NVIDIA GeForce RTX 3090 (0),1,,7,"gemv_kernel_g128(const float4 *, const unsigned int *, const unsigned int *, const __half *, __half *, int, int)"
15745460040,82336,67958,1,2752,1,32,4,1,32,0.000,0.000,,,,,NVIDIA GeForce RTX 3090 (0),1,,7,"gemv_kernel_g128(const float4 *, const unsigned int *, const unsigned int *, const __half *, __half *, int, int)"
15745551848,38495,67962,1,1024,1,32,4,1,32,0.000,0.000,,,,,NVIDIA GeForce RTX 3090 (0),1,,7,"gemv_kernel_g128(const float4 *, const unsigned int *, const unsigned int *, const __half *, __half *, int, int)"
15745621863,94496,67968,1,3072,1,32,4,1,32,0.000,0.000,,,,,NVIDIA GeForce RTX 3090 (0),1,,7,"gemv_kernel_g128(const float4 *, const unsigned int *, const unsigned int *, const __half *, __half *, int, int)"
15747567522,79424,68116,1,1024,1,32,4,1,32,0.000,0.000,,,,,NVIDIA GeForce RTX 3090 (0),1,,7,"gemv_kernel_g128(const float4 *, const unsigned int *, const unsigned int *, const __half *, __half *, int, int)"
15747668866,69344,68122,1,2752,1,32,4,1,32,0.000,0.000,,,,,NVIDIA GeForce RTX 3090 (0),1,,7,"gemv_kernel_g128(const float4 *, const unsigned int *, const unsigned int *, const __half *, __half *, int, int)"
15747739682,68415,68124,1,2752,1,32,4,1,32,0.000,0.000,,,,,NVIDIA GeForce RTX 3090 (0),1,,7,"gemv_kernel_g128(const float4 *, const unsigned int *, const unsigned int *, const __half *, __half *, int, int)"
15747812737,37984,68128,1,1024,1,32,4,1,32,0.000,0.000,,,,,NVIDIA GeForce RTX 3090 (0),1,,7,"gemv_kernel_g128(const float4 *, const unsigned int *, const unsigned int *, const __half *, __half *, int, int)"
15747871585,97376,68134,1,3072,1,32,4,1,32,0.000,0.000,,,,,NVIDIA GeForce RTX 3090 (0),1,,7,"gemv_kernel_g128(const float4 *, const unsigned int *, const unsigned int *, const __half *, __half *, int, int)"
15749863036,71647,68282,1,1024,1,32,4,1,32,0.000,0.000,,,,,NVIDIA GeForce RTX 3090 (0),1,,7,"gemv_kernel_g128(const float4 *, const unsigned int *, const unsigned int *, const __half *, __half *, int, int)"
15749956251,67584,68288,1,2752,1,32,4,1,32,0.000,0.000,,,,,NVIDIA GeForce RTX 3090 (0),1,,7,"gemv_kernel_g128(const float4 *, const unsigned int *, const unsigned int *, const __half *, __half *, int, int)"
15750025691,68896,68290,1,2752,1,32,4,1,32,0.000,0.000,,,,,NVIDIA GeForce RTX 3090 (0),1,,7,"gemv_kernel_g128(const float4 *, const unsigned int *, const unsigned int *, const __half *, __half *, int, int)"
15750099451,37504,68294,1,1024,1,32,4,1,32,0.000,0.000,,,,,NVIDIA GeForce RTX 3090 (0),1,,7,"gemv_kernel_g128(const float4 *, const unsigned int *, const unsigned int *, const __half *, __half *, int, int)"
15750157851,94048,68300,1,3072,1,32,4,1,32,0.000,0.000,,,,,NVIDIA GeForce RTX 3090 (0),1,,7,"gemv_kernel_g128(const float4 *, const unsigned int *, const unsigned int *, const __half *, __half *, int, int)"
15752221237,78432,68448,1,1024,1,32,4,1,32,0.000,0.000,,,,,NVIDIA GeForce RTX 3090 (0),1,,7,"gemv_kernel_g128(const float4 *, const unsigned int *, const unsigned int *, const __half *, __half *, int, int)"
15752321461,65376,68454,1,2752,1,32,4,1,32,0.000,0.000,,,,,NVIDIA GeForce RTX 3090 (0),1,,7,"gemv_kernel_g128(const float4 *, const unsigned int *, const unsigned int *, const __half *, __half *, int, int)"
15752388245,67615,68456,1,2752,1,32,4,1,32,0.000,0.000,,,,,NVIDIA GeForce RTX 3090 (0),1,,7,"gemv_kernel_g128(const float4 *, const unsigned int *, const unsigned int *, const __half *, __half *, int, int)"
15752461012,38848,68460,1,1024,1,32,4,1,32,0.000,0.000,,,,,NVIDIA GeForce RTX 3090 (0),1,,7,"gemv_kernel_g128(const float4 *, const unsigned int *, const unsigned int *, const __half *, __half *, int, int)"
15752521012,87712,68466,1,3072,1,32,4,1,32,0.000,0.000,,,,,NVIDIA GeForce RTX 3090 (0),1,,7,"gemv_kernel_g128(const float4 *, const unsigned int *, const unsigned int *, const __half *, __half *, int, int)"
15754556687,75359,68614,1,1024,1,32,4,1,32,0.000,0.000,,,,,NVIDIA GeForce RTX 3090 (0),1,,7,"gemv_kernel_g128(const float4 *, const unsigned int *, const unsigned int *, const __half *, __half *, int, int)"
15754653742,66208,68620,1,2752,1,32,4,1,32,0.000,0.000,,,,,NVIDIA GeForce RTX 3090 (0),1,,7,"gemv_kernel_g128(const float4 *, const unsigned int *, const unsigned int *, const __half *, __half *, int, int)"
15754721358,67040,68622,1,2752,1,32,4,1,32,0.000,0.000,,,,,NVIDIA GeForce RTX 3090 (0),1,,7,"gemv_kernel_g128(const float4 *, const unsigned int *, const unsigned int *, const __half *, __half *, int, int)"
15754793550,39072,68626,1,1024,1,32,4,1,32,0.000,0.000,,,,,NVIDIA GeForce RTX 3090 (0),1,,7,"gemv_kernel_g128(const float4 *, const unsigned int *, const unsigned int *, const __half *, __half *, int, int)"
15754880878,124671,68632,1,3072,1,32,4,1,32,0.000,0.000,,,,,NVIDIA GeForce RTX 3090 (0),1,,7,"gemv_kernel_g128(const float4 *, const unsigned int *, const unsigned int *, const __half *, __half *, int, int)"
15757085480,74527,68780,1,1024,1,32,4,1,32,0.000,0.000,,,,,NVIDIA GeForce RTX 3090 (0),1,,7,"gemv_kernel_g128(const float4 *, const unsigned int *, const unsigned int *, const __half *, __half *, int, int)"
15757181927,66464,68786,1,2752,1,32,4,1,32,0.000,0.000,,,,,NVIDIA GeForce RTX 3090 (0),1,,7,"gemv_kernel_g128(const float4 *, const unsigned int *, const unsigned int *, const __half *, __half *, int, int)"
15757249895,67456,68788,1,2752,1,32,4,1,32,0.000,0.000,,,,,NVIDIA GeForce RTX 3090 (0),1,,7,"gemv_kernel_g128(const float4 *, const unsigned int *, const unsigned int *, const __half *, __half *, int, int)"
15757322343,38656,68792,1,1024,1,32,4,1,32,0.000,0.000,,,,,NVIDIA GeForce RTX 3090 (0),1,,7,"gemv_kernel_g128(const float4 *, const unsigned int *, const unsigned int *, const __half *, __half *, int, int)"
15757381959,91488,68798,1,3072,1,32,4,1,32,0.000,0.000,,,,,NVIDIA GeForce RTX 3090 (0),1,,7,"gemv_kernel_g128(const float4 *, const unsigned int *, const unsigned int *, const __half *, __half *, int, int)"
15759623521,78015,68946,1,1024,1,32,4,1,32,0.000,0.000,,,,,NVIDIA GeForce RTX 3090 (0),1,,7,"gemv_kernel_g128(const float4 *, const unsigned int *, const unsigned int *, const __half *, __half *, int, int)"
15759722720,70528,68952,1,2752,1,32,4,1,32,0.000,0.000,,,,,NVIDIA GeForce RTX 3090 (0),1,,7,"gemv_kernel_g128(const float4 *, const unsigned int *, const unsigned int *, const __half *, __half *, int, int)"
15759795232,69536,68954,1,2752,1,32,4,1,32,0.000,0.000,,,,,NVIDIA GeForce RTX 3090 (0),1,,7,"gemv_kernel_g128(const float4 *, const unsigned int *, const unsigned int *, const __half *, __half *, int, int)"
15759869344,37888,68958,1,1024,1,32,4,1,32,0.000,0.000,,,,,NVIDIA GeForce RTX 3090 (0),1,,7,"gemv_kernel_g128(const float4 *, const unsigned int *, const unsigned int *, const __half *, __half *, int, int)"
15760160543,89056,68964,1,3072,1,32,4,1,32,0.000,0.000,,,,,NVIDIA GeForce RTX 3090 (0),1,,7,"gemv_kernel_g128(const float4 *, const unsigned int *, const unsigned int *, const __half *, __half *, int, int)"
15762144282,68511,69112,1,1024,1,32,4,1,32,0.000,0.000,,,,,NVIDIA GeForce RTX 3090 (0),1,,7,"gemv_kernel_g128(const float4 *, const unsigned int *, const unsigned int *, const __half *, __half *, int, int)"
15762234137,69184,69118,1,2752,1,32,4,1,32,0.000,0.000,,,,,NVIDIA GeForce RTX 3090 (0),1,,7,"gemv_kernel_g128(const float4 *, const unsigned int *, const unsigned int *, const __half *, __half *, int, int)"
15762304761,65184,69120,1,2752,1,32,4,1,32,0.000,0.000,,,,,NVIDIA GeForce RTX 3090 (0),1,,7,"gemv_kernel_g128(const float4 *, const unsigned int *, const unsigned int *, const __half *, __half *, int, int)"
15762375001,37280,69124,1,1024,1,32,4,1,32,0.000,0.000,,,,,NVIDIA GeForce RTX 3090 (0),1,,7,"gemv_kernel_g128(const float4 *, const unsigned int *, const unsigned int *, const __half *, __half *, int, int)"
15762434073,90208,69130,1,3072,1,32,4,1,32,0.000,0.000,,,,,NVIDIA GeForce RTX 3090 (0),1,,7,"gemv_kernel_g128(const float4 *, const unsigned int *, const unsigned int *, const __half *, __half *, int, int)"
15764526771,71552,69278,1,1024,1,32,4,1,32,0.000,0.000,,,,,NVIDIA GeForce RTX 3090 (0),1,,7,"gemv_kernel_g128(const float4 *, const unsigned int *, const unsigned int *, const __half *, __half *, int, int)"
15764620787,65024,69284,1,2752,1,32,4,1,32,0.000,0.000,,,,,NVIDIA GeForce RTX 3090 (0),1,,7,"gemv_kernel_g128(const float4 *, const unsigned int *, const unsigned int *, const __half *, __half *, int, int)"
15764687283,64351,69286,1,2752,1,32,4,1,32,0.000,0.000,,,,,NVIDIA GeForce RTX 3090 (0),1,,7,"gemv_kernel_g128(const float4 *, const unsigned int *, const unsigned int *, const __half *, __half *, int, int)"
15764756882,36960,69290,1,1024,1,32,4,1,32,0.000,0.000,,,,,NVIDIA GeForce RTX 3090 (0),1,,7,"gemv_kernel_g128(const float4 *, const unsigned int *, const unsigned int *, const __half *, __half *, int, int)"
15764815602,94848,69296,1,3072,1,32,4,1,32,0.000,0.000,,,,,NVIDIA GeForce RTX 3090 (0),1,,7,"gemv_kernel_g128(const float4 *, const unsigned int *, const unsigned int *, const __half *, __half *, int, int)"
15767095148,73152,69444,1,1024,1,32,4,1,32,0.000,0.000,,,,,NVIDIA GeForce RTX 3090 (0),1,,7,"gemv_kernel_g128(const float4 *, const unsigned int *, const unsigned int *, const __half *, __half *, int, int)"
15767190252,69343,69450,1,2752,1,32,4,1,32,0.000,0.000,,,,,NVIDIA GeForce RTX 3090 (0),1,,7,"gemv_kernel_g128(const float4 *, const unsigned int *, const unsigned int *, const __half *, __half *, int, int)"
15767261067,65664,69452,1,2752,1,32,4,1,32,0.000,0.000,,,,,NVIDIA GeForce RTX 3090 (0),1,,7,"gemv_kernel_g128(const float4 *, const unsigned int *, const unsigned int *, const __half *, __half *, int, int)"
15767331499,38624,69456,1,1024,1,32,4,1,32,0.000,0.000,,,,,NVIDIA GeForce RTX 3090 (0),1,,7,"gemv_kernel_g128(const float4 *, const unsigned int *, const unsigned int *, const __half *, __half *, int, int)"
15767390987,87040,69462,1,3072,1,32,4,1,32,0.000,0.000,,,,,NVIDIA GeForce RTX 3090 (0),1,,7,"gemv_kernel_g128(const float4 *, const unsigned int *, const unsigned int *, const __half *, __half *, int, int)"
15769480805,71616,69610,1,1024,1,32,4,1,32,0.000,0.000,,,,,NVIDIA GeForce RTX 3090 (0),1,,7,"gemv_kernel_g128(const float4 *, const unsigned int *, const unsigned int *, const __half *, __half *, int, int)"
15769574149,66624,69616,1,2752,1,32,4,1,32,0.000,0.000,,,,,NVIDIA GeForce RTX 3090 (0),1,,7,"gemv_kernel_g128(const float4 *, const unsigned int *, const unsigned int *, const __half *, __half *, int, int)"
15769642565,65280,69618,1,2752,1,32,4,1,32,0.000,0.000,,,,,NVIDIA GeForce RTX 3090 (0),1,,7,"gemv_kernel_g128(const float4 *, const unsigned int *, const unsigned int *, const __half *, __half *, int, int)"
15769712517,38400,69622,1,1024,1,32,4,1,32,0.000,0.000,,,,,NVIDIA GeForce RTX 3090 (0),1,,7,"gemv_kernel_g128(const float4 *, const unsigned int *, const unsigned int *, const __half *, __half *, int, int)"
15769772165,91423,69628,1,3072,1,32,4,1,32,0.000,0.000,,,,,NVIDIA GeForce RTX 3090 (0),1,,7,"gemv_kernel_g128(const float4 *, const unsigned int *, const unsigned int *, const __half *, __half *, int, int)"
15772075966,70880,69776,1,1024,1,32,4,1,32,0.000,0.000,,,,,NVIDIA GeForce RTX 3090 (0),1,,7,"gemv_kernel_g128(const float4 *, const unsigned int *, const unsigned int *, const __half *, __half *, int, int)"
15772168798,65728,69782,1,2752,1,32,4,1,32,0.000,0.000,,,,,NVIDIA GeForce RTX 3090 (0),1,,7,"gemv_kernel_g128(const float4 *, const unsigned int *, const unsigned int *, const __half *, __half *, int, int)"
15772235902,64992,69784,1,2752,1,32,4,1,32,0.000,0.000,,,,,NVIDIA GeForce RTX 3090 (0),1,,7,"gemv_kernel_g128(const float4 *, const unsigned int *, const unsigned int *, const __half *, __half *, int, int)"
15772306078,38687,69788,1,1024,1,32,4,1,32,0.000,0.000,,,,,NVIDIA GeForce RTX 3090 (0),1,,7,"gemv_kernel_g128(const float4 *, const unsigned int *, const unsigned int *, const __half *, __half *, int, int)"
15772366301,90944,69794,1,3072,1,32,4,1,32,0.000,0.000,,,,,NVIDIA GeForce RTX 3090 (0),1,,7,"gemv_kernel_g128(const float4 *, const unsigned int *, const unsigned int *, const __half *, __half *, int, int)"
15774653015,71040,69942,1,1024,1,32,4,1,32,0.000,0.000,,,,,NVIDIA GeForce RTX 3090 (0),1,,7,"gemv_kernel_g128(const float4 *, const unsigned int *, const unsigned int *, const __half *, __half *, int, int)"
15774746391,67456,69948,1,2752,1,32,4,1,32,0.000,0.000,,,,,NVIDIA GeForce RTX 3090 (0),1,,7,"gemv_kernel_g128(const float4 *, const unsigned int *, const unsigned int *, const __half *, __half *, int, int)"
15774815287,67583,69950,1,2752,1,32,4,1,32,0.000,0.000,,,,,NVIDIA GeForce RTX 3090 (0),1,,7,"gemv_kernel_g128(const float4 *, const unsigned int *, const unsigned int *, const __half *, __half *, int, int)"
15774887926,37952,69954,1,1024,1,32,4,1,32,0.000,0.000,,,,,NVIDIA GeForce RTX 3090 (0),1,,7,"gemv_kernel_g128(const float4 *, const unsigned int *, const unsigned int *, const __half *, __half *, int, int)"
15774951350,90272,69960,1,3072,1,32,4,1,32,0.000,0.000,,,,,NVIDIA GeForce RTX 3090 (0),1,,7,"gemv_kernel_g128(const float4 *, const unsigned int *, const unsigned int *, const __half *, __half *, int, int)"
15777068944,75520,70108,1,1024,1,32,4,1,32,0.000,0.000,,,,,NVIDIA GeForce RTX 3090 (0),1,,7,"gemv_kernel_g128(const float4 *, const unsigned int *, const unsigned int *, const __half *, __half *, int, int)"
15777166352,65760,70114,1,2752,1,32,4,1,32,0.000,0.000,,,,,NVIDIA GeForce RTX 3090 (0),1,,7,"gemv_kernel_g128(const float4 *, const unsigned int *, const unsigned int *, const __half *, __half *, int, int)"
15777233584,67264,70116,1,2752,1,32,4,1,32,0.000,0.000,,,,,NVIDIA GeForce RTX 3090 (0),1,,7,"gemv_kernel_g128(const float4 *, const unsigned int *, const unsigned int *, const __half *, __half *, int, int)"
15777305488,37792,70120,1,1024,1,32,4,1,32,0.000,0.000,,,,,NVIDIA GeForce RTX 3090 (0),1,,7,"gemv_kernel_g128(const float4 *, const unsigned int *, const unsigned int *, const __half *, __half *, int, int)"
15777365488,90591,70126,1,3072,1,32,4,1,32,0.000,0.000,,,,,NVIDIA GeForce RTX 3090 (0),1,,7,"gemv_kernel_g128(const float4 *, const unsigned int *, const unsigned int *, const __half *, __half *, int, int)"
15779676105,83744,70274,1,1024,1,32,4,1,32,0.000,0.000,,,,,NVIDIA GeForce RTX 3090 (0),1,,7,"gemv_kernel_g128(const float4 *, const unsigned int *, const unsigned int *, const __half *, __half *, int, int)"
15779782121,70880,70280,1,2752,1,32,4,1,32,0.000,0.000,,,,,NVIDIA GeForce RTX 3090 (0),1,,7,"gemv_kernel_g128(const float4 *, const unsigned int *, const unsigned int *, const __half *, __half *, int, int)"
15779854889,78015,70282,1,2752,1,32,4,1,32,0.000,0.000,,,,,NVIDIA GeForce RTX 3090 (0),1,,7,"gemv_kernel_g128(const float4 *, const unsigned int *, const unsigned int *, const __half *, __half *, int, int)"
15779937640,38176,70286,1,1024,1,32,4,1,32,0.000,0.000,,,,,NVIDIA GeForce RTX 3090 (0),1,,7,"gemv_kernel_g128(const float4 *, const unsigned int *, const unsigned int *, const __half *, __half *, int, int)"
15779997672,101056,70292,1,3072,1,32,4,1,32,0.000,0.000,,,,,NVIDIA GeForce RTX 3090 (0),1,,7,"gemv_kernel_g128(const float4 *, const unsigned int *, const unsigned int *, const __half *, __half *, int, int)"
15782566241,122336,70440,1,1024,1,32,4,1,32,0.000,0.000,,,,,NVIDIA GeForce RTX 3090 (0),1,,7,"gemv_kernel_g128(const float4 *, const unsigned int *, const unsigned int *, const __half *, __half *, int, int)"
15782711137,68096,70446,1,2752,1,32,4,1,32,0.000,0.000,,,,,NVIDIA GeForce RTX 3090 (0),1,,7,"gemv_kernel_g128(const float4 *, const unsigned int *, const unsigned int *, const __half *, __half *, int, int)"
15782780737,68671,70448,1,2752,1,32,4,1,32,0.000,0.000,,,,,NVIDIA GeForce RTX 3090 (0),1,,7,"gemv_kernel_g128(const float4 *, const unsigned int *, const unsigned int *, const __half *, __half *, int, int)"
15782854816,37056,70452,1,1024,1,32,4,1,32,0.000,0.000,,,,,NVIDIA GeForce RTX 3090 (0),1,,7,"gemv_kernel_g128(const float4 *, const unsigned int *, const unsigned int *, const __half *, __half *, int, int)"
15782913696,88256,70458,1,3072,1,32,4,1,32,0.000,0.000,,,,,NVIDIA GeForce RTX 3090 (0),1,,7,"gemv_kernel_g128(const float4 *, const unsigned int *, const unsigned int *, const __half *, __half *, int, int)"
15784996538,71680,70606,1,1024,1,32,4,1,32,0.000,0.000,,,,,NVIDIA GeForce RTX 3090 (0),1,,7,"gemv_kernel_g128(const float4 *, const unsigned int *, const unsigned int *, const __half *, __half *, int, int)"
15785089786,65344,70612,1,2752,1,32,4,1,32,0.000,0.000,,,,,NVIDIA GeForce RTX 3090 (0),1,,7,"gemv_kernel_g128(const float4 *, const unsigned int *, const unsigned int *, const __half *, __half *, int, int)"
15785156634,64896,70614,1,2752,1,32,4,1,32,0.000,0.000,,,,,NVIDIA GeForce RTX 3090 (0),1,,7,"gemv_kernel_g128(const float4 *, const unsigned int *, const unsigned int *, const __half *, __half *, int, int)"
15785226618,37568,70618,1,1024,1,32,4,1,32,0.000,0.000,,,,,NVIDIA GeForce RTX 3090 (0),1,,7,"gemv_kernel_g128(const float4 *, const unsigned int *, const unsigned int *, const __half *, __half *, int, int)"
15785284826,87935,70624,1,3072,1,32,4,1,32,0.000,0.000,,,,,NVIDIA GeForce RTX 3090 (0),1,,7,"gemv_kernel_g128(const float4 *, const unsigned int *, const unsigned int *, const __half *, __half *, int, int)"
15787622291,75680,70772,1,1024,1,32,4,1,32,0.000,0.000,,,,,NVIDIA GeForce RTX 3090 (0),1,,7,"gemv_kernel_g128(const float4 *, const unsigned int *, const unsigned int *, const __half *, __half *, int, int)"
15787720467,75936,70778,1,2752,1,32,4,1,32,0.000,0.000,,,,,NVIDIA GeForce RTX 3090 (0),1,,7,"gemv_kernel_g128(const float4 *, const unsigned int *, const unsigned int *, const __half *, __half *, int, int)"
15787797843,70879,70780,1,2752,1,32,4,1,32,0.000,0.000,,,,,NVIDIA GeForce RTX 3090 (0),1,,7,"gemv_kernel_g128(const float4 *, const unsigned int *, const unsigned int *, const __half *, __half *, int, int)"
15787873746,37728,70784,1,1024,1,32,4,1,32,0.000,0.000,,,,,NVIDIA GeForce RTX 3090 (0),1,,7,"gemv_kernel_g128(const float4 *, const unsigned int *, const unsigned int *, const __half *, __half *, int, int)"
15787932786,97792,70790,1,3072,1,32,4,1,32,0.000,0.000,,,,,NVIDIA GeForce RTX 3090 (0),1,,7,"gemv_kernel_g128(const float4 *, const unsigned int *, const unsigned int *, const __half *, __half *, int, int)"
15790284364,78496,70938,1,1024,1,32,4,1,32,0.000,0.000,,,,,NVIDIA GeForce RTX 3090 (0),1,,7,"gemv_kernel_g128(const float4 *, const unsigned int *, const unsigned int *, const __half *, __half *, int, int)"
15790384139,66464,70944,1,2752,1,32,4,1,32,0.000,0.000,,,,,NVIDIA GeForce RTX 3090 (0),1,,7,"gemv_kernel_g128(const float4 *, const unsigned int *, const unsigned int *, const __half *, __half *, int, int)"
15790452523,66528,70946,1,2752,1,32,4,1,32,0.000,0.000,,,,,NVIDIA GeForce RTX 3090 (0),1,,7,"gemv_kernel_g128(const float4 *, const unsigned int *, const unsigned int *, const __half *, __half *, int, int)"
15790523659,36800,70950,1,1024,1,32,4,1,32,0.000,0.000,,,,,NVIDIA GeForce RTX 3090 (0),1,,7,"gemv_kernel_g128(const float4 *, const unsigned int *, const unsigned int *, const __half *, __half *, int, int)"
15790586667,93344,70956,1,3072,1,32,4,1,32,0.000,0.000,,,,,NVIDIA GeForce RTX 3090 (0),1,,7,"gemv_kernel_g128(const float4 *, const unsigned int *, const unsigned int *, const __half *, __half *, int, int)"
15792893637,79903,71104,1,1024,1,32,4,1,32,0.000,0.000,,,,,NVIDIA GeForce RTX 3090 (0),1,,7,"gemv_kernel_g128(const float4 *, const unsigned int *, const unsigned int *, const __half *, __half *, int, int)"
15792995940,67424,71110,1,2752,1,32,4,1,32,0.000,0.000,,,,,NVIDIA GeForce RTX 3090 (0),1,,7,"gemv_kernel_g128(const float4 *, const unsigned int *, const unsigned int *, const __half *, __half *, int, int)"
15793064836,67584,71112,1,2752,1,32,4,1,32,0.000,0.000,,,,,NVIDIA GeForce RTX 3090 (0),1,,7,"gemv_kernel_g128(const float4 *, const unsigned int *, const unsigned int *, const __half *, __half *, int, int)"
15793137572,36800,71116,1,1024,1,32,4,1,32,0.000,0.000,,,,,NVIDIA GeForce RTX 3090 (0),1,,7,"gemv_kernel_g128(const float4 *, const unsigned int *, const unsigned int *, const __half *, __half *, int, int)"
15793195876,95839,71122,1,3072,1,32,4,1,32,0.000,0.000,,,,,NVIDIA GeForce RTX 3090 (0),1,,7,"gemv_kernel_g128(const float4 *, const unsigned int *, const unsigned int *, const __half *, __half *, int, int)"
15795401086,77471,71270,1,1024,1,32,4,1,32,0.000,0.000,,,,,NVIDIA GeForce RTX 3090 (0),1,,7,"gemv_kernel_g128(const float4 *, const unsigned int *, const unsigned int *, const __half *, __half *, int, int)"
15795501885,66368,71276,1,2752,1,32,4,1,32,0.000,0.000,,,,,NVIDIA GeForce RTX 3090 (0),1,,7,"gemv_kernel_g128(const float4 *, const unsigned int *, const unsigned int *, const __half *, __half *, int, int)"
15795569725,67872,71278,1,2752,1,32,4,1,32,0.000,0.000,,,,,NVIDIA GeForce RTX 3090 (0),1,,7,"gemv_kernel_g128(const float4 *, const unsigned int *, const unsigned int *, const __half *, __half *, int, int)"
15795642781,37920,71282,1,1024,1,32,4,1,32,0.000,0.000,,,,,NVIDIA GeForce RTX 3090 (0),1,,7,"gemv_kernel_g128(const float4 *, const unsigned int *, const unsigned int *, const __half *, __half *, int, int)"
15795701821,88960,71288,1,3072,1,32,4,1,32,0.000,0.000,,,,,NVIDIA GeForce RTX 3090 (0),1,,7,"gemv_kernel_g128(const float4 *, const unsigned int *, const unsigned int *, const __half *, __half *, int, int)"
15797945271,74399,71436,1,1024,1,32,4,1,32,0.000,0.000,,,,,NVIDIA GeForce RTX 3090 (0),1,,7,"gemv_kernel_g128(const float4 *, const unsigned int *, const unsigned int *, const __half *, __half *, int, int)"
15798041590,66624,71442,1,2752,1,32,4,1,32,0.000,0.000,,,,,NVIDIA GeForce RTX 3090 (0),1,,7,"gemv_kernel_g128(const float4 *, const unsigned int *, const unsigned int *, const __half *, __half *, int, int)"
15798109750,67424,71444,1,2752,1,32,4,1,32,0.000,0.000,,,,,NVIDIA GeForce RTX 3090 (0),1,,7,"gemv_kernel_g128(const float4 *, const unsigned int *, const unsigned int *, const __half *, __half *, int, int)"
15798181846,37568,71448,1,1024,1,32,4,1,32,0.000,0.000,,,,,NVIDIA GeForce RTX 3090 (0),1,,7,"gemv_kernel_g128(const float4 *, const unsigned int *, const unsigned int *, const __half *, __half *, int, int)"
15798240950,100031,71454,1,3072,1,32,4,1,32,0.000,0.000,,,,,NVIDIA GeForce RTX 3090 (0),1,,7,"gemv_kernel_g128(const float4 *, const unsigned int *, const unsigned int *, const __half *, __half *, int, int)"
15800553263,82464,71602,1,1024,1,32,4,1,32,0.000,0.000,,,,,NVIDIA GeForce RTX 3090 (0),1,,7,"gemv_kernel_g128(const float4 *, const unsigned int *, const unsigned int *, const __half *, __half *, int, int)"
15800657743,71040,71608,1,2752,1,32,4,1,32,0.000,0.000,,,,,NVIDIA GeForce RTX 3090 (0),1,,7,"gemv_kernel_g128(const float4 *, const unsigned int *, const unsigned int *, const __half *, __half *, int, int)"
15800730703,69440,71610,1,2752,1,32,4,1,32,0.000,0.000,,,,,NVIDIA GeForce RTX 3090 (0),1,,7,"gemv_kernel_g128(const float4 *, const unsigned int *, const unsigned int *, const __half *, __half *, int, int)"
15800805071,38656,71614,1,1024,1,32,4,1,32,0.000,0.000,,,,,NVIDIA GeForce RTX 3090 (0),1,,7,"gemv_kernel_g128(const float4 *, const unsigned int *, const unsigned int *, const __half *, __half *, int, int)"
15800866734,97024,71620,1,3072,1,32,4,1,32,0.000,0.000,,,,,NVIDIA GeForce RTX 3090 (0),1,,7,"gemv_kernel_g128(const float4 *, const unsigned int *, const unsigned int *, const __half *, __half *, int, int)"
15803964582,75712,71768,1,1024,1,32,4,1,32,0.000,0.000,,,,,NVIDIA GeForce RTX 3090 (0),1,,7,"gemv_kernel_g128(const float4 *, const unsigned int *, const unsigned int *, const __half *, __half *, int, int)"
15804062022,68255,71774,1,2752,1,32,4,1,32,0.000,0.000,,,,,NVIDIA GeForce RTX 3090 (0),1,,7,"gemv_kernel_g128(const float4 *, const unsigned int *, const unsigned int *, const __half *, __half *, int, int)"
15804131717,65472,71776,1,2752,1,32,4,1,32,0.000,0.000,,,,,NVIDIA GeForce RTX 3090 (0),1,,7,"gemv_kernel_g128(const float4 *, const unsigned int *, const unsigned int *, const __half *, __half *, int, int)"
15804202277,38592,71780,1,1024,1,32,4,1,32,0.000,0.000,,,,,NVIDIA GeForce RTX 3090 (0),1,,7,"gemv_kernel_g128(const float4 *, const unsigned int *, const unsigned int *, const __half *, __half *, int, int)"
15804261829,160480,71786,1,8000,1,32,4,1,32,0.000,0.000,,,,,NVIDIA GeForce RTX 3090 (0),1,,7,"gemv_kernel_g128(const float4 *, const unsigned int *, const unsigned int *, const __half *, __half *, int, int)"
15835368591,155232,71800,1,3072,1,32,4,1,32,0.000,0.000,,,,,NVIDIA GeForce RTX 3090 (0),1,,7,"gemv_kernel_g128(const float4 *, const unsigned int *, const unsigned int *, const __half *, __half *, int, int)"
15837511913,75104,71948,1,1024,1,32,4,1,32,0.000,0.000,,,,,NVIDIA GeForce RTX 3090 (0),1,,7,"gemv_kernel_g128(const float4 *, const unsigned int *, const unsigned int *, const __half *, __half *, int, int)"
15837609257,68992,71954,1,2752,1,32,4,1,32,0.000,0.000,,,,,NVIDIA GeForce RTX 3090 (0),1,,7,"gemv_kernel_g128(const float4 *, const unsigned int *, const unsigned int *, const __half *, __half *, int, int)"
15837679689,66335,71956,1,2752,1,32,4,1,32,0.000,0.000,,,,,NVIDIA GeForce RTX 3090 (0),1,,7,"gemv_kernel_g128(const float4 *, const unsigned int *, const unsigned int *, const __half *, __half *, int, int)"
15837751272,38560,71960,1,1024,1,32,4,1,32,0.000,0.000,,,,,NVIDIA GeForce RTX 3090 (0),1,,7,"gemv_kernel_g128(const float4 *, const unsigned int *, const unsigned int *, const __half *, __half *, int, int)"
15837811720,92256,71966,1,3072,1,32,4,1,32,0.000,0.000,,,,,NVIDIA GeForce RTX 3090 (0),1,,7,"gemv_kernel_g128(const float4 *, const unsigned int *, const unsigned int *, const __half *, __half *, int, int)"
15839834531,75359,72114,1,1024,1,32,4,1,32,0.000,0.000,,,,,NVIDIA GeForce RTX 3090 (0),1,,7,"gemv_kernel_g128(const float4 *, const unsigned int *, const unsigned int *, const __half *, __half *, int, int)"
15839931426,67520,72120,1,2752,1,32,4,1,32,0.000,0.000,,,,,NVIDIA GeForce RTX 3090 (0),1,,7,"gemv_kernel_g128(const float4 *, const unsigned int *, const unsigned int *, const __half *, __half *, int, int)"
15840000322,66016,72122,1,2752,1,32,4,1,32,0.000,0.000,,,,,NVIDIA GeForce RTX 3090 (0),1,,7,"gemv_kernel_g128(const float4 *, const unsigned int *, const unsigned int *, const __half *, __half *, int, int)"
15840071842,37344,72126,1,1024,1,32,4,1,32,0.000,0.000,,,,,NVIDIA GeForce RTX 3090 (0),1,,7,"gemv_kernel_g128(const float4 *, const unsigned int *, const unsigned int *, const __half *, __half *, int, int)"
15840130050,90656,72132,1,3072,1,32,4,1,32,0.000,0.000,,,,,NVIDIA GeForce RTX 3090 (0),1,,7,"gemv_kernel_g128(const float4 *, const unsigned int *, const unsigned int *, const __half *, __half *, int, int)"
15842072124,81088,72280,1,1024,1,32,4,1,32,0.000,0.000,,,,,NVIDIA GeForce RTX 3090 (0),1,,7,"gemv_kernel_g128(const float4 *, const unsigned int *, const unsigned int *, const __half *, __half *, int, int)"
15842176028,74080,72286,1,2752,1,32,4,1,32,0.000,0.000,,,,,NVIDIA GeForce RTX 3090 (0),1,,7,"gemv_kernel_g128(const float4 *, const unsigned int *, const unsigned int *, const __half *, __half *, int, int)"
15842251548,79936,72288,1,2752,1,32,4,1,32,0.000,0.000,,,,,NVIDIA GeForce RTX 3090 (0),1,,7,"gemv_kernel_g128(const float4 *, const unsigned int *, const unsigned int *, const __half *, __half *, int, int)"
15842336572,38432,72292,1,1024,1,32,4,1,32,0.000,0.000,,,,,NVIDIA GeForce RTX 3090 (0),1,,7,"gemv_kernel_g128(const float4 *, const unsigned int *, const unsigned int *, const __half *, __half *, int, int)"
15842395900,89567,72298,1,3072,1,32,4,1,32,0.000,0.000,,,,,NVIDIA GeForce RTX 3090 (0),1,,7,"gemv_kernel_g128(const float4 *, const unsigned int *, const unsigned int *, const __half *, __half *, int, int)"
15844245654,78720,72446,1,1024,1,32,4,1,32,0.000,0.000,,,,,NVIDIA GeForce RTX 3090 (0),1,,7,"gemv_kernel_g128(const float4 *, const unsigned int *, const unsigned int *, const __half *, __half *, int, int)"
15844346358,69248,72452,1,2752,1,32,4,1,32,0.000,0.000,,,,,NVIDIA GeForce RTX 3090 (0),1,,7,"gemv_kernel_g128(const float4 *, const unsigned int *, const unsigned int *, const __half *, __half *, int, int)"
15844417526,69664,72454,1,2752,1,32,4,1,32,0.000,0.000,,,,,NVIDIA GeForce RTX 3090 (0),1,,7,"gemv_kernel_g128(const float4 *, const unsigned int *, const unsigned int *, const __half *, __half *, int, int)"
15844491894,38560,72458,1,1024,1,32,4,1,32,0.000,0.000,,,,,NVIDIA GeForce RTX 3090 (0),1,,7,"gemv_kernel_g128(const float4 *, const unsigned int *, const unsigned int *, const __half *, __half *, int, int)"
15844551350,93919,72464,1,3072,1,32,4,1,32,0.000,0.000,,,,,NVIDIA GeForce RTX 3090 (0),1,,7,"gemv_kernel_g128(const float4 *, const unsigned int *, const unsigned int *, const __half *, __half *, int, int)"
15846335473,73887,72612,1,1024,1,32,4,1,32,0.000,0.000,,,,,NVIDIA GeForce RTX 3090 (0),1,,7,"gemv_kernel_g128(const float4 *, const unsigned int *, const unsigned int *, const __half *, __half *, int, int)"
15846431440,66592,72618,1,2752,1,32,4,1,32,0.000,0.000,,,,,NVIDIA GeForce RTX 3090 (0),1,,7,"gemv_kernel_g128(const float4 *, const unsigned int *, const unsigned int *, const __half *, __half *, int, int)"
15846499472,67008,72620,1,2752,1,32,4,1,32,0.000,0.000,,,,,NVIDIA GeForce RTX 3090 (0),1,,7,"gemv_kernel_g128(const float4 *, const unsigned int *, const unsigned int *, const __half *, __half *, int, int)"
15846571568,38464,72624,1,1024,1,32,4,1,32,0.000,0.000,,,,,NVIDIA GeForce RTX 3090 (0),1,,7,"gemv_kernel_g128(const float4 *, const unsigned int *, const unsigned int *, const __half *, __half *, int, int)"
15846631952,95072,72630,1,3072,1,32,4,1,32,0.000,0.000,,,,,NVIDIA GeForce RTX 3090 (0),1,,7,"gemv_kernel_g128(const float4 *, const unsigned int *, const unsigned int *, const __half *, __half *, int, int)"
15848428043,125183,72778,1,1024,1,32,4,1,32,0.000,0.000,,,,,NVIDIA GeForce RTX 3090 (0),1,,7,"gemv_kernel_g128(const float4 *, const unsigned int *, const unsigned int *, const __half *, __half *, int, int)"
15848580362,103936,72784,1,2752,1,32,4,1,32,0.000,0.000,,,,,NVIDIA GeForce RTX 3090 (0),1,,7,"gemv_kernel_g128(const float4 *, const unsigned int *, const unsigned int *, const __half *, __half *, int, int)"
15848685770,94272,72786,1,2752,1,32,4,1,32,0.000,0.000,,,,,NVIDIA GeForce RTX 3090 (0),1,,7,"gemv_kernel_g128(const float4 *, const unsigned int *, const unsigned int *, const __half *, __half *, int, int)"
15848785386,37568,72790,1,1024,1,32,4,1,32,0.000,0.000,,,,,NVIDIA GeForce RTX 3090 (0),1,,7,"gemv_kernel_g128(const float4 *, const unsigned int *, const unsigned int *, const __half *, __half *, int, int)"
15848847690,128415,72796,1,3072,1,32,4,1,32,0.000,0.000,,,,,NVIDIA GeForce RTX 3090 (0),1,,7,"gemv_kernel_g128(const float4 *, const unsigned int *, const unsigned int *, const __half *, __half *, int, int)"
15851218339,469311,72944,1,1024,1,32,4,1,32,0.000,0.000,,,,,NVIDIA GeForce RTX 3090 (0),1,,7,"gemv_kernel_g128(const float4 *, const unsigned int *, const unsigned int *, const __half *, __half *, int, int)"
15851709058,71392,72950,1,2752,1,32,4,1,32,0.000,0.000,,,,,NVIDIA GeForce RTX 3090 (0),1,,7,"gemv_kernel_g128(const float4 *, const unsigned int *, const unsigned int *, const __half *, __half *, int, int)"
15851781826,72159,72952,1,2752,1,32,4,1,32,0.000,0.000,,,,,NVIDIA GeForce RTX 3090 (0),1,,7,"gemv_kernel_g128(const float4 *, const unsigned int *, const unsigned int *, const __half *, __half *, int, int)"
15851858689,38144,72956,1,1024,1,32,4,1,32,0.000,0.000,,,,,NVIDIA GeForce RTX 3090 (0),1,,7,"gemv_kernel_g128(const float4 *, const unsigned int *, const unsigned int *, const __half *, __half *, int, int)"
15851917761,99232,72962,1,3072,1,32,4,1,32,0.000,0.000,,,,,NVIDIA GeForce RTX 3090 (0),1,,7,"gemv_kernel_g128(const float4 *, const unsigned int *, const unsigned int *, const __half *, __half *, int, int)"
15853998427,83200,73110,1,1024,1,32,4,1,32,0.000,0.000,,,,,NVIDIA GeForce RTX 3090 (0),1,,7,"gemv_kernel_g128(const float4 *, const unsigned int *, const unsigned int *, const __half *, __half *, int, int)"
15854103035,67136,73116,1,2752,1,32,4,1,32,0.000,0.000,,,,,NVIDIA GeForce RTX 3090 (0),1,,7,"gemv_kernel_g128(const float4 *, const unsigned int *, const unsigned int *, const __half *, __half *, int, int)"
15854172027,67552,73118,1,2752,1,32,4,1,32,0.000,0.000,,,,,NVIDIA GeForce RTX 3090 (0),1,,7,"gemv_kernel_g128(const float4 *, const unsigned int *, const unsigned int *, const __half *, __half *, int, int)"
15854244315,38400,73122,1,1024,1,32,4,1,32,0.000,0.000,,,,,NVIDIA GeForce RTX 3090 (0),1,,7,"gemv_kernel_g128(const float4 *, const unsigned int *, const unsigned int *, const __half *, __half *, int, int)"
15854308955,91231,73128,1,3072,1,32,4,1,32,0.000,0.000,,,,,NVIDIA GeForce RTX 3090 (0),1,,7,"gemv_kernel_g128(const float4 *, const unsigned int *, const unsigned int *, const __half *, __half *, int, int)"
15856248789,85280,73276,1,1024,1,32,4,1,32,0.000,0.000,,,,,NVIDIA GeForce RTX 3090 (0),1,,7,"gemv_kernel_g128(const float4 *, const unsigned int *, const unsigned int *, const __half *, __half *, int, int)"
15856357301,87296,73282,1,2752,1,32,4,1,32,0.000,0.000,,,,,NVIDIA GeForce RTX 3090 (0),1,,7,"gemv_kernel_g128(const float4 *, const unsigned int *, const unsigned int *, const __half *, __half *, int, int)"
15856446037,71871,73284,1,2752,1,32,4,1,32,0.000,0.000,,,,,NVIDIA GeForce RTX 3090 (0),1,,7,"gemv_kernel_g128(const float4 *, const unsigned int *, const unsigned int *, const __half *, __half *, int, int)"
15856522996,38464,73288,1,1024,1,32,4,1,32,0.000,0.000,,,,,NVIDIA GeForce RTX 3090 (0),1,,7,"gemv_kernel_g128(const float4 *, const unsigned int *, const unsigned int *, const __half *, __half *, int, int)"
15856583092,90496,73294,1,3072,1,32,4,1,32,0.000,0.000,,,,,NVIDIA GeForce RTX 3090 (0),1,,7,"gemv_kernel_g128(const float4 *, const unsigned int *, const unsigned int *, const __half *, __half *, int, int)"
15858826446,73440,73442,1,1024,1,32,4,1,32,0.000,0.000,,,,,NVIDIA GeForce RTX 3090 (0),1,,7,"gemv_kernel_g128(const float4 *, const unsigned int *, const unsigned int *, const __half *, __half *, int, int)"
15858922126,65536,73448,1,2752,1,32,4,1,32,0.000,0.000,,,,,NVIDIA GeForce RTX 3090 (0),1,,7,"gemv_kernel_g128(const float4 *, const unsigned int *, const unsigned int *, const __half *, __half *, int, int)"
15858989070,65983,73450,1,2752,1,32,4,1,32,0.000,0.000,,,,,NVIDIA GeForce RTX 3090 (0),1,,7,"gemv_kernel_g128(const float4 *, const unsigned int *, const unsigned int *, const __half *, __half *, int, int)"
15859060173,39136,73454,1,1024,1,32,4,1,32,0.000,0.000,,,,,NVIDIA GeForce RTX 3090 (0),1,,7,"gemv_kernel_g128(const float4 *, const unsigned int *, const unsigned int *, const __half *, __half *, int, int)"
15859120013,87200,73460,1,3072,1,32,4,1,32,0.000,0.000,,,,,NVIDIA GeForce RTX 3090 (0),1,,7,"gemv_kernel_g128(const float4 *, const unsigned int *, const unsigned int *, const __half *, __half *, int, int)"
15861000168,74656,73608,1,1024,1,32,4,1,32,0.000,0.000,,,,,NVIDIA GeForce RTX 3090 (0),1,,7,"gemv_kernel_g128(const float4 *, const unsigned int *, const unsigned int *, const __half *, __half *, int, int)"
15861097224,66944,73614,1,2752,1,32,4,1,32,0.000,0.000,,,,,NVIDIA GeForce RTX 3090 (0),1,,7,"gemv_kernel_g128(const float4 *, const unsigned int *, const unsigned int *, const __half *, __half *, int, int)"
15861165608,65919,73616,1,2752,1,32,4,1,32,0.000,0.000,,,,,NVIDIA GeForce RTX 3090 (0),1,,7,"gemv_kernel_g128(const float4 *, const unsigned int *, const unsigned int *, const __half *, __half *, int, int)"
15861236199,37408,73620,1,1024,1,32,4,1,32,0.000,0.000,,,,,NVIDIA GeForce RTX 3090 (0),1,,7,"gemv_kernel_g128(const float4 *, const unsigned int *, const unsigned int *, const __half *, __half *, int, int)"
15861294439,89120,73626,1,3072,1,32,4,1,32,0.000,0.000,,,,,NVIDIA GeForce RTX 3090 (0),1,,7,"gemv_kernel_g128(const float4 *, const unsigned int *, const unsigned int *, const __half *, __half *, int, int)"
15863154402,70912,73774,1,1024,1,32,4,1,32,0.000,0.000,,,,,NVIDIA GeForce RTX 3090 (0),1,,7,"gemv_kernel_g128(const float4 *, const unsigned int *, const unsigned int *, const __half *, __half *, int, int)"
15863246562,66912,73780,1,2752,1,32,4,1,32,0.000,0.000,,,,,NVIDIA GeForce RTX 3090 (0),1,,7,"gemv_kernel_g128(const float4 *, const unsigned int *, const unsigned int *, const __half *, __half *, int, int)"
15863315362,68191,73782,1,2752,1,32,4,1,32,0.000,0.000,,,,,NVIDIA GeForce RTX 3090 (0),1,,7,"gemv_kernel_g128(const float4 *, const unsigned int *, const unsigned int *, const __half *, __half *, int, int)"
15863388289,38688,73786,1,1024,1,32,4,1,32,0.000,0.000,,,,,NVIDIA GeForce RTX 3090 (0),1,,7,"gemv_kernel_g128(const float4 *, const unsigned int *, const unsigned int *, const __half *, __half *, int, int)"
15863448257,96352,73792,1,3072,1,32,4,1,32,0.000,0.000,,,,,NVIDIA GeForce RTX 3090 (0),1,,7,"gemv_kernel_g128(const float4 *, const unsigned int *, const unsigned int *, const __half *, __half *, int, int)"
15865614843,76800,73940,1,1024,1,32,4,1,32,0.000,0.000,,,,,NVIDIA GeForce RTX 3090 (0),1,,7,"gemv_kernel_g128(const float4 *, const unsigned int *, const unsigned int *, const __half *, __half *, int, int)"
15865714171,66560,73946,1,2752,1,32,4,1,32,0.000,0.000,,,,,NVIDIA GeForce RTX 3090 (0),1,,7,"gemv_kernel_g128(const float4 *, const unsigned int *, const unsigned int *, const __half *, __half *, int, int)"
15865782235,71872,73948,1,2752,1,32,4,1,32,0.000,0.000,,,,,NVIDIA GeForce RTX 3090 (0),1,,7,"gemv_kernel_g128(const float4 *, const unsigned int *, const unsigned int *, const __half *, __half *, int, int)"
15865859163,38079,73952,1,1024,1,32,4,1,32,0.000,0.000,,,,,NVIDIA GeForce RTX 3090 (0),1,,7,"gemv_kernel_g128(const float4 *, const unsigned int *, const unsigned int *, const __half *, __half *, int, int)"
15865918586,92224,73958,1,3072,1,32,4,1,32,0.000,0.000,,,,,NVIDIA GeForce RTX 3090 (0),1,,7,"gemv_kernel_g128(const float4 *, const unsigned int *, const unsigned int *, const __half *, __half *, int, int)"
15868290612,85056,74106,1,1024,1,32,4,1,32,0.000,0.000,,,,,NVIDIA GeForce RTX 3090 (0),1,,7,"gemv_kernel_g128(const float4 *, const unsigned int *, const unsigned int *, const __half *, __half *, int, int)"
15868397876,78751,74112,1,2752,1,32,4,1,32,0.000,0.000,,,,,NVIDIA GeForce RTX 3090 (0),1,,7,"gemv_kernel_g128(const float4 *, const unsigned int *, const unsigned int *, const __half *, __half *, int, int)"
15868478483,75200,74114,1,2752,1,32,4,1,32,0.000,0.000,,,,,NVIDIA GeForce RTX 3090 (0),1,,7,"gemv_kernel_g128(const float4 *, const unsigned int *, const unsigned int *, const __half *, __half *, int, int)"
15868558803,38752,74118,1,1024,1,32,4,1,32,0.000,0.000,,,,,NVIDIA GeForce RTX 3090 (0),1,,7,"gemv_kernel_g128(const float4 *, const unsigned int *, const unsigned int *, const __half *, __half *, int, int)"
15868618547,103552,74124,1,3072,1,32,4,1,32,0.000,0.000,,,,,NVIDIA GeForce RTX 3090 (0),1,,7,"gemv_kernel_g128(const float4 *, const unsigned int *, const unsigned int *, const __half *, __half *, int, int)"
15871591179,72992,74272,1,1024,1,32,4,1,32,0.000,0.000,,,,,NVIDIA GeForce RTX 3090 (0),1,,7,"gemv_kernel_g128(const float4 *, const unsigned int *, const unsigned int *, const __half *, __half *, int, int)"
15871685930,66816,74278,1,2752,1,32,4,1,32,0.000,0.000,,,,,NVIDIA GeForce RTX 3090 (0),1,,7,"gemv_kernel_g128(const float4 *, const unsigned int *, const unsigned int *, const __half *, __half *, int, int)"
15871754090,65120,74280,1,2752,1,32,4,1,32,0.000,0.000,,,,,NVIDIA GeForce RTX 3090 (0),1,,7,"gemv_kernel_g128(const float4 *, const unsigned int *, const unsigned int *, const __half *, __half *, int, int)"
15871824010,37280,74284,1,1024,1,32,4,1,32,0.000,0.000,,,,,NVIDIA GeForce RTX 3090 (0),1,,7,"gemv_kernel_g128(const float4 *, const unsigned int *, const unsigned int *, const __half *, __half *, int, int)"
15871882474,471839,74290,1,3072,1,32,4,1,32,0.000,0.000,,,,,NVIDIA GeForce RTX 3090 (0),1,,7,"gemv_kernel_g128(const float4 *, const unsigned int *, const unsigned int *, const __half *, __half *, int, int)"
15874283043,72192,74438,1,1024,1,32,4,1,32,0.000,0.000,,,,,NVIDIA GeForce RTX 3090 (0),1,,7,"gemv_kernel_g128(const float4 *, const unsigned int *, const unsigned int *, const __half *, __half *, int, int)"
15874376899,65792,74444,1,2752,1,32,4,1,32,0.000,0.000,,,,,NVIDIA GeForce RTX 3090 (0),1,,7,"gemv_kernel_g128(const float4 *, const unsigned int *, const unsigned int *, const __half *, __half *, int, int)"
15874444515,65120,74446,1,2752,1,32,4,1,32,0.000,0.000,,,,,NVIDIA GeForce RTX 3090 (0),1,,7,"gemv_kernel_g128(const float4 *, const unsigned int *, const unsigned int *, const __half *, __half *, int, int)"
15874514275,37824,74450,1,1024,1,32,4,1,32,0.000,0.000,,,,,NVIDIA GeForce RTX 3090 (0),1,,7,"gemv_kernel_g128(const float4 *, const unsigned int *, const unsigned int *, const __half *, __half *, int, int)"
15874573058,88224,74456,1,3072,1,32,4,1,32,0.000,0.000,,,,,NVIDIA GeForce RTX 3090 (0),1,,7,"gemv_kernel_g128(const float4 *, const unsigned int *, const unsigned int *, const __half *, __half *, int, int)"
15876512413,75584,74604,1,1024,1,32,4,1,32,0.000,0.000,,,,,NVIDIA GeForce RTX 3090 (0),1,,7,"gemv_kernel_g128(const float4 *, const unsigned int *, const unsigned int *, const __half *, __half *, int, int)"
15876610045,65856,74610,1,2752,1,32,4,1,32,0.000,0.000,,,,,NVIDIA GeForce RTX 3090 (0),1,,7,"gemv_kernel_g128(const float4 *, const unsigned int *, const unsigned int *, const __half *, __half *, int, int)"
15876677437,88063,74612,1,2752,1,32,4,1,32,0.000,0.000,,,,,NVIDIA GeForce RTX 3090 (0),1,,7,"gemv_kernel_g128(const float4 *, const unsigned int *, const unsigned int *, const __half *, __half *, int, int)"
15876770716,39072,74616,1,1024,1,32,4,1,32,0.000,0.000,,,,,NVIDIA GeForce RTX 3090 (0),1,,7,"gemv_kernel_g128(const float4 *, const unsigned int *, const unsigned int *, const __half *, __half *, int, int)"
15876831164,94080,74622,1,3072,1,32,4,1,32,0.000,0.000,,,,,NVIDIA GeForce RTX 3090 (0),1,,7,"gemv_kernel_g128(const float4 *, const unsigned int *, const unsigned int *, const __half *, __half *, int, int)"
15878881559,68415,74770,1,1024,1,32,4,1,32,0.000,0.000,,,,,NVIDIA GeForce RTX 3090 (0),1,,7,"gemv_kernel_g128(const float4 *, const unsigned int *, const unsigned int *, const __half *, __half *, int, int)"
15878971894,65344,74776,1,2752,1,32,4,1,32,0.000,0.000,,,,,NVIDIA GeForce RTX 3090 (0),1,,7,"gemv_kernel_g128(const float4 *, const unsigned int *, const unsigned int *, const __half *, __half *, int, int)"
15879038646,66496,74778,1,2752,1,32,4,1,32,0.000,0.000,,,,,NVIDIA GeForce RTX 3090 (0),1,,7,"gemv_kernel_g128(const float4 *, const unsigned int *, const unsigned int *, const __half *, __half *, int, int)"
15879110262,37312,74782,1,1024,1,32,4,1,32,0.000,0.000,,,,,NVIDIA GeForce RTX 3090 (0),1,,7,"gemv_kernel_g128(const float4 *, const unsigned int *, const unsigned int *, const __half *, __half *, int, int)"
15879167862,91744,74788,1,3072,1,32,4,1,32,0.000,0.000,,,,,NVIDIA GeForce RTX 3090 (0),1,,7,"gemv_kernel_g128(const float4 *, const unsigned int *, const unsigned int *, const __half *, __half *, int, int)"
15881241264,75616,74936,1,1024,1,32,4,1,32,0.000,0.000,,,,,NVIDIA GeForce RTX 3090 (0),1,,7,"gemv_kernel_g128(const float4 *, const unsigned int *, const unsigned int *, const __half *, __half *, int, int)"
15881338448,65920,74942,1,2752,1,32,4,1,32,0.000,0.000,,,,,NVIDIA GeForce RTX 3090 (0),1,,7,"gemv_kernel_g128(const float4 *, const unsigned int *, const unsigned int *, const __half *, __half *, int, int)"
15881405744,64447,74944,1,2752,1,32,4,1,32,0.000,0.000,,,,,NVIDIA GeForce RTX 3090 (0),1,,7,"gemv_kernel_g128(const float4 *, const unsigned int *, const unsigned int *, const __half *, __half *, int, int)"
15881474895,39424,74948,1,1024,1,32,4,1,32,0.000,0.000,,,,,NVIDIA GeForce RTX 3090 (0),1,,7,"gemv_kernel_g128(const float4 *, const unsigned int *, const unsigned int *, const __half *, __half *, int, int)"
15881535631,92640,74954,1,3072,1,32,4,1,32,0.000,0.000,,,,,NVIDIA GeForce RTX 3090 (0),1,,7,"gemv_kernel_g128(const float4 *, const unsigned int *, const unsigned int *, const __half *, __half *, int, int)"
15883507818,68416,75102,1,1024,1,32,4,1,32,0.000,0.000,,,,,NVIDIA GeForce RTX 3090 (0),1,,7,"gemv_kernel_g128(const float4 *, const unsigned int *, const unsigned int *, const __half *, __half *, int, int)"
15883597257,74880,75108,1,2752,1,32,4,1,32,0.000,0.000,,,,,NVIDIA GeForce RTX 3090 (0),1,,7,"gemv_kernel_g128(const float4 *, const unsigned int *, const unsigned int *, const __half *, __half *, int, int)"
15883674089,67904,75110,1,2752,1,32,4,1,32,0.000,0.000,,,,,NVIDIA GeForce RTX 3090 (0),1,,7,"gemv_kernel_g128(const float4 *, const unsigned int *, const unsigned int *, const __half *, __half *, int, int)"
15883746729,40640,75114,1,1024,1,32,4,1,32,0.000,0.000,,,,,NVIDIA GeForce RTX 3090 (0),1,,7,"gemv_kernel_g128(const float4 *, const unsigned int *, const unsigned int *, const __half *, __half *, int, int)"
15883809609,98944,75120,1,3072,1,32,4,1,32,0.000,0.000,,,,,NVIDIA GeForce RTX 3090 (0),1,,7,"gemv_kernel_g128(const float4 *, const unsigned int *, const unsigned int *, const __half *, __half *, int, int)"
15885767363,74944,75268,1,1024,1,32,4,1,32,0.000,0.000,,,,,NVIDIA GeForce RTX 3090 (0),1,,7,"gemv_kernel_g128(const float4 *, const unsigned int *, const unsigned int *, const __half *, __half *, int, int)"
15885864035,66208,75274,1,2752,1,32,4,1,32,0.000,0.000,,,,,NVIDIA GeForce RTX 3090 (0),1,,7,"gemv_kernel_g128(const float4 *, const unsigned int *, const unsigned int *, const __half *, __half *, int, int)"
15885931651,64640,75276,1,2752,1,32,4,1,32,0.000,0.000,,,,,NVIDIA GeForce RTX 3090 (0),1,,7,"gemv_kernel_g128(const float4 *, const unsigned int *, const unsigned int *, const __half *, __half *, int, int)"
15886001411,37920,75280,1,1024,1,32,4,1,32,0.000,0.000,,,,,NVIDIA GeForce RTX 3090 (0),1,,7,"gemv_kernel_g128(const float4 *, const unsigned int *, const unsigned int *, const __half *, __half *, int, int)"
15886061475,89855,75286,1,3072,1,32,4,1,32,0.000,0.000,,,,,NVIDIA GeForce RTX 3090 (0),1,,7,"gemv_kernel_g128(const float4 *, const unsigned int *, const unsigned int *, const __half *, __half *, int, int)"
15888087389,69312,75434,1,1024,1,32,4,1,32,0.000,0.000,,,,,NVIDIA GeForce RTX 3090 (0),1,,7,"gemv_kernel_g128(const float4 *, const unsigned int *, const unsigned int *, const __half *, __half *, int, int)"
15888177853,65920,75440,1,2752,1,32,4,1,32,0.000,0.000,,,,,NVIDIA GeForce RTX 3090 (0),1,,7,"gemv_kernel_g128(const float4 *, const unsigned int *, const unsigned int *, const __half *, __half *, int, int)"
15888245277,65503,75442,1,2752,1,32,4,1,32,0.000,0.000,,,,,NVIDIA GeForce RTX 3090 (0),1,,7,"gemv_kernel_g128(const float4 *, const unsigned int *, const unsigned int *, const __half *, __half *, int, int)"
15888315996,37824,75446,1,1024,1,32,4,1,32,0.000,0.000,,,,,NVIDIA GeForce RTX 3090 (0),1,,7,"gemv_kernel_g128(const float4 *, const unsigned int *, const unsigned int *, const __half *, __half *, int, int)"
15888375292,90016,75452,1,3072,1,32,4,1,32,0.000,0.000,,,,,NVIDIA GeForce RTX 3090 (0),1,,7,"gemv_kernel_g128(const float4 *, const unsigned int *, const unsigned int *, const __half *, __half *, int, int)"
15890297943,71776,75600,1,1024,1,32,4,1,32,0.000,0.000,,,,,NVIDIA GeForce RTX 3090 (0),1,,7,"gemv_kernel_g128(const float4 *, const unsigned int *, const unsigned int *, const __half *, __half *, int, int)"
15890391383,65312,75606,1,2752,1,32,4,1,32,0.000,0.000,,,,,NVIDIA GeForce RTX 3090 (0),1,,7,"gemv_kernel_g128(const float4 *, const unsigned int *, const unsigned int *, const __half *, __half *, int, int)"
15890458135,65311,75608,1,2752,1,32,4,1,32,0.000,0.000,,,,,NVIDIA GeForce RTX 3090 (0),1,,7,"gemv_kernel_g128(const float4 *, const unsigned int *, const unsigned int *, const __half *, __half *, int, int)"
15890528054,36928,75612,1,1024,1,32,4,1,32,0.000,0.000,,,,,NVIDIA GeForce RTX 3090 (0),1,,7,"gemv_kernel_g128(const float4 *, const unsigned int *, const unsigned int *, const __half *, __half *, int, int)"
15890586294,94688,75618,1,3072,1,32,4,1,32,0.000,0.000,,,,,NVIDIA GeForce RTX 3090 (0),1,,7,"gemv_kernel_g128(const float4 *, const unsigned int *, const unsigned int *, const __half *, __half *, int, int)"
15892811056,76064,75766,1,1024,1,32,4,1,32,0.000,0.000,,,,,NVIDIA GeForce RTX 3090 (0),1,,7,"gemv_kernel_g128(const float4 *, const unsigned int *, const unsigned int *, const __half *, __half *, int, int)"
15892908816,66016,75772,1,2752,1,32,4,1,32,0.000,0.000,,,,,NVIDIA GeForce RTX 3090 (0),1,,7,"gemv_kernel_g128(const float4 *, const unsigned int *, const unsigned int *, const __half *, __half *, int, int)"
15892976752,64863,75774,1,2752,1,32,4,1,32,0.000,0.000,,,,,NVIDIA GeForce RTX 3090 (0),1,,7,"gemv_kernel_g128(const float4 *, const unsigned int *, const unsigned int *, const __half *, __half *, int, int)"
15893046287,37824,75778,1,1024,1,32,4,1,32,0.000,0.000,,,,,NVIDIA GeForce RTX 3090 (0),1,,7,"gemv_kernel_g128(const float4 *, const unsigned int *, const unsigned int *, const __half *, __half *, int, int)"
15893105391,88416,75784,1,3072,1,32,4,1,32,0.000,0.000,,,,,NVIDIA GeForce RTX 3090 (0),1,,7,"gemv_kernel_g128(const float4 *, const unsigned int *, const unsigned int *, const __half *, __half *, int, int)"
15895487497,82335,75932,1,1024,1,32,4,1,32,0.000,0.000,,,,,NVIDIA GeForce RTX 3090 (0),1,,7,"gemv_kernel_g128(const float4 *, const unsigned int *, const unsigned int *, const __half *, __half *, int, int)"
15895591624,65824,75938,1,2752,1,32,4,1,32,0.000,0.000,,,,,NVIDIA GeForce RTX 3090 (0),1,,7,"gemv_kernel_g128(const float4 *, const unsigned int *, const unsigned int *, const __half *, __half *, int, int)"
15895658856,65856,75940,1,2752,1,32,4,1,32,0.000,0.000,,,,,NVIDIA GeForce RTX 3090 (0),1,,7,"gemv_kernel_g128(const float4 *, const unsigned int *, const unsigned int *, const __half *, __half *, int, int)"
15895730152,36704,75944,1,1024,1,32,4,1,32,0.000,0.000,,,,,NVIDIA GeForce RTX 3090 (0),1,,7,"gemv_kernel_g128(const float4 *, const unsigned int *, const unsigned int *, const __half *, __half *, int, int)"
15895788808,91807,75950,1,3072,1,32,4,1,32,0.000,0.000,,,,,NVIDIA GeForce RTX 3090 (0),1,,7,"gemv_kernel_g128(const float4 *, const unsigned int *, const unsigned int *, const __half *, __half *, int, int)"
15897848834,75136,76098,1,1024,1,32,4,1,32,0.000,0.000,,,,,NVIDIA GeForce RTX 3090 (0),1,,7,"gemv_kernel_g128(const float4 *, const unsigned int *, const unsigned int *, const __half *, __half *, int, int)"
15897946658,66496,76104,1,2752,1,32,4,1,32,0.000,0.000,,,,,NVIDIA GeForce RTX 3090 (0),1,,7,"gemv_kernel_g128(const float4 *, const unsigned int *, const unsigned int *, const __half *, __half *, int, int)"
15898014626,64895,76106,1,2752,1,32,4,1,32,0.000,0.000,,,,,NVIDIA GeForce RTX 3090 (0),1,,7,"gemv_kernel_g128(const float4 *, const unsigned int *, const unsigned int *, const __half *, __half *, int, int)"
15898084673,39616,76110,1,1024,1,32,4,1,32,0.000,0.000,,,,,NVIDIA GeForce RTX 3090 (0),1,,7,"gemv_kernel_g128(const float4 *, const unsigned int *, const unsigned int *, const __half *, __half *, int, int)"
15898144641,89504,76116,1,3072,1,32,4,1,32,0.000,0.000,,,,,NVIDIA GeForce RTX 3090 (0),1,,7,"gemv_kernel_g128(const float4 *, const unsigned int *, const unsigned int *, const __half *, __half *, int, int)"
15900151548,71199,76264,1,1024,1,32,4,1,32,0.000,0.000,,,,,NVIDIA GeForce RTX 3090 (0),1,,7,"gemv_kernel_g128(const float4 *, const unsigned int *, const unsigned int *, const __half *, __half *, int, int)"
15900244411,66112,76270,1,2752,1,32,4,1,32,0.000,0.000,,,,,NVIDIA GeForce RTX 3090 (0),1,,7,"gemv_kernel_g128(const float4 *, const unsigned int *, const unsigned int *, const __half *, __half *, int, int)"
15900311963,65376,76272,1,2752,1,32,4,1,32,0.000,0.000,,,,,NVIDIA GeForce RTX 3090 (0),1,,7,"gemv_kernel_g128(const float4 *, const unsigned int *, const unsigned int *, const __half *, __half *, int, int)"
15900382075,36800,76276,1,1024,1,32,4,1,32,0.000,0.000,,,,,NVIDIA GeForce RTX 3090 (0),1,,7,"gemv_kernel_g128(const float4 *, const unsigned int *, const unsigned int *, const __half *, __half *, int, int)"
15900439547,91040,76282,1,3072,1,32,4,1,32,0.000,0.000,,,,,NVIDIA GeForce RTX 3090 (0),1,,7,"gemv_kernel_g128(const float4 *, const unsigned int *, const unsigned int *, const __half *, __half *, int, int)"
15902378582,70783,76430,1,1024,1,32,4,1,32,0.000,0.000,,,,,NVIDIA GeForce RTX 3090 (0),1,,7,"gemv_kernel_g128(const float4 *, const unsigned int *, const unsigned int *, const __half *, __half *, int, int)"
15902470485,64608,76436,1,2752,1,32,4,1,32,0.000,0.000,,,,,NVIDIA GeForce RTX 3090 (0),1,,7,"gemv_kernel_g128(const float4 *, const unsigned int *, const unsigned int *, const __half *, __half *, int, int)"
15902536917,65120,76438,1,2752,1,32,4,1,32,0.000,0.000,,,,,NVIDIA GeForce RTX 3090 (0),1,,7,"gemv_kernel_g128(const float4 *, const unsigned int *, const unsigned int *, const __half *, __half *, int, int)"
15902606645,38080,76442,1,1024,1,32,4,1,32,0.000,0.000,,,,,NVIDIA GeForce RTX 3090 (0),1,,7,"gemv_kernel_g128(const float4 *, const unsigned int *, const unsigned int *, const __half *, __half *, int, int)"
15902665653,88927,76448,1,3072,1,32,4,1,32,0.000,0.000,,,,,NVIDIA GeForce RTX 3090 (0),1,,7,"gemv_kernel_g128(const float4 *, const unsigned int *, const unsigned int *, const __half *, __half *, int, int)"
15904566159,72192,76596,1,1024,1,32,4,1,32,0.000,0.000,,,,,NVIDIA GeForce RTX 3090 (0),1,,7,"gemv_kernel_g128(const float4 *, const unsigned int *, const unsigned int *, const __half *, __half *, int, int)"
15904661263,66720,76602,1,2752,1,32,4,1,32,0.000,0.000,,,,,NVIDIA GeForce RTX 3090 (0),1,,7,"gemv_kernel_g128(const float4 *, const unsigned int *, const unsigned int *, const __half *, __half *, int, int)"
15904729551,66752,76604,1,2752,1,32,4,1,32,0.000,0.000,,,,,NVIDIA GeForce RTX 3090 (0),1,,7,"gemv_kernel_g128(const float4 *, const unsigned int *, const unsigned int *, const __half *, __half *, int, int)"
15904801455,38784,76608,1,1024,1,32,4,1,32,0.000,0.000,,,,,NVIDIA GeForce RTX 3090 (0),1,,7,"gemv_kernel_g128(const float4 *, const unsigned int *, const unsigned int *, const __half *, __half *, int, int)"
15904861775,93183,76614,1,3072,1,32,4,1,32,0.000,0.000,,,,,NVIDIA GeForce RTX 3090 (0),1,,7,"gemv_kernel_g128(const float4 *, const unsigned int *, const unsigned int *, const __half *, __half *, int, int)"
15906758473,71008,76762,1,1024,1,32,4,1,32,0.000,0.000,,,,,NVIDIA GeForce RTX 3090 (0),1,,7,"gemv_kernel_g128(const float4 *, const unsigned int *, const unsigned int *, const __half *, __half *, int, int)"
15906850729,65760,76768,1,2752,1,32,4,1,32,0.000,0.000,,,,,NVIDIA GeForce RTX 3090 (0),1,,7,"gemv_kernel_g128(const float4 *, const unsigned int *, const unsigned int *, const __half *, __half *, int, int)"
15906917993,66688,76770,1,2752,1,32,4,1,32,0.000,0.000,,,,,NVIDIA GeForce RTX 3090 (0),1,,7,"gemv_kernel_g128(const float4 *, const unsigned int *, const unsigned int *, const __half *, __half *, int, int)"
15906989897,37248,76774,1,1024,1,32,4,1,32,0.000,0.000,,,,,NVIDIA GeForce RTX 3090 (0),1,,7,"gemv_kernel_g128(const float4 *, const unsigned int *, const unsigned int *, const __half *, __half *, int, int)"
15907048169,91135,76780,1,3072,1,32,4,1,32,0.000,0.000,,,,,NVIDIA GeForce RTX 3090 (0),1,,7,"gemv_kernel_g128(const float4 *, const unsigned int *, const unsigned int *, const __half *, __half *, int, int)"
15908992739,69280,76928,1,1024,1,32,4,1,32,0.000,0.000,,,,,NVIDIA GeForce RTX 3090 (0),1,,7,"gemv_kernel_g128(const float4 *, const unsigned int *, const unsigned int *, const __half *, __half *, int, int)"
15909083779,65312,76934,1,2752,1,32,4,1,32,0.000,0.000,,,,,NVIDIA GeForce RTX 3090 (0),1,,7,"gemv_kernel_g128(const float4 *, const unsigned int *, const unsigned int *, const __half *, __half *, int, int)"
15909150499,67296,76936,1,2752,1,32,4,1,32,0.000,0.000,,,,,NVIDIA GeForce RTX 3090 (0),1,,7,"gemv_kernel_g128(const float4 *, const unsigned int *, const unsigned int *, const __half *, __half *, int, int)"
15909222531,37535,76940,1,1024,1,32,4,1,32,0.000,0.000,,,,,NVIDIA GeForce RTX 3090 (0),1,,7,"gemv_kernel_g128(const float4 *, const unsigned int *, const unsigned int *, const __half *, __half *, int, int)"
15909280994,87968,76946,1,3072,1,32,4,1,32,0.000,0.000,,,,,NVIDIA GeForce RTX 3090 (0),1,,7,"gemv_kernel_g128(const float4 *, const unsigned int *, const unsigned int *, const __half *, __half *, int, int)"
15911329181,73824,77094,1,1024,1,32,4,1,32,0.000,0.000,,,,,NVIDIA GeForce RTX 3090 (0),1,,7,"gemv_kernel_g128(const float4 *, const unsigned int *, const unsigned int *, const __half *, __half *, int, int)"
15911424764,68064,77100,1,2752,1,32,4,1,32,0.000,0.000,,,,,NVIDIA GeForce RTX 3090 (0),1,,7,"gemv_kernel_g128(const float4 *, const unsigned int *, const unsigned int *, const __half *, __half *, int, int)"
15911494748,70752,77102,1,2752,1,32,4,1,32,0.000,0.000,,,,,NVIDIA GeForce RTX 3090 (0),1,,7,"gemv_kernel_g128(const float4 *, const unsigned int *, const unsigned int *, const __half *, __half *, int, int)"
15911570236,38496,77106,1,1024,1,32,4,1,32,0.000,0.000,,,,,NVIDIA GeForce RTX 3090 (0),1,,7,"gemv_kernel_g128(const float4 *, const unsigned int *, const unsigned int *, const __half *, __half *, int, int)"
15911630044,143520,77112,1,8000,1,32,4,1,32,0.000,0.000,,,,,NVIDIA GeForce RTX 3090 (0),1,,7,"gemv_kernel_g128(const float4 *, const unsigned int *, const unsigned int *, const __half *, __half *, int, int)"
15942546726,100480,77126,1,3072,1,32,4,1,32,0.000,0.000,,,,,NVIDIA GeForce RTX 3090 (0),1,,7,"gemv_kernel_g128(const float4 *, const unsigned int *, const unsigned int *, const __half *, __half *, int, int)"
15944517089,75520,77274,1,1024,1,32,4,1,32,0.000,0.000,,,,,NVIDIA GeForce RTX 3090 (0),1,,7,"gemv_kernel_g128(const float4 *, const unsigned int *, const unsigned int *, const __half *, __half *, int, int)"
15944613665,68351,77280,1,2752,1,32,4,1,32,0.000,0.000,,,,,NVIDIA GeForce RTX 3090 (0),1,,7,"gemv_kernel_g128(const float4 *, const unsigned int *, const unsigned int *, const __half *, __half *, int, int)"
15944684000,67584,77282,1,2752,1,32,4,1,32,0.000,0.000,,,,,NVIDIA GeForce RTX 3090 (0),1,,7,"gemv_kernel_g128(const float4 *, const unsigned int *, const unsigned int *, const __half *, __half *, int, int)"
15944756736,38656,77286,1,1024,1,32,4,1,32,0.000,0.000,,,,,NVIDIA GeForce RTX 3090 (0),1,,7,"gemv_kernel_g128(const float4 *, const unsigned int *, const unsigned int *, const __half *, __half *, int, int)"
15944816736,127008,77292,1,3072,1,32,4,1,32,0.000,0.000,,,,,NVIDIA GeForce RTX 3090 (0),1,,7,"gemv_kernel_g128(const float4 *, const unsigned int *, const unsigned int *, const __half *, __half *, int, int)"
15947055322,73120,77440,1,1024,1,32,4,1,32,0.000,0.000,,,,,NVIDIA GeForce RTX 3090 (0),1,,7,"gemv_kernel_g128(const float4 *, const unsigned int *, const unsigned int *, const __half *, __half *, int, int)"
15947149818,68479,77446,1,2752,1,32,4,1,32,0.000,0.000,,,,,NVIDIA GeForce RTX 3090 (0),1,,7,"gemv_kernel_g128(const float4 *, const unsigned int *, const unsigned int *, const __half *, __half *, int, int)"
15947219769,69088,77448,1,2752,1,32,4,1,32,0.000,0.000,,,,,NVIDIA GeForce RTX 3090 (0),1,,7,"gemv_kernel_g128(const float4 *, const unsigned int *, const unsigned int *, const __half *, __half *, int, int)"
15947294169,407263,77452,1,1024,1,32,4,1,32,0.000,0.000,,,,,NVIDIA GeForce RTX 3090 (0),1,,7,"gemv_kernel_g128(const float4 *, const unsigned int *, const unsigned int *, const __half *, __half *, int, int)"
15947723320,93088,77458,1,3072,1,32,4,1,32,0.000,0.000,,,,,NVIDIA GeForce RTX 3090 (0),1,,7,"gemv_kernel_g128(const float4 *, const unsigned int *, const unsigned int *, const __half *, __half *, int, int)"
15949671955,71711,77606,1,1024,1,32,4,1,32,0.000,0.000,,,,,NVIDIA GeForce RTX 3090 (0),1,,7,"gemv_kernel_g128(const float4 *, const unsigned int *, const unsigned int *, const __half *, __half *, int, int)"
15949765426,65248,77612,1,2752,1,32,4,1,32,0.000,0.000,,,,,NVIDIA GeForce RTX 3090 (0),1,,7,"gemv_kernel_g128(const float4 *, const unsigned int *, const unsigned int *, const __half *, __half *, int, int)"
15949832050,66144,77614,1,2752,1,32,4,1,32,0.000,0.000,,,,,NVIDIA GeForce RTX 3090 (0),1,,7,"gemv_kernel_g128(const float4 *, const unsigned int *, const unsigned int *, const __half *, __half *, int, int)"
15949903474,38432,77618,1,1024,1,32,4,1,32,0.000,0.000,,,,,NVIDIA GeForce RTX 3090 (0),1,,7,"gemv_kernel_g128(const float4 *, const unsigned int *, const unsigned int *, const __half *, __half *, int, int)"
15949962706,91296,77624,1,3072,1,32,4,1,32,0.000,0.000,,,,,NVIDIA GeForce RTX 3090 (0),1,,7,"gemv_kernel_g128(const float4 *, const unsigned int *, const unsigned int *, const __half *, __half *, int, int)"
15951808877,75391,77772,1,1024,1,32,4,1,32,0.000,0.000,,,,,NVIDIA GeForce RTX 3090 (0),1,,7,"gemv_kernel_g128(const float4 *, const unsigned int *, const unsigned int *, const __half *, __half *, int, int)"
15951906636,66624,77778,1,2752,1,32,4,1,32,0.000,0.000,,,,,NVIDIA GeForce RTX 3090 (0),1,,7,"gemv_kernel_g128(const float4 *, const unsigned int *, const unsigned int *, const __half *, __half *, int, int)"
15951974668,65184,77780,1,2752,1,32,4,1,32,0.000,0.000,,,,,NVIDIA GeForce RTX 3090 (0),1,,7,"gemv_kernel_g128(const float4 *, const unsigned int *, const unsigned int *, const __half *, __half *, int, int)"
15952044588,38400,77784,1,1024,1,32,4,1,32,0.000,0.000,,,,,NVIDIA GeForce RTX 3090 (0),1,,7,"gemv_kernel_g128(const float4 *, const unsigned int *, const unsigned int *, const __half *, __half *, int, int)"
15952103884,87040,77790,1,3072,1,32,4,1,32,0.000,0.000,,,,,NVIDIA GeForce RTX 3090 (0),1,,7,"gemv_kernel_g128(const float4 *, const unsigned int *, const unsigned int *, const __half *, __half *, int, int)"
15954540197,82752,77938,1,1024,1,32,4,1,32,0.000,0.000,,,,,NVIDIA GeForce RTX 3090 (0),1,,7,"gemv_kernel_g128(const float4 *, const unsigned int *, const unsigned int *, const __half *, __half *, int, int)"
15954643845,67136,77944,1,2752,1,32,4,1,32,0.000,0.000,,,,,NVIDIA GeForce RTX 3090 (0),1,,7,"gemv_kernel_g128(const float4 *, const unsigned int *, const unsigned int *, const __half *, __half *, int, int)"
15954712837,66687,77946,1,2752,1,32,4,1,32,0.000,0.000,,,,,NVIDIA GeForce RTX 3090 (0),1,,7,"gemv_kernel_g128(const float4 *, const unsigned int *, const unsigned int *, const __half *, __half *, int, int)"
15954784228,424479,77950,1,1024,1,32,4,1,32,0.000,0.000,,,,,NVIDIA GeForce RTX 3090 (0),1,,7,"gemv_kernel_g128(const float4 *, const unsigned int *, const unsigned int *, const __half *, __half *, int, int)"
15955229603,91936,77956,1,3072,1,32,4,1,32,0.000,0.000,,,,,NVIDIA GeForce RTX 3090 (0),1,,7,"gemv_kernel_g128(const float4 *, const unsigned int *, const unsigned int *, const __half *, __half *, int, int)"
15957369341,67008,78104,1,1024,1,32,4,1,32,0.000,0.000,,,,,NVIDIA GeForce RTX 3090 (0),1,,7,"gemv_kernel_g128(const float4 *, const unsigned int *, const unsigned int *, const __half *, __half *, int, int)"
15957458461,66400,78110,1,2752,1,32,4,1,32,0.000,0.000,,,,,NVIDIA GeForce RTX 3090 (0),1,,7,"gemv_kernel_g128(const float4 *, const unsigned int *, const unsigned int *, const __half *, __half *, int, int)"
15957526333,66656,78112,1,2752,1,32,4,1,32,0.000,0.000,,,,,NVIDIA GeForce RTX 3090 (0),1,,7,"gemv_kernel_g128(const float4 *, const unsigned int *, const unsigned int *, const __half *, __half *, int, int)"
15957598045,37024,78116,1,1024,1,32,4,1,32,0.000,0.000,,,,,NVIDIA GeForce RTX 3090 (0),1,,7,"gemv_kernel_g128(const float4 *, const unsigned int *, const unsigned int *, const __half *, __half *, int, int)"
15957656061,89503,78122,1,3072,1,32,4,1,32,0.000,0.000,,,,,NVIDIA GeForce RTX 3090 (0),1,,7,"gemv_kernel_g128(const float4 *, const unsigned int *, const unsigned int *, const __half *, __half *, int, int)"
15959518871,76768,78270,1,1024,1,32,4,1,32,0.000,0.000,,,,,NVIDIA GeForce RTX 3090 (0),1,,7,"gemv_kernel_g128(const float4 *, const unsigned int *, const unsigned int *, const __half *, __half *, int, int)"
15959617431,64704,78276,1,2752,1,32,4,1,32,0.000,0.000,,,,,NVIDIA GeForce RTX 3090 (0),1,,7,"gemv_kernel_g128(const float4 *, const unsigned int *, const unsigned int *, const __half *, __half *, int, int)"
15959683607,65600,78278,1,2752,1,32,4,1,32,0.000,0.000,,,,,NVIDIA GeForce RTX 3090 (0),1,,7,"gemv_kernel_g128(const float4 *, const unsigned int *, const unsigned int *, const __half *, __half *, int, int)"
15959754455,39520,78282,1,1024,1,32,4,1,32,0.000,0.000,,,,,NVIDIA GeForce RTX 3090 (0),1,,7,"gemv_kernel_g128(const float4 *, const unsigned int *, const unsigned int *, const __half *, __half *, int, int)"
15959813975,91167,78288,1,3072,1,32,4,1,32,0.000,0.000,,,,,NVIDIA GeForce RTX 3090 (0),1,,7,"gemv_kernel_g128(const float4 *, const unsigned int *, const unsigned int *, const __half *, __half *, int, int)"
15961937937,73247,78436,1,1024,1,32,4,1,32,0.000,0.000,,,,,NVIDIA GeForce RTX 3090 (0),1,,7,"gemv_kernel_g128(const float4 *, const unsigned int *, const unsigned int *, const __half *, __half *, int, int)"
15962032688,65568,78442,1,2752,1,32,4,1,32,0.000,0.000,,,,,NVIDIA GeForce RTX 3090 (0),1,,7,"gemv_kernel_g128(const float4 *, const unsigned int *, const unsigned int *, const __half *, __half *, int, int)"
15962099728,65536,78444,1,2752,1,32,4,1,32,0.000,0.000,,,,,NVIDIA GeForce RTX 3090 (0),1,,7,"gemv_kernel_g128(const float4 *, const unsigned int *, const unsigned int *, const __half *, __half *, int, int)"
15962170256,38656,78448,1,1024,1,32,4,1,32,0.000,0.000,,,,,NVIDIA GeForce RTX 3090 (0),1,,7,"gemv_kernel_g128(const float4 *, const unsigned int *, const unsigned int *, const __half *, __half *, int, int)"
15962229616,91456,78454,1,3072,1,32,4,1,32,0.000,0.000,,,,,NVIDIA GeForce RTX 3090 (0),1,,7,"gemv_kernel_g128(const float4 *, const unsigned int *, const unsigned int *, const __half *, __half *, int, int)"
15964119915,76159,78602,1,1024,1,32,4,1,32,0.000,0.000,,,,,NVIDIA GeForce RTX 3090 (0),1,,7,"gemv_kernel_g128(const float4 *, const unsigned int *, const unsigned int *, const __half *, __half *, int, int)"
15964217706,65504,78608,1,2752,1,32,4,1,32,0.000,0.000,,,,,NVIDIA GeForce RTX 3090 (0),1,,7,"gemv_kernel_g128(const float4 *, const unsigned int *, const unsigned int *, const __half *, __half *, int, int)"
15964285098,65376,78610,1,2752,1,32,4,1,32,0.000,0.000,,,,,NVIDIA GeForce RTX 3090 (0),1,,7,"gemv_kernel_g128(const float4 *, const unsigned int *, const unsigned int *, const __half *, __half *, int, int)"
15964355082,37248,78614,1,1024,1,32,4,1,32,0.000,0.000,,,,,NVIDIA GeForce RTX 3090 (0),1,,7,"gemv_kernel_g128(const float4 *, const unsigned int *, const unsigned int *, const __half *, __half *, int, int)"
15964413226,89152,78620,1,3072,1,32,4,1,32,0.000,0.000,,,,,NVIDIA GeForce RTX 3090 (0),1,,7,"gemv_kernel_g128(const float4 *, const unsigned int *, const unsigned int *, const __half *, __half *, int, int)"
15966302725,70239,78768,1,1024,1,32,4,1,32,0.000,0.000,,,,,NVIDIA GeForce RTX 3090 (0),1,,7,"gemv_kernel_g128(const float4 *, const unsigned int *, const unsigned int *, const __half *, __half *, int, int)"
15966395268,65536,78774,1,2752,1,32,4,1,32,0.000,0.000,,,,,NVIDIA GeForce RTX 3090 (0),1,,7,"gemv_kernel_g128(const float4 *, const unsigned int *, const unsigned int *, const __half *, __half *, int, int)"
15966462180,66272,78776,1,2752,1,32,4,1,32,0.000,0.000,,,,,NVIDIA GeForce RTX 3090 (0),1,,7,"gemv_kernel_g128(const float4 *, const unsigned int *, const unsigned int *, const __half *, __half *, int, int)"
15966533572,38176,78780,1,1024,1,32,4,1,32,0.000,0.000,,,,,NVIDIA GeForce RTX 3090 (0),1,,7,"gemv_kernel_g128(const float4 *, const unsigned int *, const unsigned int *, const __half *, __half *, int, int)"
15966592292,92736,78786,1,3072,1,32,4,1,32,0.000,0.000,,,,,NVIDIA GeForce RTX 3090 (0),1,,7,"gemv_kernel_g128(const float4 *, const unsigned int *, const unsigned int *, const __half *, __half *, int, int)"
15968491327,70847,78934,1,1024,1,32,4,1,32,0.000,0.000,,,,,NVIDIA GeForce RTX 3090 (0),1,,7,"gemv_kernel_g128(const float4 *, const unsigned int *, const unsigned int *, const __half *, __half *, int, int)"
15968584446,67008,78940,1,2752,1,32,4,1,32,0.000,0.000,,,,,NVIDIA GeForce RTX 3090 (0),1,,7,"gemv_kernel_g128(const float4 *, const unsigned int *, const unsigned int *, const __half *, __half *, int, int)"
15968652894,65056,78942,1,2752,1,32,4,1,32,0.000,0.000,,,,,NVIDIA GeForce RTX 3090 (0),1,,7,"gemv_kernel_g128(const float4 *, const unsigned int *, const unsigned int *, const __half *, __half *, int, int)"
15968723038,37184,78946,1,1024,1,32,4,1,32,0.000,0.000,,,,,NVIDIA GeForce RTX 3090 (0),1,,7,"gemv_kernel_g128(const float4 *, const unsigned int *, const unsigned int *, const __half *, __half *, int, int)"
15968780734,97823,78952,1,3072,1,32,4,1,32,0.000,0.000,,,,,NVIDIA GeForce RTX 3090 (0),1,,7,"gemv_kernel_g128(const float4 *, const unsigned int *, const unsigned int *, const __half *, __half *, int, int)"
15970685752,69920,79100,1,1024,1,32,4,1,32,0.000,0.000,,,,,NVIDIA GeForce RTX 3090 (0),1,,7,"gemv_kernel_g128(const float4 *, const unsigned int *, const unsigned int *, const __half *, __half *, int, int)"
15970777272,64704,79106,1,2752,1,32,4,1,32,0.000,0.000,,,,,NVIDIA GeForce RTX 3090 (0),1,,7,"gemv_kernel_g128(const float4 *, const unsigned int *, const unsigned int *, const __half *, __half *, int, int)"
15970843480,66208,79108,1,2752,1,32,4,1,32,0.000,0.000,,,,,NVIDIA GeForce RTX 3090 (0),1,,7,"gemv_kernel_g128(const float4 *, const unsigned int *, const unsigned int *, const __half *, __half *, int, int)"
15970914488,36736,79112,1,1024,1,32,4,1,32,0.000,0.000,,,,,NVIDIA GeForce RTX 3090 (0),1,,7,"gemv_kernel_g128(const float4 *, const unsigned int *, const unsigned int *, const __half *, __half *, int, int)"
15970971672,90271,79118,1,3072,1,32,4,1,32,0.000,0.000,,,,,NVIDIA GeForce RTX 3090 (0),1,,7,"gemv_kernel_g128(const float4 *, const unsigned int *, const unsigned int *, const __half *, __half *, int, int)"
15973250641,71776,79266,1,1024,1,32,4,1,32,0.000,0.000,,,,,NVIDIA GeForce RTX 3090 (0),1,,7,"gemv_kernel_g128(const float4 *, const unsigned int *, const unsigned int *, const __half *, __half *, int, int)"
15973344145,66176,79272,1,2752,1,32,4,1,32,0.000,0.000,,,,,NVIDIA GeForce RTX 3090 (0),1,,7,"gemv_kernel_g128(const float4 *, const unsigned int *, const unsigned int *, const __half *, __half *, int, int)"
15973412209,66080,79274,1,2752,1,32,4,1,32,0.000,0.000,,,,,NVIDIA GeForce RTX 3090 (0),1,,7,"gemv_kernel_g128(const float4 *, const unsigned int *, const unsigned int *, const __half *, __half *, int, int)"
15973483281,38144,79278,1,1024,1,32,4,1,32,0.000,0.000,,,,,NVIDIA GeForce RTX 3090 (0),1,,7,"gemv_kernel_g128(const float4 *, const unsigned int *, const unsigned int *, const __half *, __half *, int, int)"
15973542129,88671,79284,1,3072,1,32,4,1,32,0.000,0.000,,,,,NVIDIA GeForce RTX 3090 (0),1,,7,"gemv_kernel_g128(const float4 *, const unsigned int *, const unsigned int *, const __half *, __half *, int, int)"
15975510635,71456,79432,1,1024,1,32,4,1,32,0.000,0.000,,,,,NVIDIA GeForce RTX 3090 (0),1,,7,"gemv_kernel_g128(const float4 *, const unsigned int *, const unsigned int *, const __half *, __half *, int, int)"
15975603627,65504,79438,1,2752,1,32,4,1,32,0.000,0.000,,,,,NVIDIA GeForce RTX 3090 (0),1,,7,"gemv_kernel_g128(const float4 *, const unsigned int *, const unsigned int *, const __half *, __half *, int, int)"
15975670635,65439,79440,1,2752,1,32,4,1,32,0.000,0.000,,,,,NVIDIA GeForce RTX 3090 (0),1,,7,"gemv_kernel_g128(const float4 *, const unsigned int *, const unsigned int *, const __half *, __half *, int, int)"
15975741162,38464,79444,1,1024,1,32,4,1,32,0.000,0.000,,,,,NVIDIA GeForce RTX 3090 (0),1,,7,"gemv_kernel_g128(const float4 *, const unsigned int *, const unsigned int *, const __half *, __half *, int, int)"
15975800650,86048,79450,1,3072,1,32,4,1,32,0.000,0.000,,,,,NVIDIA GeForce RTX 3090 (0),1,,7,"gemv_kernel_g128(const float4 *, const unsigned int *, const unsigned int *, const __half *, __half *, int, int)"
15977754821,74208,79598,1,1024,1,32,4,1,32,0.000,0.000,,,,,NVIDIA GeForce RTX 3090 (0),1,,7,"gemv_kernel_g128(const float4 *, const unsigned int *, const unsigned int *, const __half *, __half *, int, int)"
15977850181,65375,79604,1,2752,1,32,4,1,32,0.000,0.000,,,,,NVIDIA GeForce RTX 3090 (0),1,,7,"gemv_kernel_g128(const float4 *, const unsigned int *, const unsigned int *, const __half *, __half *, int, int)"
15977916932,66112,79606,1,2752,1,32,4,1,32,0.000,0.000,,,,,NVIDIA GeForce RTX 3090 (0),1,,7,"gemv_kernel_g128(const float4 *, const unsigned int *, const unsigned int *, const __half *, __half *, int, int)"
15977988164,37536,79610,1,1024,1,32,4,1,32,0.000,0.000,,,,,NVIDIA GeForce RTX 3090 (0),1,,7,"gemv_kernel_g128(const float4 *, const unsigned int *, const unsigned int *, const __half *, __half *, int, int)"
15978045508,91040,79616,1,3072,1,32,4,1,32,0.000,0.000,,,,,NVIDIA GeForce RTX 3090 (0),1,,7,"gemv_kernel_g128(const float4 *, const unsigned int *, const unsigned int *, const __half *, __half *, int, int)"
15980027807,68639,79764,1,1024,1,32,4,1,32,0.000,0.000,,,,,NVIDIA GeForce RTX 3090 (0),1,,7,"gemv_kernel_g128(const float4 *, const unsigned int *, const unsigned int *, const __half *, __half *, int, int)"
15980118334,70144,79770,1,2752,1,32,4,1,32,0.000,0.000,,,,,NVIDIA GeForce RTX 3090 (0),1,,7,"gemv_kernel_g128(const float4 *, const unsigned int *, const unsigned int *, const __half *, __half *, int, int)"
15980189886,65600,79772,1,2752,1,32,4,1,32,0.000,0.000,,,,,NVIDIA GeForce RTX 3090 (0),1,,7,"gemv_kernel_g128(const float4 *, const unsigned int *, const unsigned int *, const __half *, __half *, int, int)"
15980260222,36608,79776,1,1024,1,32,4,1,32,0.000,0.000,,,,,NVIDIA GeForce RTX 3090 (0),1,,7,"gemv_kernel_g128(const float4 *, const unsigned int *, const unsigned int *, const __half *, __half *, int, int)"
15980318462,88256,79782,1,3072,1,32,4,1,32,0.000,0.000,,,,,NVIDIA GeForce RTX 3090 (0),1,,7,"gemv_kernel_g128(const float4 *, const unsigned int *, const unsigned int *, const __half *, __half *, int, int)"
15982298872,76192,79930,1,1024,1,32,4,1,32,0.000,0.000,,,,,NVIDIA GeForce RTX 3090 (0),1,,7,"gemv_kernel_g128(const float4 *, const unsigned int *, const unsigned int *, const __half *, __half *, int, int)"
15982397624,65408,79936,1,2752,1,32,4,1,32,0.000,0.000,,,,,NVIDIA GeForce RTX 3090 (0),1,,7,"gemv_kernel_g128(const float4 *, const unsigned int *, const unsigned int *, const __half *, __half *, int, int)"
15982464856,65088,79938,1,2752,1,32,4,1,32,0.000,0.000,,,,,NVIDIA GeForce RTX 3090 (0),1,,7,"gemv_kernel_g128(const float4 *, const unsigned int *, const unsigned int *, const __half *, __half *, int, int)"
15982534648,36928,79942,1,1024,1,32,4,1,32,0.000,0.000,,,,,NVIDIA GeForce RTX 3090 (0),1,,7,"gemv_kernel_g128(const float4 *, const unsigned int *, const unsigned int *, const __half *, __half *, int, int)"
15982592503,506879,79948,1,3072,1,32,4,1,32,0.000,0.000,,,,,NVIDIA GeForce RTX 3090 (0),1,,7,"gemv_kernel_g128(const float4 *, const unsigned int *, const unsigned int *, const __half *, __half *, int, int)"
15984973297,68704,80096,1,1024,1,32,4,1,32,0.000,0.000,,,,,NVIDIA GeForce RTX 3090 (0),1,,7,"gemv_kernel_g128(const float4 *, const unsigned int *, const unsigned int *, const __half *, __half *, int, int)"
15985063857,65471,80102,1,2752,1,32,4,1,32,0.000,0.000,,,,,NVIDIA GeForce RTX 3090 (0),1,,7,"gemv_kernel_g128(const float4 *, const unsigned int *, const unsigned int *, const __half *, __half *, int, int)"
15985130704,65792,80104,1,2752,1,32,4,1,32,0.000,0.000,,,,,NVIDIA GeForce RTX 3090 (0),1,,7,"gemv_kernel_g128(const float4 *, const unsigned int *, const unsigned int *, const __half *, __half *, int, int)"
15985201680,38528,80108,1,1024,1,32,4,1,32,0.000,0.000,,,,,NVIDIA GeForce RTX 3090 (0),1,,7,"gemv_kernel_g128(const float4 *, const unsigned int *, const unsigned int *, const __half *, __half *, int, int)"
15985260624,87648,80114,1,3072,1,32,4,1,32,0.000,0.000,,,,,NVIDIA GeForce RTX 3090 (0),1,,7,"gemv_kernel_g128(const float4 *, const unsigned int *, const unsigned int *, const __half *, __half *, int, int)"
15987204555,70816,80262,1,1024,1,32,4,1,32,0.000,0.000,,,,,NVIDIA GeForce RTX 3090 (0),1,,7,"gemv_kernel_g128(const float4 *, const unsigned int *, const unsigned int *, const __half *, __half *, int, int)"
15987297386,78848,80268,1,2752,1,32,4,1,32,0.000,0.000,,,,,NVIDIA GeForce RTX 3090 (0),1,,7,"gemv_kernel_g128(const float4 *, const unsigned int *, const unsigned int *, const __half *, __half *, int, int)"
15987377706,109952,80270,1,2752,1,32,4,1,32,0.000,0.000,,,,,NVIDIA GeForce RTX 3090 (0),1,,7,"gemv_kernel_g128(const float4 *, const unsigned int *, const unsigned int *, const __half *, __half *, int, int)"
15987493322,38208,80274,1,1024,1,32,4,1,32,0.000,0.000,,,,,NVIDIA GeForce RTX 3090 (0),1,,7,"gemv_kernel_g128(const float4 *, const unsigned int *, const unsigned int *, const __half *, __half *, int, int)"
15987554730,111391,80280,1,3072,1,32,4,1,32,0.000,0.000,,,,,NVIDIA GeForce RTX 3090 (0),1,,7,"gemv_kernel_g128(const float4 *, const unsigned int *, const unsigned int *, const __half *, __half *, int, int)"
15989792132,74463,80428,1,1024,1,32,4,1,32,0.000,0.000,,,,,NVIDIA GeForce RTX 3090 (0),1,,7,"gemv_kernel_g128(const float4 *, const unsigned int *, const unsigned int *, const __half *, __half *, int, int)"
15989888707,68256,80434,1,2752,1,32,4,1,32,0.000,0.000,,,,,NVIDIA GeForce RTX 3090 (0),1,,7,"gemv_kernel_g128(const float4 *, const unsigned int *, const unsigned int *, const __half *, __half *, int, int)"
15989958371,66848,80436,1,2752,1,32,4,1,32,0.000,0.000,,,,,NVIDIA GeForce RTX 3090 (0),1,,7,"gemv_kernel_g128(const float4 *, const unsigned int *, const unsigned int *, const __half *, __half *, int, int)"
15990030019,38944,80440,1,1024,1,32,4,1,32,0.000,0.000,,,,,NVIDIA GeForce RTX 3090 (0),1,,7,"gemv_kernel_g128(const float4 *, const unsigned int *, const unsigned int *, const __half *, __half *, int, int)"
15990090531,88479,80446,1,3072,1,32,4,1,32,0.000,0.000,,,,,NVIDIA GeForce RTX 3090 (0),1,,7,"gemv_kernel_g128(const float4 *, const unsigned int *, const unsigned int *, const __half *, __half *, int, int)"
15992168829,76288,80594,1,1024,1,32,4,1,32,0.000,0.000,,,,,NVIDIA GeForce RTX 3090 (0),1,,7,"gemv_kernel_g128(const float4 *, const unsigned int *, const unsigned int *, const __half *, __half *, int, int)"
15992267101,66496,80600,1,2752,1,32,4,1,32,0.000,0.000,,,,,NVIDIA GeForce RTX 3090 (0),1,,7,"gemv_kernel_g128(const float4 *, const unsigned int *, const unsigned int *, const __half *, __half *, int, int)"
15992335421,68127,80602,1,2752,1,32,4,1,32,0.000,0.000,,,,,NVIDIA GeForce RTX 3090 (0),1,,7,"gemv_kernel_g128(const float4 *, const unsigned int *, const unsigned int *, const __half *, __half *, int, int)"
15992408252,39392,80606,1,1024,1,32,4,1,32,0.000,0.000,,,,,NVIDIA GeForce RTX 3090 (0),1,,7,"gemv_kernel_g128(const float4 *, const unsigned int *, const unsigned int *, const __half *, __half *, int, int)"
15992468892,88352,80612,1,3072,1,32,4,1,32,0.000,0.000,,,,,NVIDIA GeForce RTX 3090 (0),1,,7,"gemv_kernel_g128(const float4 *, const unsigned int *, const unsigned int *, const __half *, __half *, int, int)"
15994451959,71711,80760,1,1024,1,32,4,1,32,0.000,0.000,,,,,NVIDIA GeForce RTX 3090 (0),1,,7,"gemv_kernel_g128(const float4 *, const unsigned int *, const unsigned int *, const __half *, __half *, int, int)"
15994546454,67040,80766,1,2752,1,32,4,1,32,0.000,0.000,,,,,NVIDIA GeForce RTX 3090 (0),1,,7,"gemv_kernel_g128(const float4 *, const unsigned int *, const unsigned int *, const __half *, __half *, int, int)"
15994614934,68352,80768,1,2752,1,32,4,1,32,0.000,0.000,,,,,NVIDIA GeForce RTX 3090 (0),1,,7,"gemv_kernel_g128(const float4 *, const unsigned int *, const unsigned int *, const __half *, __half *, int, int)"
15994688438,38560,80772,1,1024,1,32,4,1,32,0.000,0.000,,,,,NVIDIA GeForce RTX 3090 (0),1,,7,"gemv_kernel_g128(const float4 *, const unsigned int *, const unsigned int *, const __half *, __half *, int, int)"
15994748054,90304,80778,1,3072,1,32,4,1,32,0.000,0.000,,,,,NVIDIA GeForce RTX 3090 (0),1,,7,"gemv_kernel_g128(const float4 *, const unsigned int *, const unsigned int *, const __half *, __half *, int, int)"
15996927152,77056,80926,1,1024,1,32,4,1,32,0.000,0.000,,,,,NVIDIA GeForce RTX 3090 (0),1,,7,"gemv_kernel_g128(const float4 *, const unsigned int *, const unsigned int *, const __half *, __half *, int, int)"
15997026960,69727,80932,1,2752,1,32,4,1,32,0.000,0.000,,,,,NVIDIA GeForce RTX 3090 (0),1,,7,"gemv_kernel_g128(const float4 *, const unsigned int *, const unsigned int *, const __half *, __half *, int, int)"
15997098159,71520,80934,1,2752,1,32,4,1,32,0.000,0.000,,,,,NVIDIA GeForce RTX 3090 (0),1,,7,"gemv_kernel_g128(const float4 *, const unsigned int *, const unsigned int *, const __half *, __half *, int, int)"
15997174831,37120,80938,1,1024,1,32,4,1,32,0.000,0.000,,,,,NVIDIA GeForce RTX 3090 (0),1,,7,"gemv_kernel_g128(const float4 *, const unsigned int *, const unsigned int *, const __half *, __half *, int, int)"
15997233007,98592,80944,1,3072,1,32,4,1,32,0.000,0.000,,,,,NVIDIA GeForce RTX 3090 (0),1,,7,"gemv_kernel_g128(const float4 *, const unsigned int *, const unsigned int *, const __half *, __half *, int, int)"
15999585128,84832,81092,1,1024,1,32,4,1,32,0.000,0.000,,,,,NVIDIA GeForce RTX 3090 (0),1,,7,"gemv_kernel_g128(const float4 *, const unsigned int *, const unsigned int *, const __half *, __half *, int, int)"
15999693608,73120,81098,1,2752,1,32,4,1,32,0.000,0.000,,,,,NVIDIA GeForce RTX 3090 (0),1,,7,"gemv_kernel_g128(const float4 *, const unsigned int *, const unsigned int *, const __half *, __half *, int, int)"
15999768232,73568,81100,1,2752,1,32,4,1,32,0.000,0.000,,,,,NVIDIA GeForce RTX 3090 (0),1,,7,"gemv_kernel_g128(const float4 *, const unsigned int *, const unsigned int *, const __half *, __half *, int, int)"
15999846472,37984,81104,1,1024,1,32,4,1,32,0.000,0.000,,,,,NVIDIA GeForce RTX 3090 (0),1,,7,"gemv_kernel_g128(const float4 *, const unsigned int *, const unsigned int *, const __half *, __half *, int, int)"
15999905704,95743,81110,1,3072,1,32,4,1,32,0.000,0.000,,,,,NVIDIA GeForce RTX 3090 (0),1,,7,"gemv_kernel_g128(const float4 *, const unsigned int *, const unsigned int *, const __half *, __half *, int, int)"
16002001538,74144,81258,1,1024,1,32,4,1,32,0.000,0.000,,,,,NVIDIA GeForce RTX 3090 (0),1,,7,"gemv_kernel_g128(const float4 *, const unsigned int *, const unsigned int *, const __half *, __half *, int, int)"
16002096834,66111,81264,1,2752,1,32,4,1,32,0.000,0.000,,,,,NVIDIA GeForce RTX 3090 (0),1,,7,"gemv_kernel_g128(const float4 *, const unsigned int *, const unsigned int *, const __half *, __half *, int, int)"
16002164865,65664,81266,1,2752,1,32,4,1,32,0.000,0.000,,,,,NVIDIA GeForce RTX 3090 (0),1,,7,"gemv_kernel_g128(const float4 *, const unsigned int *, const unsigned int *, const __half *, __half *, int, int)"
16002235297,39424,81270,1,1024,1,32,4,1,32,0.000,0.000,,,,,NVIDIA GeForce RTX 3090 (0),1,,7,"gemv_kernel_g128(const float4 *, const unsigned int *, const unsigned int *, const __half *, __half *, int, int)"
16002296737,91744,81276,1,3072,1,32,4,1,32,0.000,0.000,,,,,NVIDIA GeForce RTX 3090 (0),1,,7,"gemv_kernel_g128(const float4 *, const unsigned int *, const unsigned int *, const __half *, __half *, int, int)"
16004909626,81120,81424,1,1024,1,32,4,1,32,0.000,0.000,,,,,NVIDIA GeForce RTX 3090 (0),1,,7,"gemv_kernel_g128(const float4 *, const unsigned int *, const unsigned int *, const __half *, __half *, int, int)"
16005013945,70560,81430,1,2752,1,32,4,1,32,0.000,0.000,,,,,NVIDIA GeForce RTX 3090 (0),1,,7,"gemv_kernel_g128(const float4 *, const unsigned int *, const unsigned int *, const __half *, __half *, int, int)"
16005085977,463327,81432,1,2752,1,32,4,1,32,0.000,0.000,,,,,NVIDIA GeForce RTX 3090 (0),1,,7,"gemv_kernel_g128(const float4 *, const unsigned int *, const unsigned int *, const __half *, __half *, int, int)"
16005554968,40288,81436,1,1024,1,32,4,1,32,0.000,0.000,,,,,NVIDIA GeForce RTX 3090 (0),1,,7,"gemv_kernel_g128(const float4 *, const unsigned int *, const unsigned int *, const __half *, __half *, int, int)"
16005617176,98719,81442,1,3072,1,32,4,1,32,0.000,0.000,,,,,NVIDIA GeForce RTX 3090 (0),1,,7,"gemv_kernel_g128(const float4 *, const unsigned int *, const unsigned int *, const __half *, __half *, int, int)"
16007994161,76224,81590,1,1024,1,32,4,1,32,0.000,0.000,,,,,NVIDIA GeForce RTX 3090 (0),1,,7,"gemv_kernel_g128(const float4 *, const unsigned int *, const unsigned int *, const __half *, __half *, int, int)"
16008091633,72032,81596,1,2752,1,32,4,1,32,0.000,0.000,,,,,NVIDIA GeForce RTX 3090 (0),1,,7,"gemv_kernel_g128(const float4 *, const unsigned int *, const unsigned int *, const __half *, __half *, int, int)"
16008165137,68896,81598,1,2752,1,32,4,1,32,0.000,0.000,,,,,NVIDIA GeForce RTX 3090 (0),1,,7,"gemv_kernel_g128(const float4 *, const unsigned int *, const unsigned int *, const __half *, __half *, int, int)"
16008239089,37087,81602,1,1024,1,32,4,1,32,0.000,0.000,,,,,NVIDIA GeForce RTX 3090 (0),1,,7,"gemv_kernel_g128(const float4 *, const unsigned int *, const unsigned int *, const __half *, __half *, int, int)"
16008296560,89984,81608,1,3072,1,32,4,1,32,0.000,0.000,,,,,NVIDIA GeForce RTX 3090 (0),1,,7,"gemv_kernel_g128(const float4 *, const unsigned int *, const unsigned int *, const __half *, __half *, int, int)"
16010563306,80704,81756,1,1024,1,32,4,1,32,0.000,0.000,,,,,NVIDIA GeForce RTX 3090 (0),1,,7,"gemv_kernel_g128(const float4 *, const unsigned int *, const unsigned int *, const __half *, __half *, int, int)"
16010666954,72320,81762,1,2752,1,32,4,1,32,0.000,0.000,,,,,NVIDIA GeForce RTX 3090 (0),1,,7,"gemv_kernel_g128(const float4 *, const unsigned int *, const unsigned int *, const __half *, __half *, int, int)"
16010740746,73215,81764,1,2752,1,32,4,1,32,0.000,0.000,,,,,NVIDIA GeForce RTX 3090 (0),1,,7,"gemv_kernel_g128(const float4 *, const unsigned int *, const unsigned int *, const __half *, __half *, int, int)"
16010822089,37376,81768,1,1024,1,32,4,1,32,0.000,0.000,,,,,NVIDIA GeForce RTX 3090 (0),1,,7,"gemv_kernel_g128(const float4 *, const unsigned int *, const unsigned int *, const __half *, __half *, int, int)"
16010881769,105664,81774,1,3072,1,32,4,1,32,0.000,0.000,,,,,NVIDIA GeForce RTX 3090 (0),1,,7,"gemv_kernel_g128(const float4 *, const unsigned int *, const unsigned int *, const __half *, __half *, int, int)"
16013276579,76767,81922,1,1024,1,32,4,1,32,0.000,0.000,,,,,NVIDIA GeForce RTX 3090 (0),1,,7,"gemv_kernel_g128(const float4 *, const unsigned int *, const unsigned int *, const __half *, __half *, int, int)"
16013375906,68608,81928,1,2752,1,32,4,1,32,0.000,0.000,,,,,NVIDIA GeForce RTX 3090 (0),1,,7,"gemv_kernel_g128(const float4 *, const unsigned int *, const unsigned int *, const __half *, __half *, int, int)"
16013446370,69056,81930,1,2752,1,32,4,1,32,0.000,0.000,,,,,NVIDIA GeForce RTX 3090 (0),1,,7,"gemv_kernel_g128(const float4 *, const unsigned int *, const unsigned int *, const __half *, __half *, int, int)"
16013520258,37952,81934,1,1024,1,32,4,1,32,0.000,0.000,,,,,NVIDIA GeForce RTX 3090 (0),1,,7,"gemv_kernel_g128(const float4 *, const unsigned int *, const unsigned int *, const __half *, __half *, int, int)"
16013580386,91839,81940,1,3072,1,32,4,1,32,0.000,0.000,,,,,NVIDIA GeForce RTX 3090 (0),1,,7,"gemv_kernel_g128(const float4 *, const unsigned int *, const unsigned int *, const __half *, __half *, int, int)"
16015816764,73215,82088,1,1024,1,32,4,1,32,0.000,0.000,,,,,NVIDIA GeForce RTX 3090 (0),1,,7,"gemv_kernel_g128(const float4 *, const unsigned int *, const unsigned int *, const __half *, __half *, int, int)"
16015913083,67040,82094,1,2752,1,32,4,1,32,0.000,0.000,,,,,NVIDIA GeForce RTX 3090 (0),1,,7,"gemv_kernel_g128(const float4 *, const unsigned int *, const unsigned int *, const __half *, __half *, int, int)"
16015981595,67232,82096,1,2752,1,32,4,1,32,0.000,0.000,,,,,NVIDIA GeForce RTX 3090 (0),1,,7,"gemv_kernel_g128(const float4 *, const unsigned int *, const unsigned int *, const __half *, __half *, int, int)"
16016054043,38912,82100,1,1024,1,32,4,1,32,0.000,0.000,,,,,NVIDIA GeForce RTX 3090 (0),1,,7,"gemv_kernel_g128(const float4 *, const unsigned int *, const unsigned int *, const __half *, __half *, int, int)"
16016119483,93663,82106,1,3072,1,32,4,1,32,0.000,0.000,,,,,NVIDIA GeForce RTX 3090 (0),1,,7,"gemv_kernel_g128(const float4 *, const unsigned int *, const unsigned int *, const __half *, __half *, int, int)"
16018263861,80928,82254,1,1024,1,32,4,1,32,0.000,0.000,,,,,NVIDIA GeForce RTX 3090 (0),1,,7,"gemv_kernel_g128(const float4 *, const unsigned int *, const unsigned int *, const __half *, __half *, int, int)"
16018367124,68288,82260,1,2752,1,32,4,1,32,0.000,0.000,,,,,NVIDIA GeForce RTX 3090 (0),1,,7,"gemv_kernel_g128(const float4 *, const unsigned int *, const unsigned int *, const __half *, __half *, int, int)"
16018437076,68256,82262,1,2752,1,32,4,1,32,0.000,0.000,,,,,NVIDIA GeForce RTX 3090 (0),1,,7,"gemv_kernel_g128(const float4 *, const unsigned int *, const unsigned int *, const __half *, __half *, int, int)"
16018510420,36544,82266,1,1024,1,32,4,1,32,0.000,0.000,,,,,NVIDIA GeForce RTX 3090 (0),1,,7,"gemv_kernel_g128(const float4 *, const unsigned int *, const unsigned int *, const __half *, __half *, int, int)"
16018568468,95936,82272,1,3072,1,32,4,1,32,0.000,0.000,,,,,NVIDIA GeForce RTX 3090 (0),1,,7,"gemv_kernel_g128(const float4 *, const unsigned int *, const unsigned int *, const __half *, __half *, int, int)"
16020883374,75839,82420,1,1024,1,32,4,1,32,0.000,0.000,,,,,NVIDIA GeForce RTX 3090 (0),1,,7,"gemv_kernel_g128(const float4 *, const unsigned int *, const unsigned int *, const __half *, __half *, int, int)"
16020981005,70240,82426,1,2752,1,32,4,1,32,0.000,0.000,,,,,NVIDIA GeForce RTX 3090 (0),1,,7,"gemv_kernel_g128(const float4 *, const unsigned int *, const unsigned int *, const __half *, __half *, int, int)"
16021052621,67360,82428,1,2752,1,32,4,1,32,0.000,0.000,,,,,NVIDIA GeForce RTX 3090 (0),1,,7,"gemv_kernel_g128(const float4 *, const unsigned int *, const unsigned int *, const __half *, __half *, int, int)"
16021124685,38240,82432,1,1024,1,32,4,1,32,0.000,0.000,,,,,NVIDIA GeForce RTX 3090 (0),1,,7,"gemv_kernel_g128(const float4 *, const unsigned int *, const unsigned int *, const __half *, __half *, int, int)"
16021184333,137823,82438,1,8000,1,32,4,1,32,0.000,0.000,,,,,NVIDIA GeForce RTX 3090 (0),1,,7,"gemv_kernel_g128(const float4 *, const unsigned int *, const unsigned int *, const __half *, __half *, int, int)"
16051657400,98016,82452,1,3072,1,32,4,1,32,0.000,0.000,,,,,NVIDIA GeForce RTX 3090 (0),1,,7,"gemv_kernel_g128(const float4 *, const unsigned int *, const unsigned int *, const __half *, __half *, int, int)"
16053552595,76928,82600,1,1024,1,32,4,1,32,0.000,0.000,,,,,NVIDIA GeForce RTX 3090 (0),1,,7,"gemv_kernel_g128(const float4 *, const unsigned int *, const unsigned int *, const __half *, __half *, int, int)"
16053651091,66656,82606,1,2752,1,32,4,1,32,0.000,0.000,,,,,NVIDIA GeForce RTX 3090 (0),1,,7,"gemv_kernel_g128(const float4 *, const unsigned int *, const unsigned int *, const __half *, __half *, int, int)"
16053719283,67263,82608,1,2752,1,32,4,1,32,0.000,0.000,,,,,NVIDIA GeForce RTX 3090 (0),1,,7,"gemv_kernel_g128(const float4 *, const unsigned int *, const unsigned int *, const __half *, __half *, int, int)"
16053791282,37088,82612,1,1024,1,32,4,1,32,0.000,0.000,,,,,NVIDIA GeForce RTX 3090 (0),1,,7,"gemv_kernel_g128(const float4 *, const unsigned int *, const unsigned int *, const __half *, __half *, int, int)"
16053849234,90368,82618,1,3072,1,32,4,1,32,0.000,0.000,,,,,NVIDIA GeForce RTX 3090 (0),1,,7,"gemv_kernel_g128(const float4 *, const unsigned int *, const unsigned int *, const __half *, __half *, int, int)"
16055733037,74880,82766,1,1024,1,32,4,1,32,0.000,0.000,,,,,NVIDIA GeForce RTX 3090 (0),1,,7,"gemv_kernel_g128(const float4 *, const unsigned int *, const unsigned int *, const __half *, __half *, int, int)"
16055828525,65664,82772,1,2752,1,32,4,1,32,0.000,0.000,,,,,NVIDIA GeForce RTX 3090 (0),1,,7,"gemv_kernel_g128(const float4 *, const unsigned int *, const unsigned int *, const __half *, __half *, int, int)"
16055896013,67519,82774,1,2752,1,32,4,1,32,0.000,0.000,,,,,NVIDIA GeForce RTX 3090 (0),1,,7,"gemv_kernel_g128(const float4 *, const unsigned int *, const unsigned int *, const __half *, __half *, int, int)"
16055968268,37248,82778,1,1024,1,32,4,1,32,0.000,0.000,,,,,NVIDIA GeForce RTX 3090 (0),1,,7,"gemv_kernel_g128(const float4 *, const unsigned int *, const unsigned int *, const __half *, __half *, int, int)"
16056026220,91200,82784,1,3072,1,32,4,1,32,0.000,0.000,,,,,NVIDIA GeForce RTX 3090 (0),1,,7,"gemv_kernel_g128(const float4 *, const unsigned int *, const unsigned int *, const __half *, __half *, int, int)"
16058036743,73983,82932,1,1024,1,32,4,1,32,0.000,0.000,,,,,NVIDIA GeForce RTX 3090 (0),1,,7,"gemv_kernel_g128(const float4 *, const unsigned int *, const unsigned int *, const __half *, __half *, int, int)"
16058133094,67616,82938,1,2752,1,32,4,1,32,0.000,0.000,,,,,NVIDIA GeForce RTX 3090 (0),1,,7,"gemv_kernel_g128(const float4 *, const unsigned int *, const unsigned int *, const __half *, __half *, int, int)"
16058202182,66944,82940,1,2752,1,32,4,1,32,0.000,0.000,,,,,NVIDIA GeForce RTX 3090 (0),1,,7,"gemv_kernel_g128(const float4 *, const unsigned int *, const unsigned int *, const __half *, __half *, int, int)"
16058274246,36800,82944,1,1024,1,32,4,1,32,0.000,0.000,,,,,NVIDIA GeForce RTX 3090 (0),1,,7,"gemv_kernel_g128(const float4 *, const unsigned int *, const unsigned int *, const __half *, __half *, int, int)"
16058332006,90912,82950,1,3072,1,32,4,1,32,0.000,0.000,,,,,NVIDIA GeForce RTX 3090 (0),1,,7,"gemv_kernel_g128(const float4 *, const unsigned int *, const unsigned int *, const __half *, __half *, int, int)"
16060111009,74976,83098,1,1024,1,32,4,1,32,0.000,0.000,,,,,NVIDIA GeForce RTX 3090 (0),1,,7,"gemv_kernel_g128(const float4 *, const unsigned int *, const unsigned int *, const __half *, __half *, int, int)"
16060211169,67711,83104,1,2752,1,32,4,1,32,0.000,0.000,,,,,NVIDIA GeForce RTX 3090 (0),1,,7,"gemv_kernel_g128(const float4 *, const unsigned int *, const unsigned int *, const __half *, __half *, int, int)"
16060280384,69280,83106,1,2752,1,32,4,1,32,0.000,0.000,,,,,NVIDIA GeForce RTX 3090 (0),1,,7,"gemv_kernel_g128(const float4 *, const unsigned int *, const unsigned int *, const __half *, __half *, int, int)"
16060354784,38848,83110,1,1024,1,32,4,1,32,0.000,0.000,,,,,NVIDIA GeForce RTX 3090 (0),1,,7,"gemv_kernel_g128(const float4 *, const unsigned int *, const unsigned int *, const __half *, __half *, int, int)"
16060413728,89664,83116,1,3072,1,32,4,1,32,0.000,0.000,,,,,NVIDIA GeForce RTX 3090 (0),1,,7,"gemv_kernel_g128(const float4 *, const unsigned int *, const unsigned int *, const __half *, __half *, int, int)"
16062235963,76640,83264,1,1024,1,32,4,1,32,0.000,0.000,,,,,NVIDIA GeForce RTX 3090 (0),1,,7,"gemv_kernel_g128(const float4 *, const unsigned int *, const unsigned int *, const __half *, __half *, int, int)"
16062333691,66016,83270,1,2752,1,32,4,1,32,0.000,0.000,,,,,NVIDIA GeForce RTX 3090 (0),1,,7,"gemv_kernel_g128(const float4 *, const unsigned int *, const unsigned int *, const __half *, __half *, int, int)"
16062401211,65055,83272,1,2752,1,32,4,1,32,0.000,0.000,,,,,NVIDIA GeForce RTX 3090 (0),1,,7,"gemv_kernel_g128(const float4 *, const unsigned int *, const unsigned int *, const __half *, __half *, int, int)"
16062470970,38112,83276,1,1024,1,32,4,1,32,0.000,0.000,,,,,NVIDIA GeForce RTX 3090 (0),1,,7,"gemv_kernel_g128(const float4 *, const unsigned int *, const unsigned int *, const __half *, __half *, int, int)"
16062530458,92448,83282,1,3072,1,32,4,1,32,0.000,0.000,,,,,NVIDIA GeForce RTX 3090 (0),1,,7,"gemv_kernel_g128(const float4 *, const unsigned int *, const unsigned int *, const __half *, __half *, int, int)"
16064309749,95008,83430,1,1024,1,32,4,1,32,0.000,0.000,,,,,NVIDIA GeForce RTX 3090 (0),1,,7,"gemv_kernel_g128(const float4 *, const unsigned int *, const unsigned int *, const __half *, __half *, int, int)"
16064452149,95040,83436,1,2752,1,32,4,1,32,0.000,0.000,,,,,NVIDIA GeForce RTX 3090 (0),1,,7,"gemv_kernel_g128(const float4 *, const unsigned int *, const unsigned int *, const __half *, __half *, int, int)"
16064549109,89216,83438,1,2752,1,32,4,1,32,0.000,0.000,,,,,NVIDIA GeForce RTX 3090 (0),1,,7,"gemv_kernel_g128(const float4 *, const unsigned int *, const unsigned int *, const __half *, __half *, int, int)"
16064643157,38400,83442,1,1024,1,32,4,1,32,0.000,0.000,,,,,NVIDIA GeForce RTX 3090 (0),1,,7,"gemv_kernel_g128(const float4 *, const unsigned int *, const unsigned int *, const __half *, __half *, int, int)"
16064703253,125664,83448,1,3072,1,32,4,1,32,0.000,0.000,,,,,NVIDIA GeForce RTX 3090 (0),1,,7,"gemv_kernel_g128(const float4 *, const unsigned int *, const unsigned int *, const __half *, __half *, int, int)"
16067125813,74016,83596,1,1024,1,32,4,1,32,0.000,0.000,,,,,NVIDIA GeForce RTX 3090 (0),1,,7,"gemv_kernel_g128(const float4 *, const unsigned int *, const unsigned int *, const __half *, __half *, int, int)"
16067221909,65856,83602,1,2752,1,32,4,1,32,0.000,0.000,,,,,NVIDIA GeForce RTX 3090 (0),1,,7,"gemv_kernel_g128(const float4 *, const unsigned int *, const unsigned int *, const __half *, __half *, int, int)"
16067289269,65472,83604,1,2752,1,32,4,1,32,0.000,0.000,,,,,NVIDIA GeForce RTX 3090 (0),1,,7,"gemv_kernel_g128(const float4 *, const unsigned int *, const unsigned int *, const __half *, __half *, int, int)"
16067359861,39008,83608,1,1024,1,32,4,1,32,0.000,0.000,,,,,NVIDIA GeForce RTX 3090 (0),1,,7,"gemv_kernel_g128(const float4 *, const unsigned int *, const unsigned int *, const __half *, __half *, int, int)"
16067420021,87520,83614,1,3072,1,32,4,1,32,0.000,0.000,,,,,NVIDIA GeForce RTX 3090 (0),1,,7,"gemv_kernel_g128(const float4 *, const unsigned int *, const unsigned int *, const __half *, __half *, int, int)"
16069335636,75808,83762,1,1024,1,32,4,1,32,0.000,0.000,,,,,NVIDIA GeForce RTX 3090 (0),1,,7,"gemv_kernel_g128(const float4 *, const unsigned int *, const unsigned int *, const __half *, __half *, int, int)"
16069432980,65824,83768,1,2752,1,32,4,1,32,0.000,0.000,,,,,NVIDIA GeForce RTX 3090 (0),1,,7,"gemv_kernel_g128(const float4 *, const unsigned int *, const unsigned int *, const __half *, __half *, int, int)"
16069500148,66752,83770,1,2752,1,32,4,1,32,0.000,0.000,,,,,NVIDIA GeForce RTX 3090 (0),1,,7,"gemv_kernel_g128(const float4 *, const unsigned int *, const unsigned int *, const __half *, __half *, int, int)"
16069571988,39904,83774,1,1024,1,32,4,1,32,0.000,0.000,,,,,NVIDIA GeForce RTX 3090 (0),1,,7,"gemv_kernel_g128(const float4 *, const unsigned int *, const unsigned int *, const __half *, __half *, int, int)"
16069632372,88896,83780,1,3072,1,32,4,1,32,0.000,0.000,,,,,NVIDIA GeForce RTX 3090 (0),1,,7,"gemv_kernel_g128(const float4 *, const unsigned int *, const unsigned int *, const __half *, __half *, int, int)"
16071565012,77600,83928,1,1024,1,32,4,1,32,0.000,0.000,,,,,NVIDIA GeForce RTX 3090 (0),1,,7,"gemv_kernel_g128(const float4 *, const unsigned int *, const unsigned int *, const __half *, __half *, int, int)"
16071664660,76640,83934,1,2752,1,32,4,1,32,0.000,0.000,,,,,NVIDIA GeForce RTX 3090 (0),1,,7,"gemv_kernel_g128(const float4 *, const unsigned int *, const unsigned int *, const __half *, __half *, int, int)"
16071742804,76928,83936,1,2752,1,32,4,1,32,0.000,0.000,,,,,NVIDIA GeForce RTX 3090 (0),1,,7,"gemv_kernel_g128(const float4 *, const unsigned int *, const unsigned int *, const __half *, __half *, int, int)"
16071824628,38784,83940,1,1024,1,32,4,1,32,0.000,0.000,,,,,NVIDIA GeForce RTX 3090 (0),1,,7,"gemv_kernel_g128(const float4 *, const unsigned int *, const unsigned int *, const __half *, __half *, int, int)"
16071884500,97632,83946,1,3072,1,32,4,1,32,0.000,0.000,,,,,NVIDIA GeForce RTX 3090 (0),1,,7,"gemv_kernel_g128(const float4 *, const unsigned int *, const unsigned int *, const __half *, __half *, int, int)"
16073837331,70624,84094,1,1024,1,32,4,1,32,0.000,0.000,,,,,NVIDIA GeForce RTX 3090 (0),1,,7,"gemv_kernel_g128(const float4 *, const unsigned int *, const unsigned int *, const __half *, __half *, int, int)"
16073929043,66080,84100,1,2752,1,32,4,1,32,0.000,0.000,,,,,NVIDIA GeForce RTX 3090 (0),1,,7,"gemv_kernel_g128(const float4 *, const unsigned int *, const unsigned int *, const __half *, __half *, int, int)"
16073997011,66272,84102,1,2752,1,32,4,1,32,0.000,0.000,,,,,NVIDIA GeForce RTX 3090 (0),1,,7,"gemv_kernel_g128(const float4 *, const unsigned int *, const unsigned int *, const __half *, __half *, int, int)"
16074067987,38240,84106,1,1024,1,32,4,1,32,0.000,0.000,,,,,NVIDIA GeForce RTX 3090 (0),1,,7,"gemv_kernel_g128(const float4 *, const unsigned int *, const unsigned int *, const __half *, __half *, int, int)"
16074126835,91232,84112,1,3072,1,32,4,1,32,0.000,0.000,,,,,NVIDIA GeForce RTX 3090 (0),1,,7,"gemv_kernel_g128(const float4 *, const unsigned int *, const unsigned int *, const __half *, __half *, int, int)"
16075959923,72384,84260,1,1024,1,32,4,1,32,0.000,0.000,,,,,NVIDIA GeForce RTX 3090 (0),1,,7,"gemv_kernel_g128(const float4 *, const unsigned int *, const unsigned int *, const __half *, __half *, int, int)"
16076054803,64927,84266,1,2752,1,32,4,1,32,0.000,0.000,,,,,NVIDIA GeForce RTX 3090 (0),1,,7,"gemv_kernel_g128(const float4 *, const unsigned int *, const unsigned int *, const __half *, __half *, int, int)"
16076121170,65920,84268,1,2752,1,32,4,1,32,0.000,0.000,,,,,NVIDIA GeForce RTX 3090 (0),1,,7,"gemv_kernel_g128(const float4 *, const unsigned int *, const unsigned int *, const __half *, __half *, int, int)"
16076192242,37760,84272,1,1024,1,32,4,1,32,0.000,0.000,,,,,NVIDIA GeForce RTX 3090 (0),1,,7,"gemv_kernel_g128(const float4 *, const unsigned int *, const unsigned int *, const __half *, __half *, int, int)"
16076250962,92896,84278,1,3072,1,32,4,1,32,0.000,0.000,,,,,NVIDIA GeForce RTX 3090 (0),1,,7,"gemv_kernel_g128(const float4 *, const unsigned int *, const unsigned int *, const __half *, __half *, int, int)"
16078010578,79104,84426,1,1024,1,32,4,1,32,0.000,0.000,,,,,NVIDIA GeForce RTX 3090 (0),1,,7,"gemv_kernel_g128(const float4 *, const unsigned int *, const unsigned int *, const __half *, __half *, int, int)"
16078111890,70560,84432,1,2752,1,32,4,1,32,0.000,0.000,,,,,NVIDIA GeForce RTX 3090 (0),1,,7,"gemv_kernel_g128(const float4 *, const unsigned int *, const unsigned int *, const __half *, __half *, int, int)"
16078183826,68096,84434,1,2752,1,32,4,1,32,0.000,0.000,,,,,NVIDIA GeForce RTX 3090 (0),1,,7,"gemv_kernel_g128(const float4 *, const unsigned int *, const unsigned int *, const __half *, __half *, int, int)"
16078257202,38432,84438,1,1024,1,32,4,1,32,0.000,0.000,,,,,NVIDIA GeForce RTX 3090 (0),1,,7,"gemv_kernel_g128(const float4 *, const unsigned int *, const unsigned int *, const __half *, __half *, int, int)"
16078316274,94688,84444,1,3072,1,32,4,1,32,0.000,0.000,,,,,NVIDIA GeForce RTX 3090 (0),1,,7,"gemv_kernel_g128(const float4 *, const unsigned int *, const unsigned int *, const __half *, __half *, int, int)"
16080798289,90912,84592,1,1024,1,32,4,1,32,0.000,0.000,,,,,NVIDIA GeForce RTX 3090 (0),1,,7,"gemv_kernel_g128(const float4 *, const unsigned int *, const unsigned int *, const __half *, __half *, int, int)"
16080911985,71744,84598,1,2752,1,32,4,1,32,0.000,0.000,,,,,NVIDIA GeForce RTX 3090 (0),1,,7,"gemv_kernel_g128(const float4 *, const unsigned int *, const unsigned int *, const __half *, __half *, int, int)"
16080985201,78080,84600,1,2752,1,32,4,1,32,0.000,0.000,,,,,NVIDIA GeForce RTX 3090 (0),1,,7,"gemv_kernel_g128(const float4 *, const unsigned int *, const unsigned int *, const __half *, __half *, int, int)"
16081068273,38432,84604,1,1024,1,32,4,1,32,0.000,0.000,,,,,NVIDIA GeForce RTX 3090 (0),1,,7,"gemv_kernel_g128(const float4 *, const unsigned int *, const unsigned int *, const __half *, __half *, int, int)"
16081128305,106592,84610,1,3072,1,32,4,1,32,0.000,0.000,,,,,NVIDIA GeForce RTX 3090 (0),1,,7,"gemv_kernel_g128(const float4 *, const unsigned int *, const unsigned int *, const __half *, __half *, int, int)"
16083084305,69952,84758,1,1024,1,32,4,1,32,0.000,0.000,,,,,NVIDIA GeForce RTX 3090 (0),1,,7,"gemv_kernel_g128(const float4 *, const unsigned int *, const unsigned int *, const __half *, __half *, int, int)"
16083176177,65632,84764,1,2752,1,32,4,1,32,0.000,0.000,,,,,NVIDIA GeForce RTX 3090 (0),1,,7,"gemv_kernel_g128(const float4 *, const unsigned int *, const unsigned int *, const __half *, __half *, int, int)"
16083243729,65920,84766,1,2752,1,32,4,1,32,0.000,0.000,,,,,NVIDIA GeForce RTX 3090 (0),1,,7,"gemv_kernel_g128(const float4 *, const unsigned int *, const unsigned int *, const __half *, __half *, int, int)"
16083314257,38464,84770,1,1024,1,32,4,1,32,0.000,0.000,,,,,NVIDIA GeForce RTX 3090 (0),1,,7,"gemv_kernel_g128(const float4 *, const unsigned int *, const unsigned int *, const __half *, __half *, int, int)"
16083374129,90208,84776,1,3072,1,32,4,1,32,0.000,0.000,,,,,NVIDIA GeForce RTX 3090 (0),1,,7,"gemv_kernel_g128(const float4 *, const unsigned int *, const unsigned int *, const __half *, __half *, int, int)"
16085251408,84992,84924,1,1024,1,32,4,1,32,0.000,0.000,,,,,NVIDIA GeForce RTX 3090 (0),1,,7,"gemv_kernel_g128(const float4 *, const unsigned int *, const unsigned int *, const __half *, __half *, int, int)"
16085360784,81056,84930,1,2752,1,32,4,1,32,0.000,0.000,,,,,NVIDIA GeForce RTX 3090 (0),1,,7,"gemv_kernel_g128(const float4 *, const unsigned int *, const unsigned int *, const __half *, __half *, int, int)"
16085443344,81280,84932,1,2752,1,32,4,1,32,0.000,0.000,,,,,NVIDIA GeForce RTX 3090 (0),1,,7,"gemv_kernel_g128(const float4 *, const unsigned int *, const unsigned int *, const __half *, __half *, int, int)"
16085529872,37984,84936,1,1024,1,32,4,1,32,0.000,0.000,,,,,NVIDIA GeForce RTX 3090 (0),1,,7,"gemv_kernel_g128(const float4 *, const unsigned int *, const unsigned int *, const __half *, __half *, int, int)"
16085588880,100512,84942,1,3072,1,32,4,1,32,0.000,0.000,,,,,NVIDIA GeForce RTX 3090 (0),1,,7,"gemv_kernel_g128(const float4 *, const unsigned int *, const unsigned int *, const __half *, __half *, int, int)"
16087980272,69472,85090,1,1024,1,32,4,1,32,0.000,0.000,,,,,NVIDIA GeForce RTX 3090 (0),1,,7,"gemv_kernel_g128(const float4 *, const unsigned int *, const unsigned int *, const __half *, __half *, int, int)"
16088071408,65568,85096,1,2752,1,32,4,1,32,0.000,0.000,,,,,NVIDIA GeForce RTX 3090 (0),1,,7,"gemv_kernel_g128(const float4 *, const unsigned int *, const unsigned int *, const __half *, __half *, int, int)"
16088138384,64960,85098,1,2752,1,32,4,1,32,0.000,0.000,,,,,NVIDIA GeForce RTX 3090 (0),1,,7,"gemv_kernel_g128(const float4 *, const unsigned int *, const unsigned int *, const __half *, __half *, int, int)"
16088208592,37184,85102,1,1024,1,32,4,1,32,0.000,0.000,,,,,NVIDIA GeForce RTX 3090 (0),1,,7,"gemv_kernel_g128(const float4 *, const unsigned int *, const unsigned int *, const __half *, __half *, int, int)"
16088266672,90111,85108,1,3072,1,32,4,1,32,0.000,0.000,,,,,NVIDIA GeForce RTX 3090 (0),1,,7,"gemv_kernel_g128(const float4 *, const unsigned int *, const unsigned int *, const __half *, __half *, int, int)"
16090243791,71360,85256,1,1024,1,32,4,1,32,0.000,0.000,,,,,NVIDIA GeForce RTX 3090 (0),1,,7,"gemv_kernel_g128(const float4 *, const unsigned int *, const unsigned int *, const __half *, __half *, int, int)"
16090337455,65600,85262,1,2752,1,32,4,1,32,0.000,0.000,,,,,NVIDIA GeForce RTX 3090 (0),1,,7,"gemv_kernel_g128(const float4 *, const unsigned int *, const unsigned int *, const __half *, __half *, int, int)"
16090404495,65568,85264,1,2752,1,32,4,1,32,0.000,0.000,,,,,NVIDIA GeForce RTX 3090 (0),1,,7,"gemv_kernel_g128(const float4 *, const unsigned int *, const unsigned int *, const __half *, __half *, int, int)"
16090474863,37472,85268,1,1024,1,32,4,1,32,0.000,0.000,,,,,NVIDIA GeForce RTX 3090 (0),1,,7,"gemv_kernel_g128(const float4 *, const unsigned int *, const unsigned int *, const __half *, __half *, int, int)"
16090533519,90112,85274,1,3072,1,32,4,1,32,0.000,0.000,,,,,NVIDIA GeForce RTX 3090 (0),1,,7,"gemv_kernel_g128(const float4 *, const unsigned int *, const unsigned int *, const __half *, __half *, int, int)"
16092514350,73152,85422,1,1024,1,32,4,1,32,0.000,0.000,,,,,NVIDIA GeForce RTX 3090 (0),1,,7,"gemv_kernel_g128(const float4 *, const unsigned int *, const unsigned int *, const __half *, __half *, int, int)"
16092609134,66272,85428,1,2752,1,32,4,1,32,0.000,0.000,,,,,NVIDIA GeForce RTX 3090 (0),1,,7,"gemv_kernel_g128(const float4 *, const unsigned int *, const unsigned int *, const __half *, __half *, int, int)"
16092677326,65184,85430,1,2752,1,32,4,1,32,0.000,0.000,,,,,NVIDIA GeForce RTX 3090 (0),1,,7,"gemv_kernel_g128(const float4 *, const unsigned int *, const unsigned int *, const __half *, __half *, int, int)"
16092747118,39456,85434,1,1024,1,32,4,1,32,0.000,0.000,,,,,NVIDIA GeForce RTX 3090 (0),1,,7,"gemv_kernel_g128(const float4 *, const unsigned int *, const unsigned int *, const __half *, __half *, int, int)"
16092807534,88544,85440,1,3072,1,32,4,1,32,0.000,0.000,,,,,NVIDIA GeForce RTX 3090 (0),1,,7,"gemv_kernel_g128(const float4 *, const unsigned int *, const unsigned int *, const __half *, __half *, int, int)"
16095205198,78976,85588,1,1024,1,32,4,1,32,0.000,0.000,,,,,NVIDIA GeForce RTX 3090 (0),1,,7,"gemv_kernel_g128(const float4 *, const unsigned int *, const unsigned int *, const __half *, __half *, int, int)"
16095306478,64896,85594,1,2752,1,32,4,1,32,0.000,0.000,,,,,NVIDIA GeForce RTX 3090 (0),1,,7,"gemv_kernel_g128(const float4 *, const unsigned int *, const unsigned int *, const __half *, __half *, int, int)"
16095372878,65056,85596,1,2752,1,32,4,1,32,0.000,0.000,,,,,NVIDIA GeForce RTX 3090 (0),1,,7,"gemv_kernel_g128(const float4 *, const unsigned int *, const unsigned int *, const __half *, __half *, int, int)"
16095443214,37824,85600,1,1024,1,32,4,1,32,0.000,0.000,,,,,NVIDIA GeForce RTX 3090 (0),1,,7,"gemv_kernel_g128(const float4 *, const unsigned int *, const unsigned int *, const __half *, __half *, int, int)"
16095502478,89536,85606,1,3072,1,32,4,1,32,0.000,0.000,,,,,NVIDIA GeForce RTX 3090 (0),1,,7,"gemv_kernel_g128(const float4 *, const unsigned int *, const unsigned int *, const __half *, __half *, int, int)"
16097405965,65792,85754,1,1024,1,32,4,1,32,0.000,0.000,,,,,NVIDIA GeForce RTX 3090 (0),1,,7,"gemv_kernel_g128(const float4 *, const unsigned int *, const unsigned int *, const __half *, __half *, int, int)"
16097494605,65728,85760,1,2752,1,32,4,1,32,0.000,0.000,,,,,NVIDIA GeForce RTX 3090 (0),1,,7,"gemv_kernel_g128(const float4 *, const unsigned int *, const unsigned int *, const __half *, __half *, int, int)"
16097561805,65120,85762,1,2752,1,32,4,1,32,0.000,0.000,,,,,NVIDIA GeForce RTX 3090 (0),1,,7,"gemv_kernel_g128(const float4 *, const unsigned int *, const unsigned int *, const __half *, __half *, int, int)"
16097632045,39424,85766,1,1024,1,32,4,1,32,0.000,0.000,,,,,NVIDIA GeForce RTX 3090 (0),1,,7,"gemv_kernel_g128(const float4 *, const unsigned int *, const unsigned int *, const __half *, __half *, int, int)"
16097691853,88352,85772,1,3072,1,32,4,1,32,0.000,0.000,,,,,NVIDIA GeForce RTX 3090 (0),1,,7,"gemv_kernel_g128(const float4 *, const unsigned int *, const unsigned int *, const __half *, __half *, int, int)"
16099608205,72992,85920,1,1024,1,32,4,1,32,0.000,0.000,,,,,NVIDIA GeForce RTX 3090 (0),1,,7,"gemv_kernel_g128(const float4 *, const unsigned int *, const unsigned int *, const __half *, __half *, int, int)"
16099704301,66048,85926,1,2752,1,32,4,1,32,0.000,0.000,,,,,NVIDIA GeForce RTX 3090 (0),1,,7,"gemv_kernel_g128(const float4 *, const unsigned int *, const unsigned int *, const __half *, __half *, int, int)"
16099771789,66048,85928,1,2752,1,32,4,1,32,0.000,0.000,,,,,NVIDIA GeForce RTX 3090 (0),1,,7,"gemv_kernel_g128(const float4 *, const unsigned int *, const unsigned int *, const __half *, __half *, int, int)"
16099842733,38848,85932,1,1024,1,32,4,1,32,0.000,0.000,,,,,NVIDIA GeForce RTX 3090 (0),1,,7,"gemv_kernel_g128(const float4 *, const unsigned int *, const unsigned int *, const __half *, __half *, int, int)"
16099902989,91968,85938,1,3072,1,32,4,1,32,0.000,0.000,,,,,NVIDIA GeForce RTX 3090 (0),1,,7,"gemv_kernel_g128(const float4 *, const unsigned int *, const unsigned int *, const __half *, __half *, int, int)"
16101879532,73248,86086,1,1024,1,32,4,1,32,0.000,0.000,,,,,NVIDIA GeForce RTX 3090 (0),1,,7,"gemv_kernel_g128(const float4 *, const unsigned int *, const unsigned int *, const __half *, __half *, int, int)"
16101974252,65856,86092,1,2752,1,32,4,1,32,0.000,0.000,,,,,NVIDIA GeForce RTX 3090 (0),1,,7,"gemv_kernel_g128(const float4 *, const unsigned int *, const unsigned int *, const __half *, __half *, int, int)"
16102042028,66048,86094,1,2752,1,32,4,1,32,0.000,0.000,,,,,NVIDIA GeForce RTX 3090 (0),1,,7,"gemv_kernel_g128(const float4 *, const unsigned int *, const unsigned int *, const __half *, __half *, int, int)"
16102112748,38080,86098,1,1024,1,32,4,1,32,0.000,0.000,,,,,NVIDIA GeForce RTX 3090 (0),1,,7,"gemv_kernel_g128(const float4 *, const unsigned int *, const unsigned int *, const __half *, __half *, int, int)"
16102171788,86944,86104,1,3072,1,32,4,1,32,0.000,0.000,,,,,NVIDIA GeForce RTX 3090 (0),1,,7,"gemv_kernel_g128(const float4 *, const unsigned int *, const unsigned int *, const __half *, __half *, int, int)"
16104086380,73920,86252,1,1024,1,32,4,1,32,0.000,0.000,,,,,NVIDIA GeForce RTX 3090 (0),1,,7,"gemv_kernel_g128(const float4 *, const unsigned int *, const unsigned int *, const __half *, __half *, int, int)"
16104181772,65920,86258,1,2752,1,32,4,1,32,0.000,0.000,,,,,NVIDIA GeForce RTX 3090 (0),1,,7,"gemv_kernel_g128(const float4 *, const unsigned int *, const unsigned int *, const __half *, __half *, int, int)"
16104249132,65440,86260,1,2752,1,32,4,1,32,0.000,0.000,,,,,NVIDIA GeForce RTX 3090 (0),1,,7,"gemv_kernel_g128(const float4 *, const unsigned int *, const unsigned int *, const __half *, __half *, int, int)"
16104319724,37152,86264,1,1024,1,32,4,1,32,0.000,0.000,,,,,NVIDIA GeForce RTX 3090 (0),1,,7,"gemv_kernel_g128(const float4 *, const unsigned int *, const unsigned int *, const __half *, __half *, int, int)"
16104378092,90880,86270,1,3072,1,32,4,1,32,0.000,0.000,,,,,NVIDIA GeForce RTX 3090 (0),1,,7,"gemv_kernel_g128(const float4 *, const unsigned int *, const unsigned int *, const __half *, __half *, int, int)"
16106293067,76960,86418,1,1024,1,32,4,1,32,0.000,0.000,,,,,NVIDIA GeForce RTX 3090 (0),1,,7,"gemv_kernel_g128(const float4 *, const unsigned int *, const unsigned int *, const __half *, __half *, int, int)"
16106392779,66560,86424,1,2752,1,32,4,1,32,0.000,0.000,,,,,NVIDIA GeForce RTX 3090 (0),1,,7,"gemv_kernel_g128(const float4 *, const unsigned int *, const unsigned int *, const __half *, __half *, int, int)"
16106460747,65856,86426,1,2752,1,32,4,1,32,0.000,0.000,,,,,NVIDIA GeForce RTX 3090 (0),1,,7,"gemv_kernel_g128(const float4 *, const unsigned int *, const unsigned int *, const __half *, __half *, int, int)"
16106531691,38848,86430,1,1024,1,32,4,1,32,0.000,0.000,,,,,NVIDIA GeForce RTX 3090 (0),1,,7,"gemv_kernel_g128(const float4 *, const unsigned int *, const unsigned int *, const __half *, __half *, int, int)"
16106591595,91552,86436,1,3072,1,32,4,1,32,0.000,0.000,,,,,NVIDIA GeForce RTX 3090 (0),1,,7,"gemv_kernel_g128(const float4 *, const unsigned int *, const unsigned int *, const __half *, __half *, int, int)"
16108494315,70144,86584,1,1024,1,32,4,1,32,0.000,0.000,,,,,NVIDIA GeForce RTX 3090 (0),1,,7,"gemv_kernel_g128(const float4 *, const unsigned int *, const unsigned int *, const __half *, __half *, int, int)"
16108586027,66720,86590,1,2752,1,32,4,1,32,0.000,0.000,,,,,NVIDIA GeForce RTX 3090 (0),1,,7,"gemv_kernel_g128(const float4 *, const unsigned int *, const unsigned int *, const __half *, __half *, int, int)"
16108654123,65727,86592,1,2752,1,32,4,1,32,0.000,0.000,,,,,NVIDIA GeForce RTX 3090 (0),1,,7,"gemv_kernel_g128(const float4 *, const unsigned int *, const unsigned int *, const __half *, __half *, int, int)"
16108724586,37472,86596,1,1024,1,32,4,1,32,0.000,0.000,,,,,NVIDIA GeForce RTX 3090 (0),1,,7,"gemv_kernel_g128(const float4 *, const unsigned int *, const unsigned int *, const __half *, __half *, int, int)"
16108783818,88512,86602,1,3072,1,32,4,1,32,0.000,0.000,,,,,NVIDIA GeForce RTX 3090 (0),1,,7,"gemv_kernel_g128(const float4 *, const unsigned int *, const unsigned int *, const __half *, __half *, int, int)"
16111375434,77056,86750,1,1024,1,32,4,1,32,0.000,0.000,,,,,NVIDIA GeForce RTX 3090 (0),1,,7,"gemv_kernel_g128(const float4 *, const unsigned int *, const unsigned int *, const __half *, __half *, int, int)"
16111474314,68416,86756,1,2752,1,32,4,1,32,0.000,0.000,,,,,NVIDIA GeForce RTX 3090 (0),1,,7,"gemv_kernel_g128(const float4 *, const unsigned int *, const unsigned int *, const __half *, __half *, int, int)"
16111544714,66688,86758,1,2752,1,32,4,1,32,0.000,0.000,,,,,NVIDIA GeForce RTX 3090 (0),1,,7,"gemv_kernel_g128(const float4 *, const unsigned int *, const unsigned int *, const __half *, __half *, int, int)"
16111616042,38848,86762,1,1024,1,32,4,1,32,0.000,0.000,,,,,NVIDIA GeForce RTX 3090 (0),1,,7,"gemv_kernel_g128(const float4 *, const unsigned int *, const unsigned int *, const __half *, __half *, int, int)"
16111676298,92928,86768,1,3072,1,32,4,1,32,0.000,0.000,,,,,NVIDIA GeForce RTX 3090 (0),1,,7,"gemv_kernel_g128(const float4 *, const unsigned int *, const unsigned int *, const __half *, __half *, int, int)"
16114503369,74240,86916,1,1024,1,32,4,1,32,0.000,0.000,,,,,NVIDIA GeForce RTX 3090 (0),1,,7,"gemv_kernel_g128(const float4 *, const unsigned int *, const unsigned int *, const __half *, __half *, int, int)"
16114599113,66080,86922,1,2752,1,32,4,1,32,0.000,0.000,,,,,NVIDIA GeForce RTX 3090 (0),1,,7,"gemv_kernel_g128(const float4 *, const unsigned int *, const unsigned int *, const __half *, __half *, int, int)"
16114666665,65504,86924,1,2752,1,32,4,1,32,0.000,0.000,,,,,NVIDIA GeForce RTX 3090 (0),1,,7,"gemv_kernel_g128(const float4 *, const unsigned int *, const unsigned int *, const __half *, __half *, int, int)"
16114737289,37952,86928,1,1024,1,32,4,1,32,0.000,0.000,,,,,NVIDIA GeForce RTX 3090 (0),1,,7,"gemv_kernel_g128(const float4 *, const unsigned int *, const unsigned int *, const __half *, __half *, int, int)"
16114796009,87232,86934,1,3072,1,32,4,1,32,0.000,0.000,,,,,NVIDIA GeForce RTX 3090 (0),1,,7,"gemv_kernel_g128(const float4 *, const unsigned int *, const unsigned int *, const __half *, __half *, int, int)"
16116760361,73952,87082,1,1024,1,32,4,1,32,0.000,0.000,,,,,NVIDIA GeForce RTX 3090 (0),1,,7,"gemv_kernel_g128(const float4 *, const unsigned int *, const unsigned int *, const __half *, __half *, int, int)"
16116862216,65664,87088,1,2752,1,32,4,1,32,0.000,0.000,,,,,NVIDIA GeForce RTX 3090 (0),1,,7,"gemv_kernel_g128(const float4 *, const unsigned int *, const unsigned int *, const __half *, __half *, int, int)"
16116929256,64832,87090,1,2752,1,32,4,1,32,0.000,0.000,,,,,NVIDIA GeForce RTX 3090 (0),1,,7,"gemv_kernel_g128(const float4 *, const unsigned int *, const unsigned int *, const __half *, __half *, int, int)"
16116999144,39616,87094,1,1024,1,32,4,1,32,0.000,0.000,,,,,NVIDIA GeForce RTX 3090 (0),1,,7,"gemv_kernel_g128(const float4 *, const unsigned int *, const unsigned int *, const __half *, __half *, int, int)"
16117059912,87264,87100,1,3072,1,32,4,1,32,0.000,0.000,,,,,NVIDIA GeForce RTX 3090 (0),1,,7,"gemv_kernel_g128(const float4 *, const unsigned int *, const unsigned int *, const __half *, __half *, int, int)"
16118981064,71136,87248,1,1024,1,32,4,1,32,0.000,0.000,,,,,NVIDIA GeForce RTX 3090 (0),1,,7,"gemv_kernel_g128(const float4 *, const unsigned int *, const unsigned int *, const __half *, __half *, int, int)"
16119073832,66048,87254,1,2752,1,32,4,1,32,0.000,0.000,,,,,NVIDIA GeForce RTX 3090 (0),1,,7,"gemv_kernel_g128(const float4 *, const unsigned int *, const unsigned int *, const __half *, __half *, int, int)"
16119141320,65536,87256,1,2752,1,32,4,1,32,0.000,0.000,,,,,NVIDIA GeForce RTX 3090 (0),1,,7,"gemv_kernel_g128(const float4 *, const unsigned int *, const unsigned int *, const __half *, __half *, int, int)"
16119211528,37536,87260,1,1024,1,32,4,1,32,0.000,0.000,,,,,NVIDIA GeForce RTX 3090 (0),1,,7,"gemv_kernel_g128(const float4 *, const unsigned int *, const unsigned int *, const __half *, __half *, int, int)"
16119269672,88416,87266,1,3072,1,32,4,1,32,0.000,0.000,,,,,NVIDIA GeForce RTX 3090 (0),1,,7,"gemv_kernel_g128(const float4 *, const unsigned int *, const unsigned int *, const __half *, __half *, int, int)"
16121229383,73696,87414,1,1024,1,32,4,1,32,0.000,0.000,,,,,NVIDIA GeForce RTX 3090 (0),1,,7,"gemv_kernel_g128(const float4 *, const unsigned int *, const unsigned int *, const __half *, __half *, int, int)"
16121324071,66304,87420,1,2752,1,32,4,1,32,0.000,0.000,,,,,NVIDIA GeForce RTX 3090 (0),1,,7,"gemv_kernel_g128(const float4 *, const unsigned int *, const unsigned int *, const __half *, __half *, int, int)"
16121392199,65024,87422,1,2752,1,32,4,1,32,0.000,0.000,,,,,NVIDIA GeForce RTX 3090 (0),1,,7,"gemv_kernel_g128(const float4 *, const unsigned int *, const unsigned int *, const __half *, __half *, int, int)"
16121461831,38304,87426,1,1024,1,32,4,1,32,0.000,0.000,,,,,NVIDIA GeForce RTX 3090 (0),1,,7,"gemv_kernel_g128(const float4 *, const unsigned int *, const unsigned int *, const __half *, __half *, int, int)"
16121521031,91168,87432,1,3072,1,32,4,1,32,0.000,0.000,,,,,NVIDIA GeForce RTX 3090 (0),1,,7,"gemv_kernel_g128(const float4 *, const unsigned int *, const unsigned int *, const __half *, __half *, int, int)"
16123419079,70240,87580,1,1024,1,32,4,1,32,0.000,0.000,,,,,NVIDIA GeForce RTX 3090 (0),1,,7,"gemv_kernel_g128(const float4 *, const unsigned int *, const unsigned int *, const __half *, __half *, int, int)"
16123511527,64736,87586,1,2752,1,32,4,1,32,0.000,0.000,,,,,NVIDIA GeForce RTX 3090 (0),1,,7,"gemv_kernel_g128(const float4 *, const unsigned int *, const unsigned int *, const __half *, __half *, int, int)"
16123577639,65088,87588,1,2752,1,32,4,1,32,0.000,0.000,,,,,NVIDIA GeForce RTX 3090 (0),1,,7,"gemv_kernel_g128(const float4 *, const unsigned int *, const unsigned int *, const __half *, __half *, int, int)"
16123647879,37184,87592,1,1024,1,32,4,1,32,0.000,0.000,,,,,NVIDIA GeForce RTX 3090 (0),1,,7,"gemv_kernel_g128(const float4 *, const unsigned int *, const unsigned int *, const __half *, __half *, int, int)"
16123705735,89376,87598,1,3072,1,32,4,1,32,0.000,0.000,,,,,NVIDIA GeForce RTX 3090 (0),1,,7,"gemv_kernel_g128(const float4 *, const unsigned int *, const unsigned int *, const __half *, __half *, int, int)"
16125594502,70304,87746,1,1024,1,32,4,1,32,0.000,0.000,,,,,NVIDIA GeForce RTX 3090 (0),1,,7,"gemv_kernel_g128(const float4 *, const unsigned int *, const unsigned int *, const __half *, __half *, int, int)"
16125686854,66496,87752,1,2752,1,32,4,1,32,0.000,0.000,,,,,NVIDIA GeForce RTX 3090 (0),1,,7,"gemv_kernel_g128(const float4 *, const unsigned int *, const unsigned int *, const __half *, __half *, int, int)"
16125754726,66624,87754,1,2752,1,32,4,1,32,0.000,0.000,,,,,NVIDIA GeForce RTX 3090 (0),1,,7,"gemv_kernel_g128(const float4 *, const unsigned int *, const unsigned int *, const __half *, __half *, int, int)"
16125826502,38144,87758,1,1024,1,32,4,1,32,0.000,0.000,,,,,NVIDIA GeForce RTX 3090 (0),1,,7,"gemv_kernel_g128(const float4 *, const unsigned int *, const unsigned int *, const __half *, __half *, int, int)"
16125885094,145408,87764,1,8000,1,32,4,1,32,0.000,0.000,,,,,NVIDIA GeForce RTX 3090 (0),1,,7,"gemv_kernel_g128(const float4 *, const unsigned int *, const unsigned int *, const __half *, __half *, int, int)"
16156061375,90816,87778,1,3072,1,32,4,1,32,0.000,0.000,,,,,NVIDIA GeForce RTX 3090 (0),1,,7,"gemv_kernel_g128(const float4 *, const unsigned int *, const unsigned int *, const __half *, __half *, int, int)"
16158379486,70944,87926,1,1024,1,32,4,1,32,0.000,0.000,,,,,NVIDIA GeForce RTX 3090 (0),1,,7,"gemv_kernel_g128(const float4 *, const unsigned int *, const unsigned int *, const __half *, __half *, int, int)"
16158472510,68960,87932,1,2752,1,32,4,1,32,0.000,0.000,,,,,NVIDIA GeForce RTX 3090 (0),1,,7,"gemv_kernel_g128(const float4 *, const unsigned int *, const unsigned int *, const __half *, __half *, int, int)"
16158542878,67520,87934,1,2752,1,32,4,1,32,0.000,0.000,,,,,NVIDIA GeForce RTX 3090 (0),1,,7,"gemv_kernel_g128(const float4 *, const unsigned int *, const unsigned int *, const __half *, __half *, int, int)"
16158615838,39104,87938,1,1024,1,32,4,1,32,0.000,0.000,,,,,NVIDIA GeForce RTX 3090 (0),1,,7,"gemv_kernel_g128(const float4 *, const unsigned int *, const unsigned int *, const __half *, __half *, int, int)"
16158676190,90752,87944,1,3072,1,32,4,1,32,0.000,0.000,,,,,NVIDIA GeForce RTX 3090 (0),1,,7,"gemv_kernel_g128(const float4 *, const unsigned int *, const unsigned int *, const __half *, __half *, int, int)"
16160761022,67808,88092,1,1024,1,32,4,1,32,0.000,0.000,,,,,NVIDIA GeForce RTX 3090 (0),1,,7,"gemv_kernel_g128(const float4 *, const unsigned int *, const unsigned int *, const __half *, __half *, int, int)"
16160850590,65184,88098,1,2752,1,32,4,1,32,0.000,0.000,,,,,NVIDIA GeForce RTX 3090 (0),1,,7,"gemv_kernel_g128(const float4 *, const unsigned int *, const unsigned int *, const __half *, __half *, int, int)"
16160917246,69344,88100,1,2752,1,32,4,1,32,0.000,0.000,,,,,NVIDIA GeForce RTX 3090 (0),1,,7,"gemv_kernel_g128(const float4 *, const unsigned int *, const unsigned int *, const __half *, __half *, int, int)"
16160991294,39104,88104,1,1024,1,32,4,1,32,0.000,0.000,,,,,NVIDIA GeForce RTX 3090 (0),1,,7,"gemv_kernel_g128(const float4 *, const unsigned int *, const unsigned int *, const __half *, __half *, int, int)"
16161051582,91968,88110,1,3072,1,32,4,1,32,0.000,0.000,,,,,NVIDIA GeForce RTX 3090 (0),1,,7,"gemv_kernel_g128(const float4 *, const unsigned int *, const unsigned int *, const __half *, __half *, int, int)"
16163023869,73120,88258,1,1024,1,32,4,1,32,0.000,0.000,,,,,NVIDIA GeForce RTX 3090 (0),1,,7,"gemv_kernel_g128(const float4 *, const unsigned int *, const unsigned int *, const __half *, __half *, int, int)"
16163118909,65888,88264,1,2752,1,32,4,1,32,0.000,0.000,,,,,NVIDIA GeForce RTX 3090 (0),1,,7,"gemv_kernel_g128(const float4 *, const unsigned int *, const unsigned int *, const __half *, __half *, int, int)"
16163186621,67680,88266,1,2752,1,32,4,1,32,0.000,0.000,,,,,NVIDIA GeForce RTX 3090 (0),1,,7,"gemv_kernel_g128(const float4 *, const unsigned int *, const unsigned int *, const __half *, __half *, int, int)"
16163258973,36864,88270,1,1024,1,32,4,1,32,0.000,0.000,,,,,NVIDIA GeForce RTX 3090 (0),1,,7,"gemv_kernel_g128(const float4 *, const unsigned int *, const unsigned int *, const __half *, __half *, int, int)"
16163316541,87552,88276,1,3072,1,32,4,1,32,0.000,0.000,,,,,NVIDIA GeForce RTX 3090 (0),1,,7,"gemv_kernel_g128(const float4 *, const unsigned int *, const unsigned int *, const __half *, __half *, int, int)"
16165230013,68544,88424,1,1024,1,32,4,1,32,0.000,0.000,,,,,NVIDIA GeForce RTX 3090 (0),1,,7,"gemv_kernel_g128(const float4 *, const unsigned int *, const unsigned int *, const __half *, __half *, int, int)"
16165320381,65920,88430,1,2752,1,32,4,1,32,0.000,0.000,,,,,NVIDIA GeForce RTX 3090 (0),1,,7,"gemv_kernel_g128(const float4 *, const unsigned int *, const unsigned int *, const __half *, __half *, int, int)"
16165387773,66112,88432,1,2752,1,32,4,1,32,0.000,0.000,,,,,NVIDIA GeForce RTX 3090 (0),1,,7,"gemv_kernel_g128(const float4 *, const unsigned int *, const unsigned int *, const __half *, __half *, int, int)"
16165459005,39008,88436,1,1024,1,32,4,1,32,0.000,0.000,,,,,NVIDIA GeForce RTX 3090 (0),1,,7,"gemv_kernel_g128(const float4 *, const unsigned int *, const unsigned int *, const __half *, __half *, int, int)"
16165518653,87328,88442,1,3072,1,32,4,1,32,0.000,0.000,,,,,NVIDIA GeForce RTX 3090 (0),1,,7,"gemv_kernel_g128(const float4 *, const unsigned int *, const unsigned int *, const __half *, __half *, int, int)"
16167428540,74528,88590,1,1024,1,32,4,1,32,0.000,0.000,,,,,NVIDIA GeForce RTX 3090 (0),1,,7,"gemv_kernel_g128(const float4 *, const unsigned int *, const unsigned int *, const __half *, __half *, int, int)"
16167524540,66944,88596,1,2752,1,32,4,1,32,0.000,0.000,,,,,NVIDIA GeForce RTX 3090 (0),1,,7,"gemv_kernel_g128(const float4 *, const unsigned int *, const unsigned int *, const __half *, __half *, int, int)"
16167592892,65760,88598,1,2752,1,32,4,1,32,0.000,0.000,,,,,NVIDIA GeForce RTX 3090 (0),1,,7,"gemv_kernel_g128(const float4 *, const unsigned int *, const unsigned int *, const __half *, __half *, int, int)"
16167663804,38528,88602,1,1024,1,32,4,1,32,0.000,0.000,,,,,NVIDIA GeForce RTX 3090 (0),1,,7,"gemv_kernel_g128(const float4 *, const unsigned int *, const unsigned int *, const __half *, __half *, int, int)"
16167723196,93216,88608,1,3072,1,32,4,1,32,0.000,0.000,,,,,NVIDIA GeForce RTX 3090 (0),1,,7,"gemv_kernel_g128(const float4 *, const unsigned int *, const unsigned int *, const __half *, __half *, int, int)"
16169664188,67072,88756,1,1024,1,32,4,1,32,0.000,0.000,,,,,NVIDIA GeForce RTX 3090 (0),1,,7,"gemv_kernel_g128(const float4 *, const unsigned int *, const unsigned int *, const __half *, __half *, int, int)"
16169753532,65216,88762,1,2752,1,32,4,1,32,0.000,0.000,,,,,NVIDIA GeForce RTX 3090 (0),1,,7,"gemv_kernel_g128(const float4 *, const unsigned int *, const unsigned int *, const __half *, __half *, int, int)"
16169820220,66847,88764,1,2752,1,32,4,1,32,0.000,0.000,,,,,NVIDIA GeForce RTX 3090 (0),1,,7,"gemv_kernel_g128(const float4 *, const unsigned int *, const unsigned int *, const __half *, __half *, int, int)"
16169891739,37792,88768,1,1024,1,32,4,1,32,0.000,0.000,,,,,NVIDIA GeForce RTX 3090 (0),1,,7,"gemv_kernel_g128(const float4 *, const unsigned int *, const unsigned int *, const __half *, __half *, int, int)"
16169950619,94144,88774,1,3072,1,32,4,1,32,0.000,0.000,,,,,NVIDIA GeForce RTX 3090 (0),1,,7,"gemv_kernel_g128(const float4 *, const unsigned int *, const unsigned int *, const __half *, __half *, int, int)"
16171881275,75072,88922,1,1024,1,32,4,1,32,0.000,0.000,,,,,NVIDIA GeForce RTX 3090 (0),1,,7,"gemv_kernel_g128(const float4 *, const unsigned int *, const unsigned int *, const __half *, __half *, int, int)"
16171977467,65184,88928,1,2752,1,32,4,1,32,0.000,0.000,,,,,NVIDIA GeForce RTX 3090 (0),1,,7,"gemv_kernel_g128(const float4 *, const unsigned int *, const unsigned int *, const __half *, __half *, int, int)"
16172044539,65696,88930,1,2752,1,32,4,1,32,0.000,0.000,,,,,NVIDIA GeForce RTX 3090 (0),1,,7,"gemv_kernel_g128(const float4 *, const unsigned int *, const unsigned int *, const __half *, __half *, int, int)"
16172114939,39136,88934,1,1024,1,32,4,1,32,0.000,0.000,,,,,NVIDIA GeForce RTX 3090 (0),1,,7,"gemv_kernel_g128(const float4 *, const unsigned int *, const unsigned int *, const __half *, __half *, int, int)"
16172175355,88224,88940,1,3072,1,32,4,1,32,0.000,0.000,,,,,NVIDIA GeForce RTX 3090 (0),1,,7,"gemv_kernel_g128(const float4 *, const unsigned int *, const unsigned int *, const __half *, __half *, int, int)"
16174392666,77696,89088,1,1024,1,32,4,1,32,0.000,0.000,,,,,NVIDIA GeForce RTX 3090 (0),1,,7,"gemv_kernel_g128(const float4 *, const unsigned int *, const unsigned int *, const __half *, __half *, int, int)"
16174492378,70016,89094,1,2752,1,32,4,1,32,0.000,0.000,,,,,NVIDIA GeForce RTX 3090 (0),1,,7,"gemv_kernel_g128(const float4 *, const unsigned int *, const unsigned int *, const __half *, __half *, int, int)"
16174563802,70496,89096,1,2752,1,32,4,1,32,0.000,0.000,,,,,NVIDIA GeForce RTX 3090 (0),1,,7,"gemv_kernel_g128(const float4 *, const unsigned int *, const unsigned int *, const __half *, __half *, int, int)"
16174639482,38688,89100,1,1024,1,32,4,1,32,0.000,0.000,,,,,NVIDIA GeForce RTX 3090 (0),1,,7,"gemv_kernel_g128(const float4 *, const unsigned int *, const unsigned int *, const __half *, __half *, int, int)"
16174699322,95712,89106,1,3072,1,32,4,1,32,0.000,0.000,,,,,NVIDIA GeForce RTX 3090 (0),1,,7,"gemv_kernel_g128(const float4 *, const unsigned int *, const unsigned int *, const __half *, __half *, int, int)"
16176917114,73184,89254,1,1024,1,32,4,1,32,0.000,0.000,,,,,NVIDIA GeForce RTX 3090 (0),1,,7,"gemv_kernel_g128(const float4 *, const unsigned int *, const unsigned int *, const __half *, __half *, int, int)"
16177011994,68512,89260,1,2752,1,32,4,1,32,0.000,0.000,,,,,NVIDIA GeForce RTX 3090 (0),1,,7,"gemv_kernel_g128(const float4 *, const unsigned int *, const unsigned int *, const __half *, __half *, int, int)"
16177081978,71488,89262,1,2752,1,32,4,1,32,0.000,0.000,,,,,NVIDIA GeForce RTX 3090 (0),1,,7,"gemv_kernel_g128(const float4 *, const unsigned int *, const unsigned int *, const __half *, __half *, int, int)"
16177158586,36416,89266,1,1024,1,32,4,1,32,0.000,0.000,,,,,NVIDIA GeForce RTX 3090 (0),1,,7,"gemv_kernel_g128(const float4 *, const unsigned int *, const unsigned int *, const __half *, __half *, int, int)"
16177215770,94304,89272,1,3072,1,32,4,1,32,0.000,0.000,,,,,NVIDIA GeForce RTX 3090 (0),1,,7,"gemv_kernel_g128(const float4 *, const unsigned int *, const unsigned int *, const __half *, __half *, int, int)"
16179508601,81408,89420,1,1024,1,32,4,1,32,0.000,0.000,,,,,NVIDIA GeForce RTX 3090 (0),1,,7,"gemv_kernel_g128(const float4 *, const unsigned int *, const unsigned int *, const __half *, __half *, int, int)"
16179611513,80192,89426,1,2752,1,32,4,1,32,0.000,0.000,,,,,NVIDIA GeForce RTX 3090 (0),1,,7,"gemv_kernel_g128(const float4 *, const unsigned int *, const unsigned int *, const __half *, __half *, int, int)"
16179693177,75232,89428,1,2752,1,32,4,1,32,0.000,0.000,,,,,NVIDIA GeForce RTX 3090 (0),1,,7,"gemv_kernel_g128(const float4 *, const unsigned int *, const unsigned int *, const __half *, __half *, int, int)"
16179773209,38112,89432,1,1024,1,32,4,1,32,0.000,0.000,,,,,NVIDIA GeForce RTX 3090 (0),1,,7,"gemv_kernel_g128(const float4 *, const unsigned int *, const unsigned int *, const __half *, __half *, int, int)"
16179833017,97120,89438,1,3072,1,32,4,1,32,0.000,0.000,,,,,NVIDIA GeForce RTX 3090 (0),1,,7,"gemv_kernel_g128(const float4 *, const unsigned int *, const unsigned int *, const __half *, __half *, int, int)"
16182025529,80511,89586,1,1024,1,32,4,1,32,0.000,0.000,,,,,NVIDIA GeForce RTX 3090 (0),1,,7,"gemv_kernel_g128(const float4 *, const unsigned int *, const unsigned int *, const __half *, __half *, int, int)"
16182128696,72384,89592,1,2752,1,32,4,1,32,0.000,0.000,,,,,NVIDIA GeForce RTX 3090 (0),1,,7,"gemv_kernel_g128(const float4 *, const unsigned int *, const unsigned int *, const __half *, __half *, int, int)"
16182202968,74944,89594,1,2752,1,32,4,1,32,0.000,0.000,,,,,NVIDIA GeForce RTX 3090 (0),1,,7,"gemv_kernel_g128(const float4 *, const unsigned int *, const unsigned int *, const __half *, __half *, int, int)"
16182282616,39232,89598,1,1024,1,32,4,1,32,0.000,0.000,,,,,NVIDIA GeForce RTX 3090 (0),1,,7,"gemv_kernel_g128(const float4 *, const unsigned int *, const unsigned int *, const __half *, __half *, int, int)"
16182343672,96288,89604,1,3072,1,32,4,1,32,0.000,0.000,,,,,NVIDIA GeForce RTX 3090 (0),1,,7,"gemv_kernel_g128(const float4 *, const unsigned int *, const unsigned int *, const __half *, __half *, int, int)"
16184586872,78176,89752,1,1024,1,32,4,1,32,0.000,0.000,,,,,NVIDIA GeForce RTX 3090 (0),1,,7,"gemv_kernel_g128(const float4 *, const unsigned int *, const unsigned int *, const __half *, __half *, int, int)"
16184687960,70528,89758,1,2752,1,32,4,1,32,0.000,0.000,,,,,NVIDIA GeForce RTX 3090 (0),1,,7,"gemv_kernel_g128(const float4 *, const unsigned int *, const unsigned int *, const __half *, __half *, int, int)"
16184759896,77312,89760,1,2752,1,32,4,1,32,0.000,0.000,,,,,NVIDIA GeForce RTX 3090 (0),1,,7,"gemv_kernel_g128(const float4 *, const unsigned int *, const unsigned int *, const __half *, __half *, int, int)"
16184846104,38368,89764,1,1024,1,32,4,1,32,0.000,0.000,,,,,NVIDIA GeForce RTX 3090 (0),1,,7,"gemv_kernel_g128(const float4 *, const unsigned int *, const unsigned int *, const __half *, __half *, int, int)"
16184905880,92640,89770,1,3072,1,32,4,1,32,0.000,0.000,,,,,NVIDIA GeForce RTX 3090 (0),1,,7,"gemv_kernel_g128(const float4 *, const unsigned int *, const unsigned int *, const __half *, __half *, int, int)"
16187136567,73888,89918,1,1024,1,32,4,1,32,0.000,0.000,,,,,NVIDIA GeForce RTX 3090 (0),1,,7,"gemv_kernel_g128(const float4 *, const unsigned int *, const unsigned int *, const __half *, __half *, int, int)"
16187232727,65632,89924,1,2752,1,32,4,1,32,0.000,0.000,,,,,NVIDIA GeForce RTX 3090 (0),1,,7,"gemv_kernel_g128(const float4 *, const unsigned int *, const unsigned int *, const __half *, __half *, int, int)"
16187299863,67232,89926,1,2752,1,32,4,1,32,0.000,0.000,,,,,NVIDIA GeForce RTX 3090 (0),1,,7,"gemv_kernel_g128(const float4 *, const unsigned int *, const unsigned int *, const __half *, __half *, int, int)"
16187372119,38336,89930,1,1024,1,32,4,1,32,0.000,0.000,,,,,NVIDIA GeForce RTX 3090 (0),1,,7,"gemv_kernel_g128(const float4 *, const unsigned int *, const unsigned int *, const __half *, __half *, int, int)"
16187432919,90784,89936,1,3072,1,32,4,1,32,0.000,0.000,,,,,NVIDIA GeForce RTX 3090 (0),1,,7,"gemv_kernel_g128(const float4 *, const unsigned int *, const unsigned int *, const __half *, __half *, int, int)"
16189845623,76032,90084,1,1024,1,32,4,1,32,0.000,0.000,,,,,NVIDIA GeForce RTX 3090 (0),1,,7,"gemv_kernel_g128(const float4 *, const unsigned int *, const unsigned int *, const __half *, __half *, int, int)"
16189943127,66272,90090,1,2752,1,32,4,1,32,0.000,0.000,,,,,NVIDIA GeForce RTX 3090 (0),1,,7,"gemv_kernel_g128(const float4 *, const unsigned int *, const unsigned int *, const __half *, __half *, int, int)"
16190010871,66592,90092,1,2752,1,32,4,1,32,0.000,0.000,,,,,NVIDIA GeForce RTX 3090 (0),1,,7,"gemv_kernel_g128(const float4 *, const unsigned int *, const unsigned int *, const __half *, __half *, int, int)"
16190082167,39392,90096,1,1024,1,32,4,1,32,0.000,0.000,,,,,NVIDIA GeForce RTX 3090 (0),1,,7,"gemv_kernel_g128(const float4 *, const unsigned int *, const unsigned int *, const __half *, __half *, int, int)"
16190142551,91040,90102,1,3072,1,32,4,1,32,0.000,0.000,,,,,NVIDIA GeForce RTX 3090 (0),1,,7,"gemv_kernel_g128(const float4 *, const unsigned int *, const unsigned int *, const __half *, __half *, int, int)"
16192300790,73760,90250,1,1024,1,32,4,1,32,0.000,0.000,,,,,NVIDIA GeForce RTX 3090 (0),1,,7,"gemv_kernel_g128(const float4 *, const unsigned int *, const unsigned int *, const __half *, __half *, int, int)"
16192395990,66400,90256,1,2752,1,32,4,1,32,0.000,0.000,,,,,NVIDIA GeForce RTX 3090 (0),1,,7,"gemv_kernel_g128(const float4 *, const unsigned int *, const unsigned int *, const __half *, __half *, int, int)"
16192464278,65664,90258,1,2752,1,32,4,1,32,0.000,0.000,,,,,NVIDIA GeForce RTX 3090 (0),1,,7,"gemv_kernel_g128(const float4 *, const unsigned int *, const unsigned int *, const __half *, __half *, int, int)"
16192534710,38016,90262,1,1024,1,32,4,1,32,0.000,0.000,,,,,NVIDIA GeForce RTX 3090 (0),1,,7,"gemv_kernel_g128(const float4 *, const unsigned int *, const unsigned int *, const __half *, __half *, int, int)"
16192594358,93952,90268,1,3072,1,32,4,1,32,0.000,0.000,,,,,NVIDIA GeForce RTX 3090 (0),1,,7,"gemv_kernel_g128(const float4 *, const unsigned int *, const unsigned int *, const __half *, __half *, int, int)"
16194957237,77056,90416,1,1024,1,32,4,1,32,0.000,0.000,,,,,NVIDIA GeForce RTX 3090 (0),1,,7,"gemv_kernel_g128(const float4 *, const unsigned int *, const unsigned int *, const __half *, __half *, int, int)"
16195056245,66720,90422,1,2752,1,32,4,1,32,0.000,0.000,,,,,NVIDIA GeForce RTX 3090 (0),1,,7,"gemv_kernel_g128(const float4 *, const unsigned int *, const unsigned int *, const __half *, __half *, int, int)"
16195124437,67104,90424,1,2752,1,32,4,1,32,0.000,0.000,,,,,NVIDIA GeForce RTX 3090 (0),1,,7,"gemv_kernel_g128(const float4 *, const unsigned int *, const unsigned int *, const __half *, __half *, int, int)"
16195196661,37120,90428,1,1024,1,32,4,1,32,0.000,0.000,,,,,NVIDIA GeForce RTX 3090 (0),1,,7,"gemv_kernel_g128(const float4 *, const unsigned int *, const unsigned int *, const __half *, __half *, int, int)"
16195255413,92448,90434,1,3072,1,32,4,1,32,0.000,0.000,,,,,NVIDIA GeForce RTX 3090 (0),1,,7,"gemv_kernel_g128(const float4 *, const unsigned int *, const unsigned int *, const __half *, __half *, int, int)"
16197438965,75936,90582,1,1024,1,32,4,1,32,0.000,0.000,,,,,NVIDIA GeForce RTX 3090 (0),1,,7,"gemv_kernel_g128(const float4 *, const unsigned int *, const unsigned int *, const __half *, __half *, int, int)"
16197536661,66080,90588,1,2752,1,32,4,1,32,0.000,0.000,,,,,NVIDIA GeForce RTX 3090 (0),1,,7,"gemv_kernel_g128(const float4 *, const unsigned int *, const unsigned int *, const __half *, __half *, int, int)"
16197604245,66592,90590,1,2752,1,32,4,1,32,0.000,0.000,,,,,NVIDIA GeForce RTX 3090 (0),1,,7,"gemv_kernel_g128(const float4 *, const unsigned int *, const unsigned int *, const __half *, __half *, int, int)"
16197675989,37760,90594,1,1024,1,32,4,1,32,0.000,0.000,,,,,NVIDIA GeForce RTX 3090 (0),1,,7,"gemv_kernel_g128(const float4 *, const unsigned int *, const unsigned int *, const __half *, __half *, int, int)"
16197734581,93536,90600,1,3072,1,32,4,1,32,0.000,0.000,,,,,NVIDIA GeForce RTX 3090 (0),1,,7,"gemv_kernel_g128(const float4 *, const unsigned int *, const unsigned int *, const __half *, __half *, int, int)"
16200379060,72608,90748,1,1024,1,32,4,1,32,0.000,0.000,,,,,NVIDIA GeForce RTX 3090 (0),1,,7,"gemv_kernel_g128(const float4 *, const unsigned int *, const unsigned int *, const __half *, __half *, int, int)"
16200475124,68288,90754,1,2752,1,32,4,1,32,0.000,0.000,,,,,NVIDIA GeForce RTX 3090 (0),1,,7,"gemv_kernel_g128(const float4 *, const unsigned int *, const unsigned int *, const __half *, __half *, int, int)"
16200544884,69280,90756,1,2752,1,32,4,1,32,0.000,0.000,,,,,NVIDIA GeForce RTX 3090 (0),1,,7,"gemv_kernel_g128(const float4 *, const unsigned int *, const unsigned int *, const __half *, __half *, int, int)"
16200618996,38688,90760,1,1024,1,32,4,1,32,0.000,0.000,,,,,NVIDIA GeForce RTX 3090 (0),1,,7,"gemv_kernel_g128(const float4 *, const unsigned int *, const unsigned int *, const __half *, __half *, int, int)"
16200679380,90496,90766,1,3072,1,32,4,1,32,0.000,0.000,,,,,NVIDIA GeForce RTX 3090 (0),1,,7,"gemv_kernel_g128(const float4 *, const unsigned int *, const unsigned int *, const __half *, __half *, int, int)"
16202937075,78112,90914,1,1024,1,32,4,1,32,0.000,0.000,,,,,NVIDIA GeForce RTX 3090 (0),1,,7,"gemv_kernel_g128(const float4 *, const unsigned int *, const unsigned int *, const __half *, __half *, int, int)"
16203037427,69216,90920,1,2752,1,32,4,1,32,0.000,0.000,,,,,NVIDIA GeForce RTX 3090 (0),1,,7,"gemv_kernel_g128(const float4 *, const unsigned int *, const unsigned int *, const __half *, __half *, int, int)"
16203108659,66816,90922,1,2752,1,32,4,1,32,0.000,0.000,,,,,NVIDIA GeForce RTX 3090 (0),1,,7,"gemv_kernel_g128(const float4 *, const unsigned int *, const unsigned int *, const __half *, __half *, int, int)"
16203180147,40032,90926,1,1024,1,32,4,1,32,0.000,0.000,,,,,NVIDIA GeForce RTX 3090 (0),1,,7,"gemv_kernel_g128(const float4 *, const unsigned int *, const unsigned int *, const __half *, __half *, int, int)"
16203241331,89504,90932,1,3072,1,32,4,1,32,0.000,0.000,,,,,NVIDIA GeForce RTX 3090 (0),1,,7,"gemv_kernel_g128(const float4 *, const unsigned int *, const unsigned int *, const __half *, __half *, int, int)"
16205914835,94816,91080,1,1024,1,32,4,1,32,0.000,0.000,,,,,NVIDIA GeForce RTX 3090 (0),1,,7,"gemv_kernel_g128(const float4 *, const unsigned int *, const unsigned int *, const __half *, __half *, int, int)"
16206032019,67552,91086,1,2752,1,32,4,1,32,0.000,0.000,,,,,NVIDIA GeForce RTX 3090 (0),1,,7,"gemv_kernel_g128(const float4 *, const unsigned int *, const unsigned int *, const __half *, __half *, int, int)"
16206101075,68768,91088,1,2752,1,32,4,1,32,0.000,0.000,,,,,NVIDIA GeForce RTX 3090 (0),1,,7,"gemv_kernel_g128(const float4 *, const unsigned int *, const unsigned int *, const __half *, __half *, int, int)"
16206174931,38432,91092,1,1024,1,32,4,1,32,0.000,0.000,,,,,NVIDIA GeForce RTX 3090 (0),1,,7,"gemv_kernel_g128(const float4 *, const unsigned int *, const unsigned int *, const __half *, __half *, int, int)"
16206234931,95008,91098,1,3072,1,32,4,1,32,0.000,0.000,,,,,NVIDIA GeForce RTX 3090 (0),1,,7,"gemv_kernel_g128(const float4 *, const unsigned int *, const unsigned int *, const __half *, __half *, int, int)"
16208933682,89952,91246,1,1024,1,32,4,1,32,0.000,0.000,,,,,NVIDIA GeForce RTX 3090 (0),1,,7,"gemv_kernel_g128(const float4 *, const unsigned int *, const unsigned int *, const __half *, __half *, int, int)"
16209047378,81632,91252,1,2752,1,32,4,1,32,0.000,0.000,,,,,NVIDIA GeForce RTX 3090 (0),1,,7,"gemv_kernel_g128(const float4 *, const unsigned int *, const unsigned int *, const __half *, __half *, int, int)"
16209130514,86752,91254,1,2752,1,32,4,1,32,0.000,0.000,,,,,NVIDIA GeForce RTX 3090 (0),1,,7,"gemv_kernel_g128(const float4 *, const unsigned int *, const unsigned int *, const __half *, __half *, int, int)"
16209222674,38336,91258,1,1024,1,32,4,1,32,0.000,0.000,,,,,NVIDIA GeForce RTX 3090 (0),1,,7,"gemv_kernel_g128(const float4 *, const unsigned int *, const unsigned int *, const __half *, __half *, int, int)"
16209283922,107552,91264,1,3072,1,32,4,1,32,0.000,0.000,,,,,NVIDIA GeForce RTX 3090 (0),1,,7,"gemv_kernel_g128(const float4 *, const unsigned int *, const unsigned int *, const __half *, __half *, int, int)"
16211858289,81696,91412,1,1024,1,32,4,1,32,0.000,0.000,,,,,NVIDIA GeForce RTX 3090 (0),1,,7,"gemv_kernel_g128(const float4 *, const unsigned int *, const unsigned int *, const __half *, __half *, int, int)"
16211962769,73856,91418,1,2752,1,32,4,1,32,0.000,0.000,,,,,NVIDIA GeForce RTX 3090 (0),1,,7,"gemv_kernel_g128(const float4 *, const unsigned int *, const unsigned int *, const __half *, __half *, int, int)"
16212038065,75360,91420,1,2752,1,32,4,1,32,0.000,0.000,,,,,NVIDIA GeForce RTX 3090 (0),1,,7,"gemv_kernel_g128(const float4 *, const unsigned int *, const unsigned int *, const __half *, __half *, int, int)"
16212118641,37536,91424,1,1024,1,32,4,1,32,0.000,0.000,,,,,NVIDIA GeForce RTX 3090 (0),1,,7,"gemv_kernel_g128(const float4 *, const unsigned int *, const unsigned int *, const __half *, __half *, int, int)"
16212177969,95712,91430,1,3072,1,32,4,1,32,0.000,0.000,,,,,NVIDIA GeForce RTX 3090 (0),1,,7,"gemv_kernel_g128(const float4 *, const unsigned int *, const unsigned int *, const __half *, __half *, int, int)"
16214635889,82656,91578,1,1024,1,32,4,1,32,0.000,0.000,,,,,NVIDIA GeForce RTX 3090 (0),1,,7,"gemv_kernel_g128(const float4 *, const unsigned int *, const unsigned int *, const __half *, __half *, int, int)"
16214740464,71744,91584,1,2752,1,32,4,1,32,0.000,0.000,,,,,NVIDIA GeForce RTX 3090 (0),1,,7,"gemv_kernel_g128(const float4 *, const unsigned int *, const unsigned int *, const __half *, __half *, int, int)"
16214814160,71776,91586,1,2752,1,32,4,1,32,0.000,0.000,,,,,NVIDIA GeForce RTX 3090 (0),1,,7,"gemv_kernel_g128(const float4 *, const unsigned int *, const unsigned int *, const __half *, __half *, int, int)"
16214890704,36384,91590,1,1024,1,32,4,1,32,0.000,0.000,,,,,NVIDIA GeForce RTX 3090 (0),1,,7,"gemv_kernel_g128(const float4 *, const unsigned int *, const unsigned int *, const __half *, __half *, int, int)"
16214948912,96800,91596,1,3072,1,32,4,1,32,0.000,0.000,,,,,NVIDIA GeForce RTX 3090 (0),1,,7,"gemv_kernel_g128(const float4 *, const unsigned int *, const unsigned int *, const __half *, __half *, int, int)"
16217515376,84384,91744,1,1024,1,32,4,1,32,0.000,0.000,,,,,NVIDIA GeForce RTX 3090 (0),1,,7,"gemv_kernel_g128(const float4 *, const unsigned int *, const unsigned int *, const __half *, __half *, int, int)"
16217627760,75104,91750,1,2752,1,32,4,1,32,0.000,0.000,,,,,NVIDIA GeForce RTX 3090 (0),1,,7,"gemv_kernel_g128(const float4 *, const unsigned int *, const unsigned int *, const __half *, __half *, int, int)"
16217704336,76032,91752,1,2752,1,32,4,1,32,0.000,0.000,,,,,NVIDIA GeForce RTX 3090 (0),1,,7,"gemv_kernel_g128(const float4 *, const unsigned int *, const unsigned int *, const __half *, __half *, int, int)"
16217785616,38912,91756,1,1024,1,32,4,1,32,0.000,0.000,,,,,NVIDIA GeForce RTX 3090 (0),1,,7,"gemv_kernel_g128(const float4 *, const unsigned int *, const unsigned int *, const __half *, __half *, int, int)"
16217847184,104800,91762,1,3072,1,32,4,1,32,0.000,0.000,,,,,NVIDIA GeForce RTX 3090 (0),1,,7,"gemv_kernel_g128(const float4 *, const unsigned int *, const unsigned int *, const __half *, __half *, int, int)"
16220629295,312096,91910,1,1024,1,32,4,1,32,0.000,0.000,,,,,NVIDIA GeForce RTX 3090 (0),1,,7,"gemv_kernel_g128(const float4 *, const unsigned int *, const unsigned int *, const __half *, __half *, int, int)"
16220966863,90048,91916,1,2752,1,32,4,1,32,0.000,0.000,,,,,NVIDIA GeForce RTX 3090 (0),1,,7,"gemv_kernel_g128(const float4 *, const unsigned int *, const unsigned int *, const __half *, __half *, int, int)"
16221058479,86688,91918,1,2752,1,32,4,1,32,0.000,0.000,,,,,NVIDIA GeForce RTX 3090 (0),1,,7,"gemv_kernel_g128(const float4 *, const unsigned int *, const unsigned int *, const __half *, __half *, int, int)"
16221150351,36608,91922,1,1024,1,32,4,1,32,0.000,0.000,,,,,NVIDIA GeForce RTX 3090 (0),1,,7,"gemv_kernel_g128(const float4 *, const unsigned int *, const unsigned int *, const __half *, __half *, int, int)"
16221208655,104992,91928,1,3072,1,32,4,1,32,0.000,0.000,,,,,NVIDIA GeForce RTX 3090 (0),1,,7,"gemv_kernel_g128(const float4 *, const unsigned int *, const unsigned int *, const __half *, __half *, int, int)"
16224391246,96096,92076,1,1024,1,32,4,1,32,0.000,0.000,,,,,NVIDIA GeForce RTX 3090 (0),1,,7,"gemv_kernel_g128(const float4 *, const unsigned int *, const unsigned int *, const __half *, __half *, int, int)"
16224517902,84896,92082,1,2752,1,32,4,1,32,0.000,0.000,,,,,NVIDIA GeForce RTX 3090 (0),1,,7,"gemv_kernel_g128(const float4 *, const unsigned int *, const unsigned int *, const __half *, __half *, int, int)"
16224604366,84640,92084,1,2752,1,32,4,1,32,0.000,0.000,,,,,NVIDIA GeForce RTX 3090 (0),1,,7,"gemv_kernel_g128(const float4 *, const unsigned int *, const unsigned int *, const __half *, __half *, int, int)"
16224693678,40992,92088,1,1024,1,32,4,1,32,0.000,0.000,,,,,NVIDIA GeForce RTX 3090 (0),1,,7,"gemv_kernel_g128(const float4 *, const unsigned int *, const unsigned int *, const __half *, __half *, int, int)"
16224757070,114592,92094,1,3072,1,32,4,1,32,0.000,0.000,,,,,NVIDIA GeForce RTX 3090 (0),1,,7,"gemv_kernel_g128(const float4 *, const unsigned int *, const unsigned int *, const __half *, __half *, int, int)"
16227616301,90112,92242,1,1024,1,32,4,1,32,0.000,0.000,,,,,NVIDIA GeForce RTX 3090 (0),1,,7,"gemv_kernel_g128(const float4 *, const unsigned int *, const unsigned int *, const __half *, __half *, int, int)"
16227729517,75136,92248,1,2752,1,32,4,1,32,0.000,0.000,,,,,NVIDIA GeForce RTX 3090 (0),1,,7,"gemv_kernel_g128(const float4 *, const unsigned int *, const unsigned int *, const __half *, __half *, int, int)"
16227806797,76896,92250,1,2752,1,32,4,1,32,0.000,0.000,,,,,NVIDIA GeForce RTX 3090 (0),1,,7,"gemv_kernel_g128(const float4 *, const unsigned int *, const unsigned int *, const __half *, __half *, int, int)"
16227888365,37568,92254,1,1024,1,32,4,1,32,0.000,0.000,,,,,NVIDIA GeForce RTX 3090 (0),1,,7,"gemv_kernel_g128(const float4 *, const unsigned int *, const unsigned int *, const __half *, __half *, int, int)"
16227947213,97792,92260,1,3072,1,32,4,1,32,0.000,0.000,,,,,NVIDIA GeForce RTX 3090 (0),1,,7,"gemv_kernel_g128(const float4 *, const unsigned int *, const unsigned int *, const __half *, __half *, int, int)"
16230497709,90208,92408,1,1024,1,32,4,1,32,0.000,0.000,,,,,NVIDIA GeForce RTX 3090 (0),1,,7,"gemv_kernel_g128(const float4 *, const unsigned int *, const unsigned int *, const __half *, __half *, int, int)"
16230611437,84800,92414,1,2752,1,32,4,1,32,0.000,0.000,,,,,NVIDIA GeForce RTX 3090 (0),1,,7,"gemv_kernel_g128(const float4 *, const unsigned int *, const unsigned int *, const __half *, __half *, int, int)"
16230697933,80800,92416,1,2752,1,32,4,1,32,0.000,0.000,,,,,NVIDIA GeForce RTX 3090 (0),1,,7,"gemv_kernel_g128(const float4 *, const unsigned int *, const unsigned int *, const __half *, __half *, int, int)"
16230784013,36864,92420,1,1024,1,32,4,1,32,0.000,0.000,,,,,NVIDIA GeForce RTX 3090 (0),1,,7,"gemv_kernel_g128(const float4 *, const unsigned int *, const unsigned int *, const __half *, __half *, int, int)"
16230842701,103968,92426,1,3072,1,32,4,1,32,0.000,0.000,,,,,NVIDIA GeForce RTX 3090 (0),1,,7,"gemv_kernel_g128(const float4 *, const unsigned int *, const unsigned int *, const __half *, __half *, int, int)"
16233276780,81920,92574,1,1024,1,32,4,1,32,0.000,0.000,,,,,NVIDIA GeForce RTX 3090 (0),1,,7,"gemv_kernel_g128(const float4 *, const unsigned int *, const unsigned int *, const __half *, __half *, int, int)"
16233381708,71968,92580,1,2752,1,32,4,1,32,0.000,0.000,,,,,NVIDIA GeForce RTX 3090 (0),1,,7,"gemv_kernel_g128(const float4 *, const unsigned int *, const unsigned int *, const __half *, __half *, int, int)"
16233455180,73408,92582,1,2752,1,32,4,1,32,0.000,0.000,,,,,NVIDIA GeForce RTX 3090 (0),1,,7,"gemv_kernel_g128(const float4 *, const unsigned int *, const unsigned int *, const __half *, __half *, int, int)"
16233539052,38336,92586,1,1024,1,32,4,1,32,0.000,0.000,,,,,NVIDIA GeForce RTX 3090 (0),1,,7,"gemv_kernel_g128(const float4 *, const unsigned int *, const unsigned int *, const __half *, __half *, int, int)"
16233598156,92896,92592,1,3072,1,32,4,1,32,0.000,0.000,,,,,NVIDIA GeForce RTX 3090 (0),1,,7,"gemv_kernel_g128(const float4 *, const unsigned int *, const unsigned int *, const __half *, __half *, int, int)"
16236086987,85600,92740,1,1024,1,32,4,1,32,0.000,0.000,,,,,NVIDIA GeForce RTX 3090 (0),1,,7,"gemv_kernel_g128(const float4 *, const unsigned int *, const unsigned int *, const __half *, __half *, int, int)"
16236194827,75872,92746,1,2752,1,32,4,1,32,0.000,0.000,,,,,NVIDIA GeForce RTX 3090 (0),1,,7,"gemv_kernel_g128(const float4 *, const unsigned int *, const unsigned int *, const __half *, __half *, int, int)"
16236272299,78912,92748,1,2752,1,32,4,1,32,0.000,0.000,,,,,NVIDIA GeForce RTX 3090 (0),1,,7,"gemv_kernel_g128(const float4 *, const unsigned int *, const unsigned int *, const __half *, __half *, int, int)"
16236355851,37824,92752,1,1024,1,32,4,1,32,0.000,0.000,,,,,NVIDIA GeForce RTX 3090 (0),1,,7,"gemv_kernel_g128(const float4 *, const unsigned int *, const unsigned int *, const __half *, __half *, int, int)"
16236415115,106688,92758,1,3072,1,32,4,1,32,0.000,0.000,,,,,NVIDIA GeForce RTX 3090 (0),1,,7,"gemv_kernel_g128(const float4 *, const unsigned int *, const unsigned int *, const __half *, __half *, int, int)"
16238875339,80864,92906,1,1024,1,32,4,1,32,0.000,0.000,,,,,NVIDIA GeForce RTX 3090 (0),1,,7,"gemv_kernel_g128(const float4 *, const unsigned int *, const unsigned int *, const __half *, __half *, int, int)"
16238978763,78112,92912,1,2752,1,32,4,1,32,0.000,0.000,,,,,NVIDIA GeForce RTX 3090 (0),1,,7,"gemv_kernel_g128(const float4 *, const unsigned int *, const unsigned int *, const __half *, __half *, int, int)"
16239058827,70624,92914,1,2752,1,32,4,1,32,0.000,0.000,,,,,NVIDIA GeForce RTX 3090 (0),1,,7,"gemv_kernel_g128(const float4 *, const unsigned int *, const unsigned int *, const __half *, __half *, int, int)"
16239134091,36352,92918,1,1024,1,32,4,1,32,0.000,0.000,,,,,NVIDIA GeForce RTX 3090 (0),1,,7,"gemv_kernel_g128(const float4 *, const unsigned int *, const unsigned int *, const __half *, __half *, int, int)"
16239191690,96672,92924,1,3072,1,32,4,1,32,0.000,0.000,,,,,NVIDIA GeForce RTX 3090 (0),1,,7,"gemv_kernel_g128(const float4 *, const unsigned int *, const unsigned int *, const __half *, __half *, int, int)"
16241451530,74464,93072,1,1024,1,32,4,1,32,0.000,0.000,,,,,NVIDIA GeForce RTX 3090 (0),1,,7,"gemv_kernel_g128(const float4 *, const unsigned int *, const unsigned int *, const __half *, __half *, int, int)"
16241548042,66432,93078,1,2752,1,32,4,1,32,0.000,0.000,,,,,NVIDIA GeForce RTX 3090 (0),1,,7,"gemv_kernel_g128(const float4 *, const unsigned int *, const unsigned int *, const __half *, __half *, int, int)"
16241615946,65216,93080,1,2752,1,32,4,1,32,0.000,0.000,,,,,NVIDIA GeForce RTX 3090 (0),1,,7,"gemv_kernel_g128(const float4 *, const unsigned int *, const unsigned int *, const __half *, __half *, int, int)"
16241686378,37920,93084,1,1024,1,32,4,1,32,0.000,0.000,,,,,NVIDIA GeForce RTX 3090 (0),1,,7,"gemv_kernel_g128(const float4 *, const unsigned int *, const unsigned int *, const __half *, __half *, int, int)"
16241748970,137792,93090,1,8000,1,32,4,1,32,0.000,0.000,,,,,NVIDIA GeForce RTX 3090 (0),1,,7,"gemv_kernel_g128(const float4 *, const unsigned int *, const unsigned int *, const __half *, __half *, int, int)"
16272070082,103776,93104,1,3072,1,32,4,1,32,0.000,0.000,,,,,NVIDIA GeForce RTX 3090 (0),1,,7,"gemv_kernel_g128(const float4 *, const unsigned int *, const unsigned int *, const __half *, __half *, int, int)"
16274238690,80640,93252,1,1024,1,32,4,1,32,0.000,0.000,,,,,NVIDIA GeForce RTX 3090 (0),1,,7,"gemv_kernel_g128(const float4 *, const unsigned int *, const unsigned int *, const __half *, __half *, int, int)"
16274341698,69216,93258,1,2752,1,32,4,1,32,0.000,0.000,,,,,NVIDIA GeForce RTX 3090 (0),1,,7,"gemv_kernel_g128(const float4 *, const unsigned int *, const unsigned int *, const __half *, __half *, int, int)"
16274412482,82752,93260,1,2752,1,32,4,1,32,0.000,0.000,,,,,NVIDIA GeForce RTX 3090 (0),1,,7,"gemv_kernel_g128(const float4 *, const unsigned int *, const unsigned int *, const __half *, __half *, int, int)"
16274500450,37728,93264,1,1024,1,32,4,1,32,0.000,0.000,,,,,NVIDIA GeForce RTX 3090 (0),1,,7,"gemv_kernel_g128(const float4 *, const unsigned int *, const unsigned int *, const __half *, __half *, int, int)"
16274560450,103200,93270,1,3072,1,32,4,1,32,0.000,0.000,,,,,NVIDIA GeForce RTX 3090 (0),1,,7,"gemv_kernel_g128(const float4 *, const unsigned int *, const unsigned int *, const __half *, __half *, int, int)"
16276825409,87232,93418,1,1024,1,32,4,1,32,0.000,0.000,,,,,NVIDIA GeForce RTX 3090 (0),1,,7,"gemv_kernel_g128(const float4 *, const unsigned int *, const unsigned int *, const __half *, __half *, int, int)"
16276934913,75904,93424,1,2752,1,32,4,1,32,0.000,0.000,,,,,NVIDIA GeForce RTX 3090 (0),1,,7,"gemv_kernel_g128(const float4 *, const unsigned int *, const unsigned int *, const __half *, __half *, int, int)"
16277012321,72512,93426,1,2752,1,32,4,1,32,0.000,0.000,,,,,NVIDIA GeForce RTX 3090 (0),1,,7,"gemv_kernel_g128(const float4 *, const unsigned int *, const unsigned int *, const __half *, __half *, int, int)"
16277091105,39136,93430,1,1024,1,32,4,1,32,0.000,0.000,,,,,NVIDIA GeForce RTX 3090 (0),1,,7,"gemv_kernel_g128(const float4 *, const unsigned int *, const unsigned int *, const __half *, __half *, int, int)"
16277151393,102752,93436,1,3072,1,32,4,1,32,0.000,0.000,,,,,NVIDIA GeForce RTX 3090 (0),1,,7,"gemv_kernel_g128(const float4 *, const unsigned int *, const unsigned int *, const __half *, __half *, int, int)"
16279249921,78464,93584,1,1024,1,32,4,1,32,0.000,0.000,,,,,NVIDIA GeForce RTX 3090 (0),1,,7,"gemv_kernel_g128(const float4 *, const unsigned int *, const unsigned int *, const __half *, __half *, int, int)"
16279349825,72832,93590,1,2752,1,32,4,1,32,0.000,0.000,,,,,NVIDIA GeForce RTX 3090 (0),1,,7,"gemv_kernel_g128(const float4 *, const unsigned int *, const unsigned int *, const __half *, __half *, int, int)"
16279424129,73056,93592,1,2752,1,32,4,1,32,0.000,0.000,,,,,NVIDIA GeForce RTX 3090 (0),1,,7,"gemv_kernel_g128(const float4 *, const unsigned int *, const unsigned int *, const __half *, __half *, int, int)"
16279501761,38752,93596,1,1024,1,32,4,1,32,0.000,0.000,,,,,NVIDIA GeForce RTX 3090 (0),1,,7,"gemv_kernel_g128(const float4 *, const unsigned int *, const unsigned int *, const __half *, __half *, int, int)"
16279568129,95264,93602,1,3072,1,32,4,1,32,0.000,0.000,,,,,NVIDIA GeForce RTX 3090 (0),1,,7,"gemv_kernel_g128(const float4 *, const unsigned int *, const unsigned int *, const __half *, __half *, int, int)"
16282173056,81312,93750,1,1024,1,32,4,1,32,0.000,0.000,,,,,NVIDIA GeForce RTX 3090 (0),1,,7,"gemv_kernel_g128(const float4 *, const unsigned int *, const unsigned int *, const __half *, __half *, int, int)"
16282276288,81120,93756,1,2752,1,32,4,1,32,0.000,0.000,,,,,NVIDIA GeForce RTX 3090 (0),1,,7,"gemv_kernel_g128(const float4 *, const unsigned int *, const unsigned int *, const __half *, __half *, int, int)"
16282359744,78432,93758,1,2752,1,32,4,1,32,0.000,0.000,,,,,NVIDIA GeForce RTX 3090 (0),1,,7,"gemv_kernel_g128(const float4 *, const unsigned int *, const unsigned int *, const __half *, __half *, int, int)"
16282442816,37600,93762,1,1024,1,32,4,1,32,0.000,0.000,,,,,NVIDIA GeForce RTX 3090 (0),1,,7,"gemv_kernel_g128(const float4 *, const unsigned int *, const unsigned int *, const __half *, __half *, int, int)"
16282502432,104640,93768,1,3072,1,32,4,1,32,0.000,0.000,,,,,NVIDIA GeForce RTX 3090 (0),1,,7,"gemv_kernel_g128(const float4 *, const unsigned int *, const unsigned int *, const __half *, __half *, int, int)"
16285103199,97632,93916,1,1024,1,32,4,1,32,0.000,0.000,,,,,NVIDIA GeForce RTX 3090 (0),1,,7,"gemv_kernel_g128(const float4 *, const unsigned int *, const unsigned int *, const __half *, __half *, int, int)"
16285223679,87520,93922,1,2752,1,32,4,1,32,0.000,0.000,,,,,NVIDIA GeForce RTX 3090 (0),1,,7,"gemv_kernel_g128(const float4 *, const unsigned int *, const unsigned int *, const __half *, __half *, int, int)"
16285312671,89568,93924,1,2752,1,32,4,1,32,0.000,0.000,,,,,NVIDIA GeForce RTX 3090 (0),1,,7,"gemv_kernel_g128(const float4 *, const unsigned int *, const unsigned int *, const __half *, __half *, int, int)"
16285407583,38240,93928,1,1024,1,32,4,1,32,0.000,0.000,,,,,NVIDIA GeForce RTX 3090 (0),1,,7,"gemv_kernel_g128(const float4 *, const unsigned int *, const unsigned int *, const __half *, __half *, int, int)"
16285467967,112544,93934,1,3072,1,32,4,1,32,0.000,0.000,,,,,NVIDIA GeForce RTX 3090 (0),1,,7,"gemv_kernel_g128(const float4 *, const unsigned int *, const unsigned int *, const __half *, __half *, int, int)"
16288143934,95808,94082,1,1024,1,32,4,1,32,0.000,0.000,,,,,NVIDIA GeForce RTX 3090 (0),1,,7,"gemv_kernel_g128(const float4 *, const unsigned int *, const unsigned int *, const __half *, __half *, int, int)"
16288262814,84992,94088,1,2752,1,32,4,1,32,0.000,0.000,,,,,NVIDIA GeForce RTX 3090 (0),1,,7,"gemv_kernel_g128(const float4 *, const unsigned int *, const unsigned int *, const __half *, __half *, int, int)"
16288349278,88992,94090,1,2752,1,32,4,1,32,0.000,0.000,,,,,NVIDIA GeForce RTX 3090 (0),1,,7,"gemv_kernel_g128(const float4 *, const unsigned int *, const unsigned int *, const __half *, __half *, int, int)"
16288443518,39296,94094,1,1024,1,32,4,1,32,0.000,0.000,,,,,NVIDIA GeForce RTX 3090 (0),1,,7,"gemv_kernel_g128(const float4 *, const unsigned int *, const unsigned int *, const __half *, __half *, int, int)"
16288504702,98944,94100,1,3072,1,32,4,1,32,0.000,0.000,,,,,NVIDIA GeForce RTX 3090 (0),1,,7,"gemv_kernel_g128(const float4 *, const unsigned int *, const unsigned int *, const __half *, __half *, int, int)"
16291294718,89216,94248,1,1024,1,32,4,1,32,0.000,0.000,,,,,NVIDIA GeForce RTX 3090 (0),1,,7,"gemv_kernel_g128(const float4 *, const unsigned int *, const unsigned int *, const __half *, __half *, int, int)"
16291406526,89888,94254,1,2752,1,32,4,1,32,0.000,0.000,,,,,NVIDIA GeForce RTX 3090 (0),1,,7,"gemv_kernel_g128(const float4 *, const unsigned int *, const unsigned int *, const __half *, __half *, int, int)"
16291497854,76608,94256,1,2752,1,32,4,1,32,0.000,0.000,,,,,NVIDIA GeForce RTX 3090 (0),1,,7,"gemv_kernel_g128(const float4 *, const unsigned int *, const unsigned int *, const __half *, __half *, int, int)"
16291579230,37696,94260,1,1024,1,32,4,1,32,0.000,0.000,,,,,NVIDIA GeForce RTX 3090 (0),1,,7,"gemv_kernel_g128(const float4 *, const unsigned int *, const unsigned int *, const __half *, __half *, int, int)"
16291638846,103904,94266,1,3072,1,32,4,1,32,0.000,0.000,,,,,NVIDIA GeForce RTX 3090 (0),1,,7,"gemv_kernel_g128(const float4 *, const unsigned int *, const unsigned int *, const __half *, __half *, int, int)"
16294098333,82144,94414,1,1024,1,32,4,1,32,0.000,0.000,,,,,NVIDIA GeForce RTX 3090 (0),1,,7,"gemv_kernel_g128(const float4 *, const unsigned int *, const unsigned int *, const __half *, __half *, int, int)"
16294201981,82880,94420,1,2752,1,32,4,1,32,0.000,0.000,,,,,NVIDIA GeForce RTX 3090 (0),1,,7,"gemv_kernel_g128(const float4 *, const unsigned int *, const unsigned int *, const __half *, __half *, int, int)"
16294291101,76736,94422,1,2752,1,32,4,1,32,0.000,0.000,,,,,NVIDIA GeForce RTX 3090 (0),1,,7,"gemv_kernel_g128(const float4 *, const unsigned int *, const unsigned int *, const __half *, __half *, int, int)"
16294372477,38752,94426,1,1024,1,32,4,1,32,0.000,0.000,,,,,NVIDIA GeForce RTX 3090 (0),1,,7,"gemv_kernel_g128(const float4 *, const unsigned int *, const unsigned int *, const __half *, __half *, int, int)"
16294432637,108288,94432,1,3072,1,32,4,1,32,0.000,0.000,,,,,NVIDIA GeForce RTX 3090 (0),1,,7,"gemv_kernel_g128(const float4 *, const unsigned int *, const unsigned int *, const __half *, __half *, int, int)"
16296669020,100160,94580,1,1024,1,32,4,1,32,0.000,0.000,,,,,NVIDIA GeForce RTX 3090 (0),1,,7,"gemv_kernel_g128(const float4 *, const unsigned int *, const unsigned int *, const __half *, __half *, int, int)"
16296794460,99104,94586,1,2752,1,32,4,1,32,0.000,0.000,,,,,NVIDIA GeForce RTX 3090 (0),1,,7,"gemv_kernel_g128(const float4 *, const unsigned int *, const unsigned int *, const __half *, __half *, int, int)"
16296895036,92928,94588,1,2752,1,32,4,1,32,0.000,0.000,,,,,NVIDIA GeForce RTX 3090 (0),1,,7,"gemv_kernel_g128(const float4 *, const unsigned int *, const unsigned int *, const __half *, __half *, int, int)"
16296993212,37056,94592,1,1024,1,32,4,1,32,0.000,0.000,,,,,NVIDIA GeForce RTX 3090 (0),1,,7,"gemv_kernel_g128(const float4 *, const unsigned int *, const unsigned int *, const __half *, __half *, int, int)"
16297053340,121184,94598,1,3072,1,32,4,1,32,0.000,0.000,,,,,NVIDIA GeForce RTX 3090 (0),1,,7,"gemv_kernel_g128(const float4 *, const unsigned int *, const unsigned int *, const __half *, __half *, int, int)"
16299611388,95872,94746,1,1024,1,32,4,1,32,0.000,0.000,,,,,NVIDIA GeForce RTX 3090 (0),1,,7,"gemv_kernel_g128(const float4 *, const unsigned int *, const unsigned int *, const __half *, __half *, int, int)"
16299731068,91424,94752,1,2752,1,32,4,1,32,0.000,0.000,,,,,NVIDIA GeForce RTX 3090 (0),1,,7,"gemv_kernel_g128(const float4 *, const unsigned int *, const unsigned int *, const __half *, __half *, int, int)"
16299823964,87136,94754,1,2752,1,32,4,1,32,0.000,0.000,,,,,NVIDIA GeForce RTX 3090 (0),1,,7,"gemv_kernel_g128(const float4 *, const unsigned int *, const unsigned int *, const __half *, __half *, int, int)"
16299916252,38368,94758,1,1024,1,32,4,1,32,0.000,0.000,,,,,NVIDIA GeForce RTX 3090 (0),1,,7,"gemv_kernel_g128(const float4 *, const unsigned int *, const unsigned int *, const __half *, __half *, int, int)"
16299975996,115904,94764,1,3072,1,32,4,1,32,0.000,0.000,,,,,NVIDIA GeForce RTX 3090 (0),1,,7,"gemv_kernel_g128(const float4 *, const unsigned int *, const unsigned int *, const __half *, __half *, int, int)"
16302449979,88224,94912,1,1024,1,32,4,1,32,0.000,0.000,,,,,NVIDIA GeForce RTX 3090 (0),1,,7,"gemv_kernel_g128(const float4 *, const unsigned int *, const unsigned int *, const __half *, __half *, int, int)"
16302561403,78048,94918,1,2752,1,32,4,1,32,0.000,0.000,,,,,NVIDIA GeForce RTX 3090 (0),1,,7,"gemv_kernel_g128(const float4 *, const unsigned int *, const unsigned int *, const __half *, __half *, int, int)"
16302640923,80000,94920,1,2752,1,32,4,1,32,0.000,0.000,,,,,NVIDIA GeForce RTX 3090 (0),1,,7,"gemv_kernel_g128(const float4 *, const unsigned int *, const unsigned int *, const __half *, __half *, int, int)"
16302725659,38176,94924,1,1024,1,32,4,1,32,0.000,0.000,,,,,NVIDIA GeForce RTX 3090 (0),1,,7,"gemv_kernel_g128(const float4 *, const unsigned int *, const unsigned int *, const __half *, __half *, int, int)"
16302785403,112864,94930,1,3072,1,32,4,1,32,0.000,0.000,,,,,NVIDIA GeForce RTX 3090 (0),1,,7,"gemv_kernel_g128(const float4 *, const unsigned int *, const unsigned int *, const __half *, __half *, int, int)"
16305082234,82976,95078,1,1024,1,32,4,1,32,0.000,0.000,,,,,NVIDIA GeForce RTX 3090 (0),1,,7,"gemv_kernel_g128(const float4 *, const unsigned int *, const unsigned int *, const __half *, __half *, int, int)"
16305187002,72224,95084,1,2752,1,32,4,1,32,0.000,0.000,,,,,NVIDIA GeForce RTX 3090 (0),1,,7,"gemv_kernel_g128(const float4 *, const unsigned int *, const unsigned int *, const __half *, __half *, int, int)"
16305261146,71136,95086,1,2752,1,32,4,1,32,0.000,0.000,,,,,NVIDIA GeForce RTX 3090 (0),1,,7,"gemv_kernel_g128(const float4 *, const unsigned int *, const unsigned int *, const __half *, __half *, int, int)"
16305336922,38048,95090,1,1024,1,32,4,1,32,0.000,0.000,,,,,NVIDIA GeForce RTX 3090 (0),1,,7,"gemv_kernel_g128(const float4 *, const unsigned int *, const unsigned int *, const __half *, __half *, int, int)"
16305396506,96192,95096,1,3072,1,32,4,1,32,0.000,0.000,,,,,NVIDIA GeForce RTX 3090 (0),1,,7,"gemv_kernel_g128(const float4 *, const unsigned int *, const unsigned int *, const __half *, __half *, int, int)"
16307876314,87776,95244,1,1024,1,32,4,1,32,0.000,0.000,,,,,NVIDIA GeForce RTX 3090 (0),1,,7,"gemv_kernel_g128(const float4 *, const unsigned int *, const unsigned int *, const __half *, __half *, int, int)"
16307986330,81504,95250,1,2752,1,32,4,1,32,0.000,0.000,,,,,NVIDIA GeForce RTX 3090 (0),1,,7,"gemv_kernel_g128(const float4 *, const unsigned int *, const unsigned int *, const __half *, __half *, int, int)"
16308069210,74656,95252,1,2752,1,32,4,1,32,0.000,0.000,,,,,NVIDIA GeForce RTX 3090 (0),1,,7,"gemv_kernel_g128(const float4 *, const unsigned int *, const unsigned int *, const __half *, __half *, int, int)"
16308149274,39424,95256,1,1024,1,32,4,1,32,0.000,0.000,,,,,NVIDIA GeForce RTX 3090 (0),1,,7,"gemv_kernel_g128(const float4 *, const unsigned int *, const unsigned int *, const __half *, __half *, int, int)"
16308211898,110624,95262,1,3072,1,32,4,1,32,0.000,0.000,,,,,NVIDIA GeForce RTX 3090 (0),1,,7,"gemv_kernel_g128(const float4 *, const unsigned int *, const unsigned int *, const __half *, __half *, int, int)"
16311318393,78400,95410,1,1024,1,32,4,1,32,0.000,0.000,,,,,NVIDIA GeForce RTX 3090 (0),1,,7,"gemv_kernel_g128(const float4 *, const unsigned int *, const unsigned int *, const __half *, __half *, int, int)"
16311419449,68672,95416,1,2752,1,32,4,1,32,0.000,0.000,,,,,NVIDIA GeForce RTX 3090 (0),1,,7,"gemv_kernel_g128(const float4 *, const unsigned int *, const unsigned int *, const __half *, __half *, int, int)"
16311489561,70976,95418,1,2752,1,32,4,1,32,0.000,0.000,,,,,NVIDIA GeForce RTX 3090 (0),1,,7,"gemv_kernel_g128(const float4 *, const unsigned int *, const unsigned int *, const __half *, __half *, int, int)"
16311565625,38816,95422,1,1024,1,32,4,1,32,0.000,0.000,,,,,NVIDIA GeForce RTX 3090 (0),1,,7,"gemv_kernel_g128(const float4 *, const unsigned int *, const unsigned int *, const __half *, __half *, int, int)"
16311625273,95072,95428,1,3072,1,32,4,1,32,0.000,0.000,,,,,NVIDIA GeForce RTX 3090 (0),1,,7,"gemv_kernel_g128(const float4 *, const unsigned int *, const unsigned int *, const __half *, __half *, int, int)"
16314214616,81728,95576,1,1024,1,32,4,1,32,0.000,0.000,,,,,NVIDIA GeForce RTX 3090 (0),1,,7,"gemv_kernel_g128(const float4 *, const unsigned int *, const unsigned int *, const __half *, __half *, int, int)"
16314319512,73888,95582,1,2752,1,32,4,1,32,0.000,0.000,,,,,NVIDIA GeForce RTX 3090 (0),1,,7,"gemv_kernel_g128(const float4 *, const unsigned int *, const unsigned int *, const __half *, __half *, int, int)"
16314394776,78752,95584,1,2752,1,32,4,1,32,0.000,0.000,,,,,NVIDIA GeForce RTX 3090 (0),1,,7,"gemv_kernel_g128(const float4 *, const unsigned int *, const unsigned int *, const __half *, __half *, int, int)"
16314478200,38624,95588,1,1024,1,32,4,1,32,0.000,0.000,,,,,NVIDIA GeForce RTX 3090 (0),1,,7,"gemv_kernel_g128(const float4 *, const unsigned int *, const unsigned int *, const __half *, __half *, int, int)"
16314538296,104160,95594,1,3072,1,32,4,1,32,0.000,0.000,,,,,NVIDIA GeForce RTX 3090 (0),1,,7,"gemv_kernel_g128(const float4 *, const unsigned int *, const unsigned int *, const __half *, __half *, int, int)"
16317174583,88192,95742,1,1024,1,32,4,1,32,0.000,0.000,,,,,NVIDIA GeForce RTX 3090 (0),1,,7,"gemv_kernel_g128(const float4 *, const unsigned int *, const unsigned int *, const __half *, __half *, int, int)"
16317285559,79552,95748,1,2752,1,32,4,1,32,0.000,0.000,,,,,NVIDIA GeForce RTX 3090 (0),1,,7,"gemv_kernel_g128(const float4 *, const unsigned int *, const unsigned int *, const __half *, __half *, int, int)"
16317368183,74112,95750,1,2752,1,32,4,1,32,0.000,0.000,,,,,NVIDIA GeForce RTX 3090 (0),1,,7,"gemv_kernel_g128(const float4 *, const unsigned int *, const unsigned int *, const __half *, __half *, int, int)"
16317446967,36544,95754,1,1024,1,32,4,1,32,0.000,0.000,,,,,NVIDIA GeForce RTX 3090 (0),1,,7,"gemv_kernel_g128(const float4 *, const unsigned int *, const unsigned int *, const __half *, __half *, int, int)"
16317505815,101216,95760,1,3072,1,32,4,1,32,0.000,0.000,,,,,NVIDIA GeForce RTX 3090 (0),1,,7,"gemv_kernel_g128(const float4 *, const unsigned int *, const unsigned int *, const __half *, __half *, int, int)"
16320049847,81888,95908,1,1024,1,32,4,1,32,0.000,0.000,,,,,NVIDIA GeForce RTX 3090 (0),1,,7,"gemv_kernel_g128(const float4 *, const unsigned int *, const unsigned int *, const __half *, __half *, int, int)"
16320154871,73952,95914,1,2752,1,32,4,1,32,0.000,0.000,,,,,NVIDIA GeForce RTX 3090 (0),1,,7,"gemv_kernel_g128(const float4 *, const unsigned int *, const unsigned int *, const __half *, __half *, int, int)"
16320231031,74400,95916,1,2752,1,32,4,1,32,0.000,0.000,,,,,NVIDIA GeForce RTX 3090 (0),1,,7,"gemv_kernel_g128(const float4 *, const unsigned int *, const unsigned int *, const __half *, __half *, int, int)"
16320310743,37472,95920,1,1024,1,32,4,1,32,0.000,0.000,,,,,NVIDIA GeForce RTX 3090 (0),1,,7,"gemv_kernel_g128(const float4 *, const unsigned int *, const unsigned int *, const __half *, __half *, int, int)"
16320369975,97216,95926,1,3072,1,32,4,1,32,0.000,0.000,,,,,NVIDIA GeForce RTX 3090 (0),1,,7,"gemv_kernel_g128(const float4 *, const unsigned int *, const unsigned int *, const __half *, __half *, int, int)"
16323009270,80128,96074,1,1024,1,32,4,1,32,0.000,0.000,,,,,NVIDIA GeForce RTX 3090 (0),1,,7,"gemv_kernel_g128(const float4 *, const unsigned int *, const unsigned int *, const __half *, __half *, int, int)"
16323111414,75744,96080,1,2752,1,32,4,1,32,0.000,0.000,,,,,NVIDIA GeForce RTX 3090 (0),1,,7,"gemv_kernel_g128(const float4 *, const unsigned int *, const unsigned int *, const __half *, __half *, int, int)"
16323188662,76224,96082,1,2752,1,32,4,1,32,0.000,0.000,,,,,NVIDIA GeForce RTX 3090 (0),1,,7,"gemv_kernel_g128(const float4 *, const unsigned int *, const unsigned int *, const __half *, __half *, int, int)"
16323270134,37888,96086,1,1024,1,32,4,1,32,0.000,0.000,,,,,NVIDIA GeForce RTX 3090 (0),1,,7,"gemv_kernel_g128(const float4 *, const unsigned int *, const unsigned int *, const __half *, __half *, int, int)"
16323329430,103104,96092,1,3072,1,32,4,1,32,0.000,0.000,,,,,NVIDIA GeForce RTX 3090 (0),1,,7,"gemv_kernel_g128(const float4 *, const unsigned int *, const unsigned int *, const __half *, __half *, int, int)"
16325882421,79680,96240,1,1024,1,32,4,1,32,0.000,0.000,,,,,NVIDIA GeForce RTX 3090 (0),1,,7,"gemv_kernel_g128(const float4 *, const unsigned int *, const unsigned int *, const __half *, __half *, int, int)"
16325985397,75456,96246,1,2752,1,32,4,1,32,0.000,0.000,,,,,NVIDIA GeForce RTX 3090 (0),1,,7,"gemv_kernel_g128(const float4 *, const unsigned int *, const unsigned int *, const __half *, __half *, int, int)"
16326062293,73312,96248,1,2752,1,32,4,1,32,0.000,0.000,,,,,NVIDIA GeForce RTX 3090 (0),1,,7,"gemv_kernel_g128(const float4 *, const unsigned int *, const unsigned int *, const __half *, __half *, int, int)"
16326140277,37728,96252,1,1024,1,32,4,1,32,0.000,0.000,,,,,NVIDIA GeForce RTX 3090 (0),1,,7,"gemv_kernel_g128(const float4 *, const unsigned int *, const unsigned int *, const __half *, __half *, int, int)"
16326200437,102080,96258,1,3072,1,32,4,1,32,0.000,0.000,,,,,NVIDIA GeForce RTX 3090 (0),1,,7,"gemv_kernel_g128(const float4 *, const unsigned int *, const unsigned int *, const __half *, __half *, int, int)"
16328977044,94656,96406,1,1024,1,32,4,1,32,0.000,0.000,,,,,NVIDIA GeForce RTX 3090 (0),1,,7,"gemv_kernel_g128(const float4 *, const unsigned int *, const unsigned int *, const __half *, __half *, int, int)"
16329096244,94272,96412,1,2752,1,32,4,1,32,0.000,0.000,,,,,NVIDIA GeForce RTX 3090 (0),1,,7,"gemv_kernel_g128(const float4 *, const unsigned int *, const unsigned int *, const __half *, __half *, int, int)"
16329192372,88512,96414,1,2752,1,32,4,1,32,0.000,0.000,,,,,NVIDIA GeForce RTX 3090 (0),1,,7,"gemv_kernel_g128(const float4 *, const unsigned int *, const unsigned int *, const __half *, __half *, int, int)"
16329285652,38464,96418,1,1024,1,32,4,1,32,0.000,0.000,,,,,NVIDIA GeForce RTX 3090 (0),1,,7,"gemv_kernel_g128(const float4 *, const unsigned int *, const unsigned int *, const __half *, __half *, int, int)"
16329347988,115616,96424,1,3072,1,32,4,1,32,0.000,0.000,,,,,NVIDIA GeForce RTX 3090 (0),1,,7,"gemv_kernel_g128(const float4 *, const unsigned int *, const unsigned int *, const __half *, __half *, int, int)"
16332470772,85024,96572,1,1024,1,32,4,1,32,0.000,0.000,,,,,NVIDIA GeForce RTX 3090 (0),1,,7,"gemv_kernel_g128(const float4 *, const unsigned int *, const unsigned int *, const __half *, __half *, int, int)"
16332578676,78080,96578,1,2752,1,32,4,1,32,0.000,0.000,,,,,NVIDIA GeForce RTX 3090 (0),1,,7,"gemv_kernel_g128(const float4 *, const unsigned int *, const unsigned int *, const __half *, __half *, int, int)"
16332658164,78848,96580,1,2752,1,32,4,1,32,0.000,0.000,,,,,NVIDIA GeForce RTX 3090 (0),1,,7,"gemv_kernel_g128(const float4 *, const unsigned int *, const unsigned int *, const __half *, __half *, int, int)"
16332742164,37568,96584,1,1024,1,32,4,1,32,0.000,0.000,,,,,NVIDIA GeForce RTX 3090 (0),1,,7,"gemv_kernel_g128(const float4 *, const unsigned int *, const unsigned int *, const __half *, __half *, int, int)"
16332801332,106368,96590,1,3072,1,32,4,1,32,0.000,0.000,,,,,NVIDIA GeForce RTX 3090 (0),1,,7,"gemv_kernel_g128(const float4 *, const unsigned int *, const unsigned int *, const __half *, __half *, int, int)"
16335198739,86400,96738,1,1024,1,32,4,1,32,0.000,0.000,,,,,NVIDIA GeForce RTX 3090 (0),1,,7,"gemv_kernel_g128(const float4 *, const unsigned int *, const unsigned int *, const __half *, __half *, int, int)"
16335307219,77632,96744,1,2752,1,32,4,1,32,0.000,0.000,,,,,NVIDIA GeForce RTX 3090 (0),1,,7,"gemv_kernel_g128(const float4 *, const unsigned int *, const unsigned int *, const __half *, __half *, int, int)"
16335386323,75488,96746,1,2752,1,32,4,1,32,0.000,0.000,,,,,NVIDIA GeForce RTX 3090 (0),1,,7,"gemv_kernel_g128(const float4 *, const unsigned int *, const unsigned int *, const __half *, __half *, int, int)"
16335467091,40384,96750,1,1024,1,32,4,1,32,0.000,0.000,,,,,NVIDIA GeForce RTX 3090 (0),1,,7,"gemv_kernel_g128(const float4 *, const unsigned int *, const unsigned int *, const __half *, __half *, int, int)"
16335529427,104384,96756,1,3072,1,32,4,1,32,0.000,0.000,,,,,NVIDIA GeForce RTX 3090 (0),1,,7,"gemv_kernel_g128(const float4 *, const unsigned int *, const unsigned int *, const __half *, __half *, int, int)"
16337848146,77184,96904,1,1024,1,32,4,1,32,0.000,0.000,,,,,NVIDIA GeForce RTX 3090 (0),1,,7,"gemv_kernel_g128(const float4 *, const unsigned int *, const unsigned int *, const __half *, __half *, int, int)"
16337947794,67168,96910,1,2752,1,32,4,1,32,0.000,0.000,,,,,NVIDIA GeForce RTX 3090 (0),1,,7,"gemv_kernel_g128(const float4 *, const unsigned int *, const unsigned int *, const __half *, __half *, int, int)"
16338016466,69056,96912,1,2752,1,32,4,1,32,0.000,0.000,,,,,NVIDIA GeForce RTX 3090 (0),1,,7,"gemv_kernel_g128(const float4 *, const unsigned int *, const unsigned int *, const __half *, __half *, int, int)"
16338090290,37184,96916,1,1024,1,32,4,1,32,0.000,0.000,,,,,NVIDIA GeForce RTX 3090 (0),1,,7,"gemv_kernel_g128(const float4 *, const unsigned int *, const unsigned int *, const __half *, __half *, int, int)"
16338148434,96320,96922,1,3072,1,32,4,1,32,0.000,0.000,,,,,NVIDIA GeForce RTX 3090 (0),1,,7,"gemv_kernel_g128(const float4 *, const unsigned int *, const unsigned int *, const __half *, __half *, int, int)"
16340462770,76512,97070,1,1024,1,32,4,1,32,0.000,0.000,,,,,NVIDIA GeForce RTX 3090 (0),1,,7,"gemv_kernel_g128(const float4 *, const unsigned int *, const unsigned int *, const __half *, __half *, int, int)"
16340561202,68096,97076,1,2752,1,32,4,1,32,0.000,0.000,,,,,NVIDIA GeForce RTX 3090 (0),1,,7,"gemv_kernel_g128(const float4 *, const unsigned int *, const unsigned int *, const __half *, __half *, int, int)"
16340631154,71872,97078,1,2752,1,32,4,1,32,0.000,0.000,,,,,NVIDIA GeForce RTX 3090 (0),1,,7,"gemv_kernel_g128(const float4 *, const unsigned int *, const unsigned int *, const __half *, __half *, int, int)"
16340707730,38176,97082,1,1024,1,32,4,1,32,0.000,0.000,,,,,NVIDIA GeForce RTX 3090 (0),1,,7,"gemv_kernel_g128(const float4 *, const unsigned int *, const unsigned int *, const __half *, __half *, int, int)"
16340767122,94144,97088,1,3072,1,32,4,1,32,0.000,0.000,,,,,NVIDIA GeForce RTX 3090 (0),1,,7,"gemv_kernel_g128(const float4 *, const unsigned int *, const unsigned int *, const __half *, __half *, int, int)"
16342948753,73920,97236,1,1024,1,32,4,1,32,0.000,0.000,,,,,NVIDIA GeForce RTX 3090 (0),1,,7,"gemv_kernel_g128(const float4 *, const unsigned int *, const unsigned int *, const __half *, __half *, int, int)"
16343045617,66528,97242,1,2752,1,32,4,1,32,0.000,0.000,,,,,NVIDIA GeForce RTX 3090 (0),1,,7,"gemv_kernel_g128(const float4 *, const unsigned int *, const unsigned int *, const __half *, __half *, int, int)"
16343113553,67392,97244,1,2752,1,32,4,1,32,0.000,0.000,,,,,NVIDIA GeForce RTX 3090 (0),1,,7,"gemv_kernel_g128(const float4 *, const unsigned int *, const unsigned int *, const __half *, __half *, int, int)"
16343186257,37312,97248,1,1024,1,32,4,1,32,0.000,0.000,,,,,NVIDIA GeForce RTX 3090 (0),1,,7,"gemv_kernel_g128(const float4 *, const unsigned int *, const unsigned int *, const __half *, __half *, int, int)"
16343244977,91776,97254,1,3072,1,32,4,1,32,0.000,0.000,,,,,NVIDIA GeForce RTX 3090 (0),1,,7,"gemv_kernel_g128(const float4 *, const unsigned int *, const unsigned int *, const __half *, __half *, int, int)"
16345738960,81472,97402,1,1024,1,32,4,1,32,0.000,0.000,,,,,NVIDIA GeForce RTX 3090 (0),1,,7,"gemv_kernel_g128(const float4 *, const unsigned int *, const unsigned int *, const __half *, __half *, int, int)"
16345842160,69472,97408,1,2752,1,32,4,1,32,0.000,0.000,,,,,NVIDIA GeForce RTX 3090 (0),1,,7,"gemv_kernel_g128(const float4 *, const unsigned int *, const unsigned int *, const __half *, __half *, int, int)"
16345913136,73664,97410,1,2752,1,32,4,1,32,0.000,0.000,,,,,NVIDIA GeForce RTX 3090 (0),1,,7,"gemv_kernel_g128(const float4 *, const unsigned int *, const unsigned int *, const __half *, __half *, int, int)"
16345991888,38560,97414,1,1024,1,32,4,1,32,0.000,0.000,,,,,NVIDIA GeForce RTX 3090 (0),1,,7,"gemv_kernel_g128(const float4 *, const unsigned int *, const unsigned int *, const __half *, __half *, int, int)"
16346051440,99584,97420,1,3072,1,32,4,1,32,0.000,0.000,,,,,NVIDIA GeForce RTX 3090 (0),1,,7,"gemv_kernel_g128(const float4 *, const unsigned int *, const unsigned int *, const __half *, __half *, int, int)"
16348437072,79808,97568,1,1024,1,32,4,1,32,0.000,0.000,,,,,NVIDIA GeForce RTX 3090 (0),1,,7,"gemv_kernel_g128(const float4 *, const unsigned int *, const unsigned int *, const __half *, __half *, int, int)"
16348539600,70144,97574,1,2752,1,32,4,1,32,0.000,0.000,,,,,NVIDIA GeForce RTX 3090 (0),1,,7,"gemv_kernel_g128(const float4 *, const unsigned int *, const unsigned int *, const __half *, __half *, int, int)"
16348611152,70112,97576,1,2752,1,32,4,1,32,0.000,0.000,,,,,NVIDIA GeForce RTX 3090 (0),1,,7,"gemv_kernel_g128(const float4 *, const unsigned int *, const unsigned int *, const __half *, __half *, int, int)"
16348686032,37888,97580,1,1024,1,32,4,1,32,0.000,0.000,,,,,NVIDIA GeForce RTX 3090 (0),1,,7,"gemv_kernel_g128(const float4 *, const unsigned int *, const unsigned int *, const __half *, __half *, int, int)"
16348745648,96096,97586,1,3072,1,32,4,1,32,0.000,0.000,,,,,NVIDIA GeForce RTX 3090 (0),1,,7,"gemv_kernel_g128(const float4 *, const unsigned int *, const unsigned int *, const __half *, __half *, int, int)"
16351518351,85568,97734,1,1024,1,32,4,1,32,0.000,0.000,,,,,NVIDIA GeForce RTX 3090 (0),1,,7,"gemv_kernel_g128(const float4 *, const unsigned int *, const unsigned int *, const __half *, __half *, int, int)"
16351627055,377472,97740,1,2752,1,32,4,1,32,0.000,0.000,,,,,NVIDIA GeForce RTX 3090 (0),1,,7,"gemv_kernel_g128(const float4 *, const unsigned int *, const unsigned int *, const __half *, __half *, int, int)"
16352007151,74976,97742,1,2752,1,32,4,1,32,0.000,0.000,,,,,NVIDIA GeForce RTX 3090 (0),1,,7,"gemv_kernel_g128(const float4 *, const unsigned int *, const unsigned int *, const __half *, __half *, int, int)"
16352086895,37760,97746,1,1024,1,32,4,1,32,0.000,0.000,,,,,NVIDIA GeForce RTX 3090 (0),1,,7,"gemv_kernel_g128(const float4 *, const unsigned int *, const unsigned int *, const __half *, __half *, int, int)"
16352146447,101824,97752,1,3072,1,32,4,1,32,0.000,0.000,,,,,NVIDIA GeForce RTX 3090 (0),1,,7,"gemv_kernel_g128(const float4 *, const unsigned int *, const unsigned int *, const __half *, __half *, int, int)"
16354524622,79360,97900,1,1024,1,32,4,1,32,0.000,0.000,,,,,NVIDIA GeForce RTX 3090 (0),1,,7,"gemv_kernel_g128(const float4 *, const unsigned int *, const unsigned int *, const __half *, __half *, int, int)"
16354627342,71552,97906,1,2752,1,32,4,1,32,0.000,0.000,,,,,NVIDIA GeForce RTX 3090 (0),1,,7,"gemv_kernel_g128(const float4 *, const unsigned int *, const unsigned int *, const __half *, __half *, int, int)"
16354700334,69664,97908,1,2752,1,32,4,1,32,0.000,0.000,,,,,NVIDIA GeForce RTX 3090 (0),1,,7,"gemv_kernel_g128(const float4 *, const unsigned int *, const unsigned int *, const __half *, __half *, int, int)"
16354775470,37504,97912,1,1024,1,32,4,1,32,0.000,0.000,,,,,NVIDIA GeForce RTX 3090 (0),1,,7,"gemv_kernel_g128(const float4 *, const unsigned int *, const unsigned int *, const __half *, __half *, int, int)"
16354834350,95680,97918,1,3072,1,32,4,1,32,0.000,0.000,,,,,NVIDIA GeForce RTX 3090 (0),1,,7,"gemv_kernel_g128(const float4 *, const unsigned int *, const unsigned int *, const __half *, __half *, int, int)"
16357216430,82432,98066,1,1024,1,32,4,1,32,0.000,0.000,,,,,NVIDIA GeForce RTX 3090 (0),1,,7,"gemv_kernel_g128(const float4 *, const unsigned int *, const unsigned int *, const __half *, __half *, int, int)"
16357321614,75712,98072,1,2752,1,32,4,1,32,0.000,0.000,,,,,NVIDIA GeForce RTX 3090 (0),1,,7,"gemv_kernel_g128(const float4 *, const unsigned int *, const unsigned int *, const __half *, __half *, int, int)"
16357398734,77055,98074,1,2752,1,32,4,1,32,0.000,0.000,,,,,NVIDIA GeForce RTX 3090 (0),1,,7,"gemv_kernel_g128(const float4 *, const unsigned int *, const unsigned int *, const __half *, __half *, int, int)"
16357480781,37024,98078,1,1024,1,32,4,1,32,0.000,0.000,,,,,NVIDIA GeForce RTX 3090 (0),1,,7,"gemv_kernel_g128(const float4 *, const unsigned int *, const unsigned int *, const __half *, __half *, int, int)"
16357538413,96736,98084,1,3072,1,32,4,1,32,0.000,0.000,,,,,NVIDIA GeForce RTX 3090 (0),1,,7,"gemv_kernel_g128(const float4 *, const unsigned int *, const unsigned int *, const __half *, __half *, int, int)"
16359961933,85536,98232,1,1024,1,32,4,1,32,0.000,0.000,,,,,NVIDIA GeForce RTX 3090 (0),1,,7,"gemv_kernel_g128(const float4 *, const unsigned int *, const unsigned int *, const __half *, __half *, int, int)"
16360069741,73472,98238,1,2752,1,32,4,1,32,0.000,0.000,,,,,NVIDIA GeForce RTX 3090 (0),1,,7,"gemv_kernel_g128(const float4 *, const unsigned int *, const unsigned int *, const __half *, __half *, int, int)"
16360144685,69280,98240,1,2752,1,32,4,1,32,0.000,0.000,,,,,NVIDIA GeForce RTX 3090 (0),1,,7,"gemv_kernel_g128(const float4 *, const unsigned int *, const unsigned int *, const __half *, __half *, int, int)"
16360218541,37152,98244,1,1024,1,32,4,1,32,0.000,0.000,,,,,NVIDIA GeForce RTX 3090 (0),1,,7,"gemv_kernel_g128(const float4 *, const unsigned int *, const unsigned int *, const __half *, __half *, int, int)"
16360277805,100352,98250,1,3072,1,32,4,1,32,0.000,0.000,,,,,NVIDIA GeForce RTX 3090 (0),1,,7,"gemv_kernel_g128(const float4 *, const unsigned int *, const unsigned int *, const __half *, __half *, int, int)"
16362602860,74784,98398,1,1024,1,32,4,1,32,0.000,0.000,,,,,NVIDIA GeForce RTX 3090 (0),1,,7,"gemv_kernel_g128(const float4 *, const unsigned int *, const unsigned int *, const __half *, __half *, int, int)"
16362699532,68352,98404,1,2752,1,32,4,1,32,0.000,0.000,,,,,NVIDIA GeForce RTX 3090 (0),1,,7,"gemv_kernel_g128(const float4 *, const unsigned int *, const unsigned int *, const __half *, __half *, int, int)"
16362769804,72352,98406,1,2752,1,32,4,1,32,0.000,0.000,,,,,NVIDIA GeForce RTX 3090 (0),1,,7,"gemv_kernel_g128(const float4 *, const unsigned int *, const unsigned int *, const __half *, __half *, int, int)"
16362846796,39072,98410,1,1024,1,32,4,1,32,0.000,0.000,,,,,NVIDIA GeForce RTX 3090 (0),1,,7,"gemv_kernel_g128(const float4 *, const unsigned int *, const unsigned int *, const __half *, __half *, int, int)"
16362906988,146336,98416,1,8000,1,32,4,1,32,0.000,0.000,,,,,NVIDIA GeForce RTX 3090 (0),1,,7,"gemv_kernel_g128(const float4 *, const unsigned int *, const unsigned int *, const __half *, __half *, int, int)"
16394050245,101791,98430,1,3072,1,32,4,1,32,0.000,0.000,,,,,NVIDIA GeForce RTX 3090 (0),1,,7,"gemv_kernel_g128(const float4 *, const unsigned int *, const unsigned int *, const __half *, __half *, int, int)"
16396418148,85536,98578,1,1024,1,32,4,1,32,0.000,0.000,,,,,NVIDIA GeForce RTX 3090 (0),1,,7,"gemv_kernel_g128(const float4 *, const unsigned int *, const unsigned int *, const __half *, __half *, int, int)"
16396526116,70880,98584,1,2752,1,32,4,1,32,0.000,0.000,,,,,NVIDIA GeForce RTX 3090 (0),1,,7,"gemv_kernel_g128(const float4 *, const unsigned int *, const unsigned int *, const __half *, __half *, int, int)"
16396598916,73152,98586,1,2752,1,32,4,1,32,0.000,0.000,,,,,NVIDIA GeForce RTX 3090 (0),1,,7,"gemv_kernel_g128(const float4 *, const unsigned int *, const unsigned int *, const __half *, __half *, int, int)"
16396676836,38496,98590,1,1024,1,32,4,1,32,0.000,0.000,,,,,NVIDIA GeForce RTX 3090 (0),1,,7,"gemv_kernel_g128(const float4 *, const unsigned int *, const unsigned int *, const __half *, __half *, int, int)"
16396737188,100736,98596,1,3072,1,32,4,1,32,0.000,0.000,,,,,NVIDIA GeForce RTX 3090 (0),1,,7,"gemv_kernel_g128(const float4 *, const unsigned int *, const unsigned int *, const __half *, __half *, int, int)"
16399033763,79776,98744,1,1024,1,32,4,1,32,0.000,0.000,,,,,NVIDIA GeForce RTX 3090 (0),1,,7,"gemv_kernel_g128(const float4 *, const unsigned int *, const unsigned int *, const __half *, __half *, int, int)"
16399135939,70848,98750,1,2752,1,32,4,1,32,0.000,0.000,,,,,NVIDIA GeForce RTX 3090 (0),1,,7,"gemv_kernel_g128(const float4 *, const unsigned int *, const unsigned int *, const __half *, __half *, int, int)"
16399208291,71744,98752,1,2752,1,32,4,1,32,0.000,0.000,,,,,NVIDIA GeForce RTX 3090 (0),1,,7,"gemv_kernel_g128(const float4 *, const unsigned int *, const unsigned int *, const __half *, __half *, int, int)"
16399285187,38688,98756,1,1024,1,32,4,1,32,0.000,0.000,,,,,NVIDIA GeForce RTX 3090 (0),1,,7,"gemv_kernel_g128(const float4 *, const unsigned int *, const unsigned int *, const __half *, __half *, int, int)"
16399345379,95328,98762,1,3072,1,32,4,1,32,0.000,0.000,,,,,NVIDIA GeForce RTX 3090 (0),1,,7,"gemv_kernel_g128(const float4 *, const unsigned int *, const unsigned int *, const __half *, __half *, int, int)"
16401641859,79872,98910,1,1024,1,32,4,1,32,0.000,0.000,,,,,NVIDIA GeForce RTX 3090 (0),1,,7,"gemv_kernel_g128(const float4 *, const unsigned int *, const unsigned int *, const __half *, __half *, int, int)"
16401744099,73472,98916,1,2752,1,32,4,1,32,0.000,0.000,,,,,NVIDIA GeForce RTX 3090 (0),1,,7,"gemv_kernel_g128(const float4 *, const unsigned int *, const unsigned int *, const __half *, __half *, int, int)"
16401819011,71904,98918,1,2752,1,32,4,1,32,0.000,0.000,,,,,NVIDIA GeForce RTX 3090 (0),1,,7,"gemv_kernel_g128(const float4 *, const unsigned int *, const unsigned int *, const __half *, __half *, int, int)"
16401896099,38464,98922,1,1024,1,32,4,1,32,0.000,0.000,,,,,NVIDIA GeForce RTX 3090 (0),1,,7,"gemv_kernel_g128(const float4 *, const unsigned int *, const unsigned int *, const __half *, __half *, int, int)"
16401955747,95296,98928,1,3072,1,32,4,1,32,0.000,0.000,,,,,NVIDIA GeForce RTX 3090 (0),1,,7,"gemv_kernel_g128(const float4 *, const unsigned int *, const unsigned int *, const __half *, __half *, int, int)"
16404583778,80128,99076,1,1024,1,32,4,1,32,0.000,0.000,,,,,NVIDIA GeForce RTX 3090 (0),1,,7,"gemv_kernel_g128(const float4 *, const unsigned int *, const unsigned int *, const __half *, __half *, int, int)"
16404685858,76416,99082,1,2752,1,32,4,1,32,0.000,0.000,,,,,NVIDIA GeForce RTX 3090 (0),1,,7,"gemv_kernel_g128(const float4 *, const unsigned int *, const unsigned int *, const __half *, __half *, int, int)"
16404763778,90656,99084,1,2752,1,32,4,1,32,0.000,0.000,,,,,NVIDIA GeForce RTX 3090 (0),1,,7,"gemv_kernel_g128(const float4 *, const unsigned int *, const unsigned int *, const __half *, __half *, int, int)"
16404859426,38656,99088,1,1024,1,32,4,1,32,0.000,0.000,,,,,NVIDIA GeForce RTX 3090 (0),1,,7,"gemv_kernel_g128(const float4 *, const unsigned int *, const unsigned int *, const __half *, __half *, int, int)"
16404920642,108896,99094,1,3072,1,32,4,1,32,0.000,0.000,,,,,NVIDIA GeForce RTX 3090 (0),1,,7,"gemv_kernel_g128(const float4 *, const unsigned int *, const unsigned int *, const __half *, __half *, int, int)"
16407767137,97376,99242,1,1024,1,32,4,1,32,0.000,0.000,,,,,NVIDIA GeForce RTX 3090 (0),1,,7,"gemv_kernel_g128(const float4 *, const unsigned int *, const unsigned int *, const __half *, __half *, int, int)"
16407891105,77184,99248,1,2752,1,32,4,1,32,0.000,0.000,,,,,NVIDIA GeForce RTX 3090 (0),1,,7,"gemv_kernel_g128(const float4 *, const unsigned int *, const unsigned int *, const __half *, __half *, int, int)"
16407970369,76768,99250,1,2752,1,32,4,1,32,0.000,0.000,,,,,NVIDIA GeForce RTX 3090 (0),1,,7,"gemv_kernel_g128(const float4 *, const unsigned int *, const unsigned int *, const __half *, __half *, int, int)"
16408052033,39040,99254,1,1024,1,32,4,1,32,0.000,0.000,,,,,NVIDIA GeForce RTX 3090 (0),1,,7,"gemv_kernel_g128(const float4 *, const unsigned int *, const unsigned int *, const __half *, __half *, int, int)"
16408113153,104864,99260,1,3072,1,32,4,1,32,0.000,0.000,,,,,NVIDIA GeForce RTX 3090 (0),1,,7,"gemv_kernel_g128(const float4 *, const unsigned int *, const unsigned int *, const __half *, __half *, int, int)"
16410458880,79552,99408,1,1024,1,32,4,1,32,0.000,0.000,,,,,NVIDIA GeForce RTX 3090 (0),1,,7,"gemv_kernel_g128(const float4 *, const unsigned int *, const unsigned int *, const __half *, __half *, int, int)"
16410561536,78560,99414,1,2752,1,32,4,1,32,0.000,0.000,,,,,NVIDIA GeForce RTX 3090 (0),1,,7,"gemv_kernel_g128(const float4 *, const unsigned int *, const unsigned int *, const __half *, __half *, int, int)"
16410641600,79104,99416,1,2752,1,32,4,1,32,0.000,0.000,,,,,NVIDIA GeForce RTX 3090 (0),1,,7,"gemv_kernel_g128(const float4 *, const unsigned int *, const unsigned int *, const __half *, __half *, int, int)"
16410726144,37536,99420,1,1024,1,32,4,1,32,0.000,0.000,,,,,NVIDIA GeForce RTX 3090 (0),1,,7,"gemv_kernel_g128(const float4 *, const unsigned int *, const unsigned int *, const __half *, __half *, int, int)"
16410784768,96704,99426,1,3072,1,32,4,1,32,0.000,0.000,,,,,NVIDIA GeForce RTX 3090 (0),1,,7,"gemv_kernel_g128(const float4 *, const unsigned int *, const unsigned int *, const __half *, __half *, int, int)"
16412927648,75008,99574,1,1024,1,32,4,1,32,0.000,0.000,,,,,NVIDIA GeForce RTX 3090 (0),1,,7,"gemv_kernel_g128(const float4 *, const unsigned int *, const unsigned int *, const __half *, __half *, int, int)"
16413024800,67584,99580,1,2752,1,32,4,1,32,0.000,0.000,,,,,NVIDIA GeForce RTX 3090 (0),1,,7,"gemv_kernel_g128(const float4 *, const unsigned int *, const unsigned int *, const __half *, __half *, int, int)"
16413093888,68064,99582,1,2752,1,32,4,1,32,0.000,0.000,,,,,NVIDIA GeForce RTX 3090 (0),1,,7,"gemv_kernel_g128(const float4 *, const unsigned int *, const unsigned int *, const __half *, __half *, int, int)"
16413167104,38016,99586,1,1024,1,32,4,1,32,0.000,0.000,,,,,NVIDIA GeForce RTX 3090 (0),1,,7,"gemv_kernel_g128(const float4 *, const unsigned int *, const unsigned int *, const __half *, __half *, int, int)"
16413225376,93376,99592,1,3072,1,32,4,1,32,0.000,0.000,,,,,NVIDIA GeForce RTX 3090 (0),1,,7,"gemv_kernel_g128(const float4 *, const unsigned int *, const unsigned int *, const __half *, __half *, int, int)"
16415545983,80032,99740,1,1024,1,32,4,1,32,0.000,0.000,,,,,NVIDIA GeForce RTX 3090 (0),1,,7,"gemv_kernel_g128(const float4 *, const unsigned int *, const unsigned int *, const __half *, __half *, int, int)"
16415647839,66848,99746,1,2752,1,32,4,1,32,0.000,0.000,,,,,NVIDIA GeForce RTX 3090 (0),1,,7,"gemv_kernel_g128(const float4 *, const unsigned int *, const unsigned int *, const __half *, __half *, int, int)"
16415716191,71904,99748,1,2752,1,32,4,1,32,0.000,0.000,,,,,NVIDIA GeForce RTX 3090 (0),1,,7,"gemv_kernel_g128(const float4 *, const unsigned int *, const unsigned int *, const __half *, __half *, int, int)"
16415794655,37696,99752,1,1024,1,32,4,1,32,0.000,0.000,,,,,NVIDIA GeForce RTX 3090 (0),1,,7,"gemv_kernel_g128(const float4 *, const unsigned int *, const unsigned int *, const __half *, __half *, int, int)"
16415853567,94368,99758,1,3072,1,32,4,1,32,0.000,0.000,,,,,NVIDIA GeForce RTX 3090 (0),1,,7,"gemv_kernel_g128(const float4 *, const unsigned int *, const unsigned int *, const __half *, __half *, int, int)"
16418096831,81152,99906,1,1024,1,32,4,1,32,0.000,0.000,,,,,NVIDIA GeForce RTX 3090 (0),1,,7,"gemv_kernel_g128(const float4 *, const unsigned int *, const unsigned int *, const __half *, __half *, int, int)"
16418200063,75104,99912,1,2752,1,32,4,1,32,0.000,0.000,,,,,NVIDIA GeForce RTX 3090 (0),1,,7,"gemv_kernel_g128(const float4 *, const unsigned int *, const unsigned int *, const __half *, __half *, int, int)"
16418277087,73504,99914,1,2752,1,32,4,1,32,0.000,0.000,,,,,NVIDIA GeForce RTX 3090 (0),1,,7,"gemv_kernel_g128(const float4 *, const unsigned int *, const unsigned int *, const __half *, __half *, int, int)"
16418355295,37504,99918,1,1024,1,32,4,1,32,0.000,0.000,,,,,NVIDIA GeForce RTX 3090 (0),1,,7,"gemv_kernel_g128(const float4 *, const unsigned int *, const unsigned int *, const __half *, __half *, int, int)"
16418414495,94656,99924,1,3072,1,32,4,1,32,0.000,0.000,,,,,NVIDIA GeForce RTX 3090 (0),1,,7,"gemv_kernel_g128(const float4 *, const unsigned int *, const unsigned int *, const __half *, __half *, int, int)"
16420634942,83072,100072,1,1024,1,32,4,1,32,0.000,0.000,,,,,NVIDIA GeForce RTX 3090 (0),1,,7,"gemv_kernel_g128(const float4 *, const unsigned int *, const unsigned int *, const __half *, __half *, int, int)"
16420741406,90624,100078,1,2752,1,32,4,1,32,0.000,0.000,,,,,NVIDIA GeForce RTX 3090 (0),1,,7,"gemv_kernel_g128(const float4 *, const unsigned int *, const unsigned int *, const __half *, __half *, int, int)"
16420833662,99136,100080,1,2752,1,32,4,1,32,0.000,0.000,,,,,NVIDIA GeForce RTX 3090 (0),1,,7,"gemv_kernel_g128(const float4 *, const unsigned int *, const unsigned int *, const __half *, __half *, int, int)"
16420938526,38304,100084,1,1024,1,32,4,1,32,0.000,0.000,,,,,NVIDIA GeForce RTX 3090 (0),1,,7,"gemv_kernel_g128(const float4 *, const unsigned int *, const unsigned int *, const __half *, __half *, int, int)"
16420999230,107936,100090,1,3072,1,32,4,1,32,0.000,0.000,,,,,NVIDIA GeForce RTX 3090 (0),1,,7,"gemv_kernel_g128(const float4 *, const unsigned int *, const unsigned int *, const __half *, __half *, int, int)"
16423520765,97120,100238,1,1024,1,32,4,1,32,0.000,0.000,,,,,NVIDIA GeForce RTX 3090 (0),1,,7,"gemv_kernel_g128(const float4 *, const unsigned int *, const unsigned int *, const __half *, __half *, int, int)"
16423641405,90176,100244,1,2752,1,32,4,1,32,0.000,0.000,,,,,NVIDIA GeForce RTX 3090 (0),1,,7,"gemv_kernel_g128(const float4 *, const unsigned int *, const unsigned int *, const __half *, __half *, int, int)"
16423733117,87648,100246,1,2752,1,32,4,1,32,0.000,0.000,,,,,NVIDIA GeForce RTX 3090 (0),1,,7,"gemv_kernel_g128(const float4 *, const unsigned int *, const unsigned int *, const __half *, __half *, int, int)"
16423826141,37632,100250,1,1024,1,32,4,1,32,0.000,0.000,,,,,NVIDIA GeForce RTX 3090 (0),1,,7,"gemv_kernel_g128(const float4 *, const unsigned int *, const unsigned int *, const __half *, __half *, int, int)"
16423886237,112480,100256,1,3072,1,32,4,1,32,0.000,0.000,,,,,NVIDIA GeForce RTX 3090 (0),1,,7,"gemv_kernel_g128(const float4 *, const unsigned int *, const unsigned int *, const __half *, __half *, int, int)"
16426147709,73120,100404,1,1024,1,32,4,1,32,0.000,0.000,,,,,NVIDIA GeForce RTX 3090 (0),1,,7,"gemv_kernel_g128(const float4 *, const unsigned int *, const unsigned int *, const __half *, __half *, int, int)"
16426242685,66720,100410,1,2752,1,32,4,1,32,0.000,0.000,,,,,NVIDIA GeForce RTX 3090 (0),1,,7,"gemv_kernel_g128(const float4 *, const unsigned int *, const unsigned int *, const __half *, __half *, int, int)"
16426310781,68000,100412,1,2752,1,32,4,1,32,0.000,0.000,,,,,NVIDIA GeForce RTX 3090 (0),1,,7,"gemv_kernel_g128(const float4 *, const unsigned int *, const unsigned int *, const __half *, __half *, int, int)"
16426383549,37568,100416,1,1024,1,32,4,1,32,0.000,0.000,,,,,NVIDIA GeForce RTX 3090 (0),1,,7,"gemv_kernel_g128(const float4 *, const unsigned int *, const unsigned int *, const __half *, __half *, int, int)"
16426442557,91008,100422,1,3072,1,32,4,1,32,0.000,0.000,,,,,NVIDIA GeForce RTX 3090 (0),1,,7,"gemv_kernel_g128(const float4 *, const unsigned int *, const unsigned int *, const __half *, __half *, int, int)"
16428798780,87520,100570,1,1024,1,32,4,1,32,0.000,0.000,,,,,NVIDIA GeForce RTX 3090 (0),1,,7,"gemv_kernel_g128(const float4 *, const unsigned int *, const unsigned int *, const __half *, __half *, int, int)"
16428908860,74976,100576,1,2752,1,32,4,1,32,0.000,0.000,,,,,NVIDIA GeForce RTX 3090 (0),1,,7,"gemv_kernel_g128(const float4 *, const unsigned int *, const unsigned int *, const __half *, __half *, int, int)"
16428985724,72704,100578,1,2752,1,32,4,1,32,0.000,0.000,,,,,NVIDIA GeForce RTX 3090 (0),1,,7,"gemv_kernel_g128(const float4 *, const unsigned int *, const unsigned int *, const __half *, __half *, int, int)"
16429063260,38208,100582,1,1024,1,32,4,1,32,0.000,0.000,,,,,NVIDIA GeForce RTX 3090 (0),1,,7,"gemv_kernel_g128(const float4 *, const unsigned int *, const unsigned int *, const __half *, __half *, int, int)"
16429123004,99744,100588,1,3072,1,32,4,1,32,0.000,0.000,,,,,NVIDIA GeForce RTX 3090 (0),1,,7,"gemv_kernel_g128(const float4 *, const unsigned int *, const unsigned int *, const __half *, __half *, int, int)"
16431903323,84064,100736,1,1024,1,32,4,1,32,0.000,0.000,,,,,NVIDIA GeForce RTX 3090 (0),1,,7,"gemv_kernel_g128(const float4 *, const unsigned int *, const unsigned int *, const __half *, __half *, int, int)"
16432009947,82496,100742,1,2752,1,32,4,1,32,0.000,0.000,,,,,NVIDIA GeForce RTX 3090 (0),1,,7,"gemv_kernel_g128(const float4 *, const unsigned int *, const unsigned int *, const __half *, __half *, int, int)"
16432093947,82080,100744,1,2752,1,32,4,1,32,0.000,0.000,,,,,NVIDIA GeForce RTX 3090 (0),1,,7,"gemv_kernel_g128(const float4 *, const unsigned int *, const unsigned int *, const __half *, __half *, int, int)"
16432181243,37952,100748,1,1024,1,32,4,1,32,0.000,0.000,,,,,NVIDIA GeForce RTX 3090 (0),1,,7,"gemv_kernel_g128(const float4 *, const unsigned int *, const unsigned int *, const __half *, __half *, int, int)"
16432240283,95968,100754,1,3072,1,32,4,1,32,0.000,0.000,,,,,NVIDIA GeForce RTX 3090 (0),1,,7,"gemv_kernel_g128(const float4 *, const unsigned int *, const unsigned int *, const __half *, __half *, int, int)"
16434472347,75328,100902,1,1024,1,32,4,1,32,0.000,0.000,,,,,NVIDIA GeForce RTX 3090 (0),1,,7,"gemv_kernel_g128(const float4 *, const unsigned int *, const unsigned int *, const __half *, __half *, int, int)"
16434570363,70400,100908,1,2752,1,32,4,1,32,0.000,0.000,,,,,NVIDIA GeForce RTX 3090 (0),1,,7,"gemv_kernel_g128(const float4 *, const unsigned int *, const unsigned int *, const __half *, __half *, int, int)"
16434642267,67328,100910,1,2752,1,32,4,1,32,0.000,0.000,,,,,NVIDIA GeForce RTX 3090 (0),1,,7,"gemv_kernel_g128(const float4 *, const unsigned int *, const unsigned int *, const __half *, __half *, int, int)"
16434714779,37440,100914,1,1024,1,32,4,1,32,0.000,0.000,,,,,NVIDIA GeForce RTX 3090 (0),1,,7,"gemv_kernel_g128(const float4 *, const unsigned int *, const unsigned int *, const __half *, __half *, int, int)"
16434772603,95648,100920,1,3072,1,32,4,1,32,0.000,0.000,,,,,NVIDIA GeForce RTX 3090 (0),1,,7,"gemv_kernel_g128(const float4 *, const unsigned int *, const unsigned int *, const __half *, __half *, int, int)"
16437320954,84608,101068,1,1024,1,32,4,1,32,0.000,0.000,,,,,NVIDIA GeForce RTX 3090 (0),1,,7,"gemv_kernel_g128(const float4 *, const unsigned int *, const unsigned int *, const __half *, __half *, int, int)"
16437429722,87008,101074,1,2752,1,32,4,1,32,0.000,0.000,,,,,NVIDIA GeForce RTX 3090 (0),1,,7,"gemv_kernel_g128(const float4 *, const unsigned int *, const unsigned int *, const __half *, __half *, int, int)"
16437518234,90656,101076,1,2752,1,32,4,1,32,0.000,0.000,,,,,NVIDIA GeForce RTX 3090 (0),1,,7,"gemv_kernel_g128(const float4 *, const unsigned int *, const unsigned int *, const __half *, __half *, int, int)"
16437613690,37664,101080,1,1024,1,32,4,1,32,0.000,0.000,,,,,NVIDIA GeForce RTX 3090 (0),1,,7,"gemv_kernel_g128(const float4 *, const unsigned int *, const unsigned int *, const __half *, __half *, int, int)"
16437674586,115936,101086,1,3072,1,32,4,1,32,0.000,0.000,,,,,NVIDIA GeForce RTX 3090 (0),1,,7,"gemv_kernel_g128(const float4 *, const unsigned int *, const unsigned int *, const __half *, __half *, int, int)"
16440171225,80320,101234,1,1024,1,32,4,1,32,0.000,0.000,,,,,NVIDIA GeForce RTX 3090 (0),1,,7,"gemv_kernel_g128(const float4 *, const unsigned int *, const unsigned int *, const __half *, __half *, int, int)"
16440274265,76192,101240,1,2752,1,32,4,1,32,0.000,0.000,,,,,NVIDIA GeForce RTX 3090 (0),1,,7,"gemv_kernel_g128(const float4 *, const unsigned int *, const unsigned int *, const __half *, __half *, int, int)"
16440352409,78112,101242,1,2752,1,32,4,1,32,0.000,0.000,,,,,NVIDIA GeForce RTX 3090 (0),1,,7,"gemv_kernel_g128(const float4 *, const unsigned int *, const unsigned int *, const __half *, __half *, int, int)"
16440435385,37440,101246,1,1024,1,32,4,1,32,0.000,0.000,,,,,NVIDIA GeForce RTX 3090 (0),1,,7,"gemv_kernel_g128(const float4 *, const unsigned int *, const unsigned int *, const __half *, __half *, int, int)"
16440494649,104064,101252,1,3072,1,32,4,1,32,0.000,0.000,,,,,NVIDIA GeForce RTX 3090 (0),1,,7,"gemv_kernel_g128(const float4 *, const unsigned int *, const unsigned int *, const __half *, __half *, int, int)"
16443053337,78175,101400,1,1024,1,32,4,1,32,0.000,0.000,,,,,NVIDIA GeForce RTX 3090 (0),1,,7,"gemv_kernel_g128(const float4 *, const unsigned int *, const unsigned int *, const __half *, __half *, int, int)"
16443154424,71584,101406,1,2752,1,32,4,1,32,0.000,0.000,,,,,NVIDIA GeForce RTX 3090 (0),1,,7,"gemv_kernel_g128(const float4 *, const unsigned int *, const unsigned int *, const __half *, __half *, int, int)"
16443227512,70464,101408,1,2752,1,32,4,1,32,0.000,0.000,,,,,NVIDIA GeForce RTX 3090 (0),1,,7,"gemv_kernel_g128(const float4 *, const unsigned int *, const unsigned int *, const __half *, __half *, int, int)"
16443303128,39456,101412,1,1024,1,32,4,1,32,0.000,0.000,,,,,NVIDIA GeForce RTX 3090 (0),1,,7,"gemv_kernel_g128(const float4 *, const unsigned int *, const unsigned int *, const __half *, __half *, int, int)"
16443364152,95552,101418,1,3072,1,32,4,1,32,0.000,0.000,,,,,NVIDIA GeForce RTX 3090 (0),1,,7,"gemv_kernel_g128(const float4 *, const unsigned int *, const unsigned int *, const __half *, __half *, int, int)"
16445603064,72352,101566,1,1024,1,32,4,1,32,0.000,0.000,,,,,NVIDIA GeForce RTX 3090 (0),1,,7,"gemv_kernel_g128(const float4 *, const unsigned int *, const unsigned int *, const __half *, __half *, int, int)"
16445697048,67200,101572,1,2752,1,32,4,1,32,0.000,0.000,,,,,NVIDIA GeForce RTX 3090 (0),1,,7,"gemv_kernel_g128(const float4 *, const unsigned int *, const unsigned int *, const __half *, __half *, int, int)"
16445765720,66592,101574,1,2752,1,32,4,1,32,0.000,0.000,,,,,NVIDIA GeForce RTX 3090 (0),1,,7,"gemv_kernel_g128(const float4 *, const unsigned int *, const unsigned int *, const __half *, __half *, int, int)"
16445837400,38720,101578,1,1024,1,32,4,1,32,0.000,0.000,,,,,NVIDIA GeForce RTX 3090 (0),1,,7,"gemv_kernel_g128(const float4 *, const unsigned int *, const unsigned int *, const __half *, __half *, int, int)"
16445897240,92896,101584,1,3072,1,32,4,1,32,0.000,0.000,,,,,NVIDIA GeForce RTX 3090 (0),1,,7,"gemv_kernel_g128(const float4 *, const unsigned int *, const unsigned int *, const __half *, __half *, int, int)"
16448113719,75776,101732,1,1024,1,32,4,1,32,0.000,0.000,,,,,NVIDIA GeForce RTX 3090 (0),1,,7,"gemv_kernel_g128(const float4 *, const unsigned int *, const unsigned int *, const __half *, __half *, int, int)"
16448211511,66368,101738,1,2752,1,32,4,1,32,0.000,0.000,,,,,NVIDIA GeForce RTX 3090 (0),1,,7,"gemv_kernel_g128(const float4 *, const unsigned int *, const unsigned int *, const __half *, __half *, int, int)"
16448279319,66080,101740,1,2752,1,32,4,1,32,0.000,0.000,,,,,NVIDIA GeForce RTX 3090 (0),1,,7,"gemv_kernel_g128(const float4 *, const unsigned int *, const unsigned int *, const __half *, __half *, int, int)"
16448350135,39680,101744,1,1024,1,32,4,1,32,0.000,0.000,,,,,NVIDIA GeForce RTX 3090 (0),1,,7,"gemv_kernel_g128(const float4 *, const unsigned int *, const unsigned int *, const __half *, __half *, int, int)"
16448599031,94496,101750,1,3072,1,32,4,1,32,0.000,0.000,,,,,NVIDIA GeForce RTX 3090 (0),1,,7,"gemv_kernel_g128(const float4 *, const unsigned int *, const unsigned int *, const __half *, __half *, int, int)"
16450877271,77792,101898,1,1024,1,32,4,1,32,0.000,0.000,,,,,NVIDIA GeForce RTX 3090 (0),1,,7,"gemv_kernel_g128(const float4 *, const unsigned int *, const unsigned int *, const __half *, __half *, int, int)"
16450976759,67776,101904,1,2752,1,32,4,1,32,0.000,0.000,,,,,NVIDIA GeForce RTX 3090 (0),1,,7,"gemv_kernel_g128(const float4 *, const unsigned int *, const unsigned int *, const __half *, __half *, int, int)"
16451046455,68416,101906,1,2752,1,32,4,1,32,0.000,0.000,,,,,NVIDIA GeForce RTX 3090 (0),1,,7,"gemv_kernel_g128(const float4 *, const unsigned int *, const unsigned int *, const __half *, __half *, int, int)"
16451119607,37600,101910,1,1024,1,32,4,1,32,0.000,0.000,,,,,NVIDIA GeForce RTX 3090 (0),1,,7,"gemv_kernel_g128(const float4 *, const unsigned int *, const unsigned int *, const __half *, __half *, int, int)"
16451178583,93919,101916,1,3072,1,32,4,1,32,0.000,0.000,,,,,NVIDIA GeForce RTX 3090 (0),1,,7,"gemv_kernel_g128(const float4 *, const unsigned int *, const unsigned int *, const __half *, __half *, int, int)"
16454153942,92800,102064,1,1024,1,32,4,1,32,0.000,0.000,,,,,NVIDIA GeForce RTX 3090 (0),1,,7,"gemv_kernel_g128(const float4 *, const unsigned int *, const unsigned int *, const __half *, __half *, int, int)"
16454272022,82784,102070,1,2752,1,32,4,1,32,0.000,0.000,,,,,NVIDIA GeForce RTX 3090 (0),1,,7,"gemv_kernel_g128(const float4 *, const unsigned int *, const unsigned int *, const __half *, __half *, int, int)"
16454356278,86784,102072,1,2752,1,32,4,1,32,0.000,0.000,,,,,NVIDIA GeForce RTX 3090 (0),1,,7,"gemv_kernel_g128(const float4 *, const unsigned int *, const unsigned int *, const __half *, __half *, int, int)"
16454448342,38592,102076,1,1024,1,32,4,1,32,0.000,0.000,,,,,NVIDIA GeForce RTX 3090 (0),1,,7,"gemv_kernel_g128(const float4 *, const unsigned int *, const unsigned int *, const __half *, __half *, int, int)"
16454510646,111584,102082,1,3072,1,32,4,1,32,0.000,0.000,,,,,NVIDIA GeForce RTX 3090 (0),1,,7,"gemv_kernel_g128(const float4 *, const unsigned int *, const unsigned int *, const __half *, __half *, int, int)"
16457201781,90944,102230,1,1024,1,32,4,1,32,0.000,0.000,,,,,NVIDIA GeForce RTX 3090 (0),1,,7,"gemv_kernel_g128(const float4 *, const unsigned int *, const unsigned int *, const __half *, __half *, int, int)"
16457315637,75424,102236,1,2752,1,32,4,1,32,0.000,0.000,,,,,NVIDIA GeForce RTX 3090 (0),1,,7,"gemv_kernel_g128(const float4 *, const unsigned int *, const unsigned int *, const __half *, __half *, int, int)"
16457392789,77792,102238,1,2752,1,32,4,1,32,0.000,0.000,,,,,NVIDIA GeForce RTX 3090 (0),1,,7,"gemv_kernel_g128(const float4 *, const unsigned int *, const unsigned int *, const __half *, __half *, int, int)"
16457475829,36864,102242,1,1024,1,32,4,1,32,0.000,0.000,,,,,NVIDIA GeForce RTX 3090 (0),1,,7,"gemv_kernel_g128(const float4 *, const unsigned int *, const unsigned int *, const __half *, __half *, int, int)"
16457534229,106080,102248,1,3072,1,32,4,1,32,0.000,0.000,,,,,NVIDIA GeForce RTX 3090 (0),1,,7,"gemv_kernel_g128(const float4 *, const unsigned int *, const unsigned int *, const __half *, __half *, int, int)"
16460168820,84768,102396,1,1024,1,32,4,1,32,0.000,0.000,,,,,NVIDIA GeForce RTX 3090 (0),1,,7,"gemv_kernel_g128(const float4 *, const unsigned int *, const unsigned int *, const __half *, __half *, int, int)"
16460280692,88320,102402,1,2752,1,32,4,1,32,0.000,0.000,,,,,NVIDIA GeForce RTX 3090 (0),1,,7,"gemv_kernel_g128(const float4 *, const unsigned int *, const unsigned int *, const __half *, __half *, int, int)"
16460370548,85472,102404,1,2752,1,32,4,1,32,0.000,0.000,,,,,NVIDIA GeForce RTX 3090 (0),1,,7,"gemv_kernel_g128(const float4 *, const unsigned int *, const unsigned int *, const __half *, __half *, int, int)"
16460460628,38656,102408,1,1024,1,32,4,1,32,0.000,0.000,,,,,NVIDIA GeForce RTX 3090 (0),1,,7,"gemv_kernel_g128(const float4 *, const unsigned int *, const unsigned int *, const __half *, __half *, int, int)"
16460522708,117344,102414,1,3072,1,32,4,1,32,0.000,0.000,,,,,NVIDIA GeForce RTX 3090 (0),1,,7,"gemv_kernel_g128(const float4 *, const unsigned int *, const unsigned int *, const __half *, __half *, int, int)"
16463253684,96064,102562,1,1024,1,32,4,1,32,0.000,0.000,,,,,NVIDIA GeForce RTX 3090 (0),1,,7,"gemv_kernel_g128(const float4 *, const unsigned int *, const unsigned int *, const __half *, __half *, int, int)"
16463373908,95743,102568,1,2752,1,32,4,1,32,0.000,0.000,,,,,NVIDIA GeForce RTX 3090 (0),1,,7,"gemv_kernel_g128(const float4 *, const unsigned int *, const unsigned int *, const __half *, __half *, int, int)"
16463471635,84224,102570,1,2752,1,32,4,1,32,0.000,0.000,,,,,NVIDIA GeForce RTX 3090 (0),1,,7,"gemv_kernel_g128(const float4 *, const unsigned int *, const unsigned int *, const __half *, __half *, int, int)"
16463560563,37248,102574,1,1024,1,32,4,1,32,0.000,0.000,,,,,NVIDIA GeForce RTX 3090 (0),1,,7,"gemv_kernel_g128(const float4 *, const unsigned int *, const unsigned int *, const __half *, __half *, int, int)"
16463620051,111296,102580,1,3072,1,32,4,1,32,0.000,0.000,,,,,NVIDIA GeForce RTX 3090 (0),1,,7,"gemv_kernel_g128(const float4 *, const unsigned int *, const unsigned int *, const __half *, __half *, int, int)"
16466419987,89696,102728,1,1024,1,32,4,1,32,0.000,0.000,,,,,NVIDIA GeForce RTX 3090 (0),1,,7,"gemv_kernel_g128(const float4 *, const unsigned int *, const unsigned int *, const __half *, __half *, int, int)"
16466533715,86080,102734,1,2752,1,32,4,1,32,0.000,0.000,,,,,NVIDIA GeForce RTX 3090 (0),1,,7,"gemv_kernel_g128(const float4 *, const unsigned int *, const unsigned int *, const __half *, __half *, int, int)"
16466621267,91200,102736,1,2752,1,32,4,1,32,0.000,0.000,,,,,NVIDIA GeForce RTX 3090 (0),1,,7,"gemv_kernel_g128(const float4 *, const unsigned int *, const unsigned int *, const __half *, __half *, int, int)"
16466717619,39328,102740,1,1024,1,32,4,1,32,0.000,0.000,,,,,NVIDIA GeForce RTX 3090 (0),1,,7,"gemv_kernel_g128(const float4 *, const unsigned int *, const unsigned int *, const __half *, __half *, int, int)"
16466779827,121824,102746,1,3072,1,32,4,1,32,0.000,0.000,,,,,NVIDIA GeForce RTX 3090 (0),1,,7,"gemv_kernel_g128(const float4 *, const unsigned int *, const unsigned int *, const __half *, __half *, int, int)"
16470513778,102272,102894,1,1024,1,32,4,1,32,0.000,0.000,,,,,NVIDIA GeForce RTX 3090 (0),1,,7,"gemv_kernel_g128(const float4 *, const unsigned int *, const unsigned int *, const __half *, __half *, int, int)"
16470828402,101024,102900,1,2752,1,32,4,1,32,0.000,0.000,,,,,NVIDIA GeForce RTX 3090 (0),1,,7,"gemv_kernel_g128(const float4 *, const unsigned int *, const unsigned int *, const __half *, __half *, int, int)"
16470930930,94912,102902,1,2752,1,32,4,1,32,0.000,0.000,,,,,NVIDIA GeForce RTX 3090 (0),1,,7,"gemv_kernel_g128(const float4 *, const unsigned int *, const unsigned int *, const __half *, __half *, int, int)"
16471031186,37504,102906,1,1024,1,32,4,1,32,0.000,0.000,,,,,NVIDIA GeForce RTX 3090 (0),1,,7,"gemv_kernel_g128(const float4 *, const unsigned int *, const unsigned int *, const __half *, __half *, int, int)"
16471092050,122400,102912,1,3072,1,32,4,1,32,0.000,0.000,,,,,NVIDIA GeForce RTX 3090 (0),1,,7,"gemv_kernel_g128(const float4 *, const unsigned int *, const unsigned int *, const __half *, __half *, int, int)"
16474130097,84224,103060,1,1024,1,32,4,1,32,0.000,0.000,,,,,NVIDIA GeForce RTX 3090 (0),1,,7,"gemv_kernel_g128(const float4 *, const unsigned int *, const unsigned int *, const __half *, __half *, int, int)"
16474238161,79488,103066,1,2752,1,32,4,1,32,0.000,0.000,,,,,NVIDIA GeForce RTX 3090 (0),1,,7,"gemv_kernel_g128(const float4 *, const unsigned int *, const unsigned int *, const __half *, __half *, int, int)"
16474319121,83136,103068,1,2752,1,32,4,1,32,0.000,0.000,,,,,NVIDIA GeForce RTX 3090 (0),1,,7,"gemv_kernel_g128(const float4 *, const unsigned int *, const unsigned int *, const __half *, __half *, int, int)"
16474406993,37632,103072,1,1024,1,32,4,1,32,0.000,0.000,,,,,NVIDIA GeForce RTX 3090 (0),1,,7,"gemv_kernel_g128(const float4 *, const unsigned int *, const unsigned int *, const __half *, __half *, int, int)"
16474467249,113504,103078,1,3072,1,32,4,1,32,0.000,0.000,,,,,NVIDIA GeForce RTX 3090 (0),1,,7,"gemv_kernel_g128(const float4 *, const unsigned int *, const unsigned int *, const __half *, __half *, int, int)"
16477680464,98368,103226,1,1024,1,32,4,1,32,0.000,0.000,,,,,NVIDIA GeForce RTX 3090 (0),1,,7,"gemv_kernel_g128(const float4 *, const unsigned int *, const unsigned int *, const __half *, __half *, int, int)"
16477801712,83552,103232,1,2752,1,32,4,1,32,0.000,0.000,,,,,NVIDIA GeForce RTX 3090 (0),1,,7,"gemv_kernel_g128(const float4 *, const unsigned int *, const unsigned int *, const __half *, __half *, int, int)"
16477887152,81568,103234,1,2752,1,32,4,1,32,0.000,0.000,,,,,NVIDIA GeForce RTX 3090 (0),1,,7,"gemv_kernel_g128(const float4 *, const unsigned int *, const unsigned int *, const __half *, __half *, int, int)"
16477973456,37920,103238,1,1024,1,32,4,1,32,0.000,0.000,,,,,NVIDIA GeForce RTX 3090 (0),1,,7,"gemv_kernel_g128(const float4 *, const unsigned int *, const unsigned int *, const __half *, __half *, int, int)"
16478035312,119776,103244,1,3072,1,32,4,1,32,0.000,0.000,,,,,NVIDIA GeForce RTX 3090 (0),1,,7,"gemv_kernel_g128(const float4 *, const unsigned int *, const unsigned int *, const __half *, __half *, int, int)"
16480577583,84512,103392,1,1024,1,32,4,1,32,0.000,0.000,,,,,NVIDIA GeForce RTX 3090 (0),1,,7,"gemv_kernel_g128(const float4 *, const unsigned int *, const unsigned int *, const __half *, __half *, int, int)"
16480684399,83904,103398,1,2752,1,32,4,1,32,0.000,0.000,,,,,NVIDIA GeForce RTX 3090 (0),1,,7,"gemv_kernel_g128(const float4 *, const unsigned int *, const unsigned int *, const __half *, __half *, int, int)"
16480769807,89888,103400,1,2752,1,32,4,1,32,0.000,0.000,,,,,NVIDIA GeForce RTX 3090 (0),1,,7,"gemv_kernel_g128(const float4 *, const unsigned int *, const unsigned int *, const __half *, __half *, int, int)"
16480865231,37664,103404,1,1024,1,32,4,1,32,0.000,0.000,,,,,NVIDIA GeForce RTX 3090 (0),1,,7,"gemv_kernel_g128(const float4 *, const unsigned int *, const unsigned int *, const __half *, __half *, int, int)"
16480924303,117728,103410,1,3072,1,32,4,1,32,0.000,0.000,,,,,NVIDIA GeForce RTX 3090 (0),1,,7,"gemv_kernel_g128(const float4 *, const unsigned int *, const unsigned int *, const __half *, __half *, int, int)"
16483553103,100480,103558,1,1024,1,32,4,1,32,0.000,0.000,,,,,NVIDIA GeForce RTX 3090 (0),1,,7,"gemv_kernel_g128(const float4 *, const unsigned int *, const unsigned int *, const __half *, __half *, int, int)"
16483676079,90656,103564,1,2752,1,32,4,1,32,0.000,0.000,,,,,NVIDIA GeForce RTX 3090 (0),1,,7,"gemv_kernel_g128(const float4 *, const unsigned int *, const unsigned int *, const __half *, __half *, int, int)"
16483768143,84607,103566,1,2752,1,32,4,1,32,0.000,0.000,,,,,NVIDIA GeForce RTX 3090 (0),1,,7,"gemv_kernel_g128(const float4 *, const unsigned int *, const unsigned int *, const __half *, __half *, int, int)"
16483857870,38016,103570,1,1024,1,32,4,1,32,0.000,0.000,,,,,NVIDIA GeForce RTX 3090 (0),1,,7,"gemv_kernel_g128(const float4 *, const unsigned int *, const unsigned int *, const __half *, __half *, int, int)"
16483916910,112320,103576,1,3072,1,32,4,1,32,0.000,0.000,,,,,NVIDIA GeForce RTX 3090 (0),1,,7,"gemv_kernel_g128(const float4 *, const unsigned int *, const unsigned int *, const __half *, __half *, int, int)"
16486710798,87008,103724,1,1024,1,32,4,1,32,0.000,0.000,,,,,NVIDIA GeForce RTX 3090 (0),1,,7,"gemv_kernel_g128(const float4 *, const unsigned int *, const unsigned int *, const __half *, __half *, int, int)"
16486820878,82560,103730,1,2752,1,32,4,1,32,0.000,0.000,,,,,NVIDIA GeForce RTX 3090 (0),1,,7,"gemv_kernel_g128(const float4 *, const unsigned int *, const unsigned int *, const __half *, __half *, int, int)"
16486904846,82912,103732,1,2752,1,32,4,1,32,0.000,0.000,,,,,NVIDIA GeForce RTX 3090 (0),1,,7,"gemv_kernel_g128(const float4 *, const unsigned int *, const unsigned int *, const __half *, __half *, int, int)"
16486992558,36480,103736,1,1024,1,32,4,1,32,0.000,0.000,,,,,NVIDIA GeForce RTX 3090 (0),1,,7,"gemv_kernel_g128(const float4 *, const unsigned int *, const unsigned int *, const __half *, __half *, int, int)"
16487051342,218816,103742,1,8000,1,32,4,1,32,0.000,0.000,,,,,NVIDIA GeForce RTX 3090 (0),1,,7,"gemv_kernel_g128(const float4 *, const unsigned int *, const unsigned int *, const __half *, __half *, int, int)"
16519499110,110112,103756,1,3072,1,32,4,1,32,0.000,0.000,,,,,NVIDIA GeForce RTX 3090 (0),1,,7,"gemv_kernel_g128(const float4 *, const unsigned int *, const unsigned int *, const __half *, __half *, int, int)"
16522104293,101440,103904,1,1024,1,32,4,1,32,0.000,0.000,,,,,NVIDIA GeForce RTX 3090 (0),1,,7,"gemv_kernel_g128(const float4 *, const unsigned int *, const unsigned int *, const __half *, __half *, int, int)"
16522227845,96256,103910,1,2752,1,32,4,1,32,0.000,0.000,,,,,NVIDIA GeForce RTX 3090 (0),1,,7,"gemv_kernel_g128(const float4 *, const unsigned int *, const unsigned int *, const __half *, __half *, int, int)"
16522325509,88448,103912,1,2752,1,32,4,1,32,0.000,0.000,,,,,NVIDIA GeForce RTX 3090 (0),1,,7,"gemv_kernel_g128(const float4 *, const unsigned int *, const unsigned int *, const __half *, __half *, int, int)"
16522418853,37824,103916,1,1024,1,32,4,1,32,0.000,0.000,,,,,NVIDIA GeForce RTX 3090 (0),1,,7,"gemv_kernel_g128(const float4 *, const unsigned int *, const unsigned int *, const __half *, __half *, int, int)"
16522481189,140096,103922,1,3072,1,32,4,1,32,0.000,0.000,,,,,NVIDIA GeForce RTX 3090 (0),1,,7,"gemv_kernel_g128(const float4 *, const unsigned int *, const unsigned int *, const __half *, __half *, int, int)"
16525542148,87456,104070,1,1024,1,32,4,1,32,0.000,0.000,,,,,NVIDIA GeForce RTX 3090 (0),1,,7,"gemv_kernel_g128(const float4 *, const unsigned int *, const unsigned int *, const __half *, __half *, int, int)"
16525651364,79648,104076,1,2752,1,32,4,1,32,0.000,0.000,,,,,NVIDIA GeForce RTX 3090 (0),1,,7,"gemv_kernel_g128(const float4 *, const unsigned int *, const unsigned int *, const __half *, __half *, int, int)"
16525732900,84416,104078,1,2752,1,32,4,1,32,0.000,0.000,,,,,NVIDIA GeForce RTX 3090 (0),1,,7,"gemv_kernel_g128(const float4 *, const unsigned int *, const unsigned int *, const __half *, __half *, int, int)"
16525821956,38048,104082,1,1024,1,32,4,1,32,0.000,0.000,,,,,NVIDIA GeForce RTX 3090 (0),1,,7,"gemv_kernel_g128(const float4 *, const unsigned int *, const unsigned int *, const __half *, __half *, int, int)"
16525883044,111008,104088,1,3072,1,32,4,1,32,0.000,0.000,,,,,NVIDIA GeForce RTX 3090 (0),1,,7,"gemv_kernel_g128(const float4 *, const unsigned int *, const unsigned int *, const __half *, __half *, int, int)"
16528576900,97568,104236,1,1024,1,32,4,1,32,0.000,0.000,,,,,NVIDIA GeForce RTX 3090 (0),1,,7,"gemv_kernel_g128(const float4 *, const unsigned int *, const unsigned int *, const __half *, __half *, int, int)"
16528698979,97696,104242,1,2752,1,32,4,1,32,0.000,0.000,,,,,NVIDIA GeForce RTX 3090 (0),1,,7,"gemv_kernel_g128(const float4 *, const unsigned int *, const unsigned int *, const __half *, __half *, int, int)"
16528798115,110624,104244,1,2752,1,32,4,1,32,0.000,0.000,,,,,NVIDIA GeForce RTX 3090 (0),1,,7,"gemv_kernel_g128(const float4 *, const unsigned int *, const unsigned int *, const __half *, __half *, int, int)"
16528914211,37568,104248,1,1024,1,32,4,1,32,0.000,0.000,,,,,NVIDIA GeForce RTX 3090 (0),1,,7,"gemv_kernel_g128(const float4 *, const unsigned int *, const unsigned int *, const __half *, __half *, int, int)"
16528974851,112192,104254,1,3072,1,32,4,1,32,0.000,0.000,,,,,NVIDIA GeForce RTX 3090 (0),1,,7,"gemv_kernel_g128(const float4 *, const unsigned int *, const unsigned int *, const __half *, __half *, int, int)"
16532071683,105664,104402,1,1024,1,32,4,1,32,0.000,0.000,,,,,NVIDIA GeForce RTX 3090 (0),1,,7,"gemv_kernel_g128(const float4 *, const unsigned int *, const unsigned int *, const __half *, __half *, int, int)"
16532204707,100256,104408,1,2752,1,32,4,1,32,0.000,0.000,,,,,NVIDIA GeForce RTX 3090 (0),1,,7,"gemv_kernel_g128(const float4 *, const unsigned int *, const unsigned int *, const __half *, __half *, int, int)"
16532306435,100832,104410,1,2752,1,32,4,1,32,0.000,0.000,,,,,NVIDIA GeForce RTX 3090 (0),1,,7,"gemv_kernel_g128(const float4 *, const unsigned int *, const unsigned int *, const __half *, __half *, int, int)"
16532412643,37792,104414,1,1024,1,32,4,1,32,0.000,0.000,,,,,NVIDIA GeForce RTX 3090 (0),1,,7,"gemv_kernel_g128(const float4 *, const unsigned int *, const unsigned int *, const __half *, __half *, int, int)"
16532476259,145088,104420,1,3072,1,32,4,1,32,0.000,0.000,,,,,NVIDIA GeForce RTX 3090 (0),1,,7,"gemv_kernel_g128(const float4 *, const unsigned int *, const unsigned int *, const __half *, __half *, int, int)"
16536085154,110304,104568,1,1024,1,32,4,1,32,0.000,0.000,,,,,NVIDIA GeForce RTX 3090 (0),1,,7,"gemv_kernel_g128(const float4 *, const unsigned int *, const unsigned int *, const __half *, __half *, int, int)"
16536222754,112000,104574,1,2752,1,32,4,1,32,0.000,0.000,,,,,NVIDIA GeForce RTX 3090 (0),1,,7,"gemv_kernel_g128(const float4 *, const unsigned int *, const unsigned int *, const __half *, __half *, int, int)"
16536337314,116384,104576,1,2752,1,32,4,1,32,0.000,0.000,,,,,NVIDIA GeForce RTX 3090 (0),1,,7,"gemv_kernel_g128(const float4 *, const unsigned int *, const unsigned int *, const __half *, __half *, int, int)"
16536458850,39200,104580,1,1024,1,32,4,1,32,0.000,0.000,,,,,NVIDIA GeForce RTX 3090 (0),1,,7,"gemv_kernel_g128(const float4 *, const unsigned int *, const unsigned int *, const __half *, __half *, int, int)"
16536525954,158496,104586,1,3072,1,32,4,1,32,0.000,0.000,,,,,NVIDIA GeForce RTX 3090 (0),1,,7,"gemv_kernel_g128(const float4 *, const unsigned int *, const unsigned int *, const __half *, __half *, int, int)"
16540090145,85888,104734,1,1024,1,32,4,1,32,0.000,0.000,,,,,NVIDIA GeForce RTX 3090 (0),1,,7,"gemv_kernel_g128(const float4 *, const unsigned int *, const unsigned int *, const __half *, __half *, int, int)"
16540198817,81184,104740,1,2752,1,32,4,1,32,0.000,0.000,,,,,NVIDIA GeForce RTX 3090 (0),1,,7,"gemv_kernel_g128(const float4 *, const unsigned int *, const unsigned int *, const __half *, __half *, int, int)"
16540281857,80352,104742,1,2752,1,32,4,1,32,0.000,0.000,,,,,NVIDIA GeForce RTX 3090 (0),1,,7,"gemv_kernel_g128(const float4 *, const unsigned int *, const unsigned int *, const __half *, __half *, int, int)"
16540367041,36736,104746,1,1024,1,32,4,1,32,0.000,0.000,,,,,NVIDIA GeForce RTX 3090 (0),1,,7,"gemv_kernel_g128(const float4 *, const unsigned int *, const unsigned int *, const __half *, __half *, int, int)"
16540425057,111808,104752,1,3072,1,32,4,1,32,0.000,0.000,,,,,NVIDIA GeForce RTX 3090 (0),1,,7,"gemv_kernel_g128(const float4 *, const unsigned int *, const unsigned int *, const __half *, __half *, int, int)"
16543187744,95968,104900,1,1024,1,32,4,1,32,0.000,0.000,,,,,NVIDIA GeForce RTX 3090 (0),1,,7,"gemv_kernel_g128(const float4 *, const unsigned int *, const unsigned int *, const __half *, __half *, int, int)"
16543307488,92032,104906,1,2752,1,32,4,1,32,0.000,0.000,,,,,NVIDIA GeForce RTX 3090 (0),1,,7,"gemv_kernel_g128(const float4 *, const unsigned int *, const unsigned int *, const __half *, __half *, int, int)"
16543400928,95776,104908,1,2752,1,32,4,1,32,0.000,0.000,,,,,NVIDIA GeForce RTX 3090 (0),1,,7,"gemv_kernel_g128(const float4 *, const unsigned int *, const unsigned int *, const __half *, __half *, int, int)"
16543501984,39616,104912,1,1024,1,32,4,1,32,0.000,0.000,,,,,NVIDIA GeForce RTX 3090 (0),1,,7,"gemv_kernel_g128(const float4 *, const unsigned int *, const unsigned int *, const __half *, __half *, int, int)"
16543563200,128224,104918,1,3072,1,32,4,1,32,0.000,0.000,,,,,NVIDIA GeForce RTX 3090 (0),1,,7,"gemv_kernel_g128(const float4 *, const unsigned int *, const unsigned int *, const __half *, __half *, int, int)"
16546252095,105824,105066,1,1024,1,32,4,1,32,0.000,0.000,,,,,NVIDIA GeForce RTX 3090 (0),1,,7,"gemv_kernel_g128(const float4 *, const unsigned int *, const unsigned int *, const __half *, __half *, int, int)"
16546381567,95392,105072,1,2752,1,32,4,1,32,0.000,0.000,,,,,NVIDIA GeForce RTX 3090 (0),1,,7,"gemv_kernel_g128(const float4 *, const unsigned int *, const unsigned int *, const __half *, __half *, int, int)"
16546478559,92800,105074,1,2752,1,32,4,1,32,0.000,0.000,,,,,NVIDIA GeForce RTX 3090 (0),1,,7,"gemv_kernel_g128(const float4 *, const unsigned int *, const unsigned int *, const __half *, __half *, int, int)"
16546576511,38272,105078,1,1024,1,32,4,1,32,0.000,0.000,,,,,NVIDIA GeForce RTX 3090 (0),1,,7,"gemv_kernel_g128(const float4 *, const unsigned int *, const unsigned int *, const __half *, __half *, int, int)"
16546637791,112928,105084,1,3072,1,32,4,1,32,0.000,0.000,,,,,NVIDIA GeForce RTX 3090 (0),1,,7,"gemv_kernel_g128(const float4 *, const unsigned int *, const unsigned int *, const __half *, __half *, int, int)"
16549135326,83776,105232,1,1024,1,32,4,1,32,0.000,0.000,,,,,NVIDIA GeForce RTX 3090 (0),1,,7,"gemv_kernel_g128(const float4 *, const unsigned int *, const unsigned int *, const __half *, __half *, int, int)"
16549241854,76544,105238,1,2752,1,32,4,1,32,0.000,0.000,,,,,NVIDIA GeForce RTX 3090 (0),1,,7,"gemv_kernel_g128(const float4 *, const unsigned int *, const unsigned int *, const __half *, __half *, int, int)"
16549322750,76448,105240,1,2752,1,32,4,1,32,0.000,0.000,,,,,NVIDIA GeForce RTX 3090 (0),1,,7,"gemv_kernel_g128(const float4 *, const unsigned int *, const unsigned int *, const __half *, __half *, int, int)"
16549404030,38656,105244,1,1024,1,32,4,1,32,0.000,0.000,,,,,NVIDIA GeForce RTX 3090 (0),1,,7,"gemv_kernel_g128(const float4 *, const unsigned int *, const unsigned int *, const __half *, __half *, int, int)"
16549464446,103744,105250,1,3072,1,32,4,1,32,0.000,0.000,,,,,NVIDIA GeForce RTX 3090 (0),1,,7,"gemv_kernel_g128(const float4 *, const unsigned int *, const unsigned int *, const __half *, __half *, int, int)"
16551939710,84352,105398,1,1024,1,32,4,1,32,0.000,0.000,,,,,NVIDIA GeForce RTX 3090 (0),1,,7,"gemv_kernel_g128(const float4 *, const unsigned int *, const unsigned int *, const __half *, __half *, int, int)"
16552046142,72704,105404,1,2752,1,32,4,1,32,0.000,0.000,,,,,NVIDIA GeForce RTX 3090 (0),1,,7,"gemv_kernel_g128(const float4 *, const unsigned int *, const unsigned int *, const __half *, __half *, int, int)"
16552120766,74720,105406,1,2752,1,32,4,1,32,0.000,0.000,,,,,NVIDIA GeForce RTX 3090 (0),1,,7,"gemv_kernel_g128(const float4 *, const unsigned int *, const unsigned int *, const __half *, __half *, int, int)"
16552200158,38496,105410,1,1024,1,32,4,1,32,0.000,0.000,,,,,NVIDIA GeForce RTX 3090 (0),1,,7,"gemv_kernel_g128(const float4 *, const unsigned int *, const unsigned int *, const __half *, __half *, int, int)"
16552259806,105312,105416,1,3072,1,32,4,1,32,0.000,0.000,,,,,NVIDIA GeForce RTX 3090 (0),1,,7,"gemv_kernel_g128(const float4 *, const unsigned int *, const unsigned int *, const __half *, __half *, int, int)"
16554867741,84672,105564,1,1024,1,32,4,1,32,0.000,0.000,,,,,NVIDIA GeForce RTX 3090 (0),1,,7,"gemv_kernel_g128(const float4 *, const unsigned int *, const unsigned int *, const __half *, __half *, int, int)"
16554975325,75584,105570,1,2752,1,32,4,1,32,0.000,0.000,,,,,NVIDIA GeForce RTX 3090 (0),1,,7,"gemv_kernel_g128(const float4 *, const unsigned int *, const unsigned int *, const __half *, __half *, int, int)"
16555052413,82848,105572,1,2752,1,32,4,1,32,0.000,0.000,,,,,NVIDIA GeForce RTX 3090 (0),1,,7,"gemv_kernel_g128(const float4 *, const unsigned int *, const unsigned int *, const __half *, __half *, int, int)"
16555140701,37280,105576,1,1024,1,32,4,1,32,0.000,0.000,,,,,NVIDIA GeForce RTX 3090 (0),1,,7,"gemv_kernel_g128(const float4 *, const unsigned int *, const unsigned int *, const __half *, __half *, int, int)"
16555201405,103808,105582,1,3072,1,32,4,1,32,0.000,0.000,,,,,NVIDIA GeForce RTX 3090 (0),1,,7,"gemv_kernel_g128(const float4 *, const unsigned int *, const unsigned int *, const __half *, __half *, int, int)"
16557471964,80448,105730,1,1024,1,32,4,1,32,0.000,0.000,,,,,NVIDIA GeForce RTX 3090 (0),1,,7,"gemv_kernel_g128(const float4 *, const unsigned int *, const unsigned int *, const __half *, __half *, int, int)"
16557575036,77056,105736,1,2752,1,32,4,1,32,0.000,0.000,,,,,NVIDIA GeForce RTX 3090 (0),1,,7,"gemv_kernel_g128(const float4 *, const unsigned int *, const unsigned int *, const __half *, __half *, int, int)"
16557653596,80896,105738,1,2752,1,32,4,1,32,0.000,0.000,,,,,NVIDIA GeForce RTX 3090 (0),1,,7,"gemv_kernel_g128(const float4 *, const unsigned int *, const unsigned int *, const __half *, __half *, int, int)"
16557739676,38112,105742,1,1024,1,32,4,1,32,0.000,0.000,,,,,NVIDIA GeForce RTX 3090 (0),1,,7,"gemv_kernel_g128(const float4 *, const unsigned int *, const unsigned int *, const __half *, __half *, int, int)"
16557798748,96384,105748,1,3072,1,32,4,1,32,0.000,0.000,,,,,NVIDIA GeForce RTX 3090 (0),1,,7,"gemv_kernel_g128(const float4 *, const unsigned int *, const unsigned int *, const __half *, __half *, int, int)"
16560055324,79808,105896,1,1024,1,32,4,1,32,0.000,0.000,,,,,NVIDIA GeForce RTX 3090 (0),1,,7,"gemv_kernel_g128(const float4 *, const unsigned int *, const unsigned int *, const __half *, __half *, int, int)"
16560157436,65664,105902,1,2752,1,32,4,1,32,0.000,0.000,,,,,NVIDIA GeForce RTX 3090 (0),1,,7,"gemv_kernel_g128(const float4 *, const unsigned int *, const unsigned int *, const __half *, __half *, int, int)"
16560224508,65504,105904,1,2752,1,32,4,1,32,0.000,0.000,,,,,NVIDIA GeForce RTX 3090 (0),1,,7,"gemv_kernel_g128(const float4 *, const unsigned int *, const unsigned int *, const __half *, __half *, int, int)"
16560294684,37984,105908,1,1024,1,32,4,1,32,0.000,0.000,,,,,NVIDIA GeForce RTX 3090 (0),1,,7,"gemv_kernel_g128(const float4 *, const unsigned int *, const unsigned int *, const __half *, __half *, int, int)"
16560354300,91328,105914,1,3072,1,32,4,1,32,0.000,0.000,,,,,NVIDIA GeForce RTX 3090 (0),1,,7,"gemv_kernel_g128(const float4 *, const unsigned int *, const unsigned int *, const __half *, __half *, int, int)"
16562526043,72384,106062,1,1024,1,32,4,1,32,0.000,0.000,,,,,NVIDIA GeForce RTX 3090 (0),1,,7,"gemv_kernel_g128(const float4 *, const unsigned int *, const unsigned int *, const __half *, __half *, int, int)"
16562619483,65344,106068,1,2752,1,32,4,1,32,0.000,0.000,,,,,NVIDIA GeForce RTX 3090 (0),1,,7,"gemv_kernel_g128(const float4 *, const unsigned int *, const unsigned int *, const __half *, __half *, int, int)"
16562686747,65664,106070,1,2752,1,32,4,1,32,0.000,0.000,,,,,NVIDIA GeForce RTX 3090 (0),1,,7,"gemv_kernel_g128(const float4 *, const unsigned int *, const unsigned int *, const __half *, __half *, int, int)"
16562757083,38432,106074,1,1024,1,32,4,1,32,0.000,0.000,,,,,NVIDIA GeForce RTX 3090 (0),1,,7,"gemv_kernel_g128(const float4 *, const unsigned int *, const unsigned int *, const __half *, __half *, int, int)"
16562816507,88864,106080,1,3072,1,32,4,1,32,0.000,0.000,,,,,NVIDIA GeForce RTX 3090 (0),1,,7,"gemv_kernel_g128(const float4 *, const unsigned int *, const unsigned int *, const __half *, __half *, int, int)"
16565092731,73920,106228,1,1024,1,32,4,1,32,0.000,0.000,,,,,NVIDIA GeForce RTX 3090 (0),1,,7,"gemv_kernel_g128(const float4 *, const unsigned int *, const unsigned int *, const __half *, __half *, int, int)"
16565188379,67648,106234,1,2752,1,32,4,1,32,0.000,0.000,,,,,NVIDIA GeForce RTX 3090 (0),1,,7,"gemv_kernel_g128(const float4 *, const unsigned int *, const unsigned int *, const __half *, __half *, int, int)"
16565257499,65472,106236,1,2752,1,32,4,1,32,0.000,0.000,,,,,NVIDIA GeForce RTX 3090 (0),1,,7,"gemv_kernel_g128(const float4 *, const unsigned int *, const unsigned int *, const __half *, __half *, int, int)"
16565328475,37152,106240,1,1024,1,32,4,1,32,0.000,0.000,,,,,NVIDIA GeForce RTX 3090 (0),1,,7,"gemv_kernel_g128(const float4 *, const unsigned int *, const unsigned int *, const __half *, __half *, int, int)"
16565387322,96768,106246,1,3072,1,32,4,1,32,0.000,0.000,,,,,NVIDIA GeForce RTX 3090 (0),1,,7,"gemv_kernel_g128(const float4 *, const unsigned int *, const unsigned int *, const __half *, __half *, int, int)"
16567706842,73248,106394,1,1024,1,32,4,1,32,0.000,0.000,,,,,NVIDIA GeForce RTX 3090 (0),1,,7,"gemv_kernel_g128(const float4 *, const unsigned int *, const unsigned int *, const __half *, __half *, int, int)"
16567801786,67904,106400,1,2752,1,32,4,1,32,0.000,0.000,,,,,NVIDIA GeForce RTX 3090 (0),1,,7,"gemv_kernel_g128(const float4 *, const unsigned int *, const unsigned int *, const __half *, __half *, int, int)"
16567871162,66496,106402,1,2752,1,32,4,1,32,0.000,0.000,,,,,NVIDIA GeForce RTX 3090 (0),1,,7,"gemv_kernel_g128(const float4 *, const unsigned int *, const unsigned int *, const __half *, __half *, int, int)"
16567942842,36320,106406,1,1024,1,32,4,1,32,0.000,0.000,,,,,NVIDIA GeForce RTX 3090 (0),1,,7,"gemv_kernel_g128(const float4 *, const unsigned int *, const unsigned int *, const __half *, __half *, int, int)"
16568001850,96192,106412,1,3072,1,32,4,1,32,0.000,0.000,,,,,NVIDIA GeForce RTX 3090 (0),1,,7,"gemv_kernel_g128(const float4 *, const unsigned int *, const unsigned int *, const __half *, __half *, int, int)"
16570136761,75488,106560,1,1024,1,32,4,1,32,0.000,0.000,,,,,NVIDIA GeForce RTX 3090 (0),1,,7,"gemv_kernel_g128(const float4 *, const unsigned int *, const unsigned int *, const __half *, __half *, int, int)"
16570234425,64384,106566,1,2752,1,32,4,1,32,0.000,0.000,,,,,NVIDIA GeForce RTX 3090 (0),1,,7,"gemv_kernel_g128(const float4 *, const unsigned int *, const unsigned int *, const __half *, __half *, int, int)"
16570300217,65280,106568,1,2752,1,32,4,1,32,0.000,0.000,,,,,NVIDIA GeForce RTX 3090 (0),1,,7,"gemv_kernel_g128(const float4 *, const unsigned int *, const unsigned int *, const __half *, __half *, int, int)"
16570370585,37376,106572,1,1024,1,32,4,1,32,0.000,0.000,,,,,NVIDIA GeForce RTX 3090 (0),1,,7,"gemv_kernel_g128(const float4 *, const unsigned int *, const unsigned int *, const __half *, __half *, int, int)"
16570433465,91296,106578,1,3072,1,32,4,1,32,0.000,0.000,,,,,NVIDIA GeForce RTX 3090 (0),1,,7,"gemv_kernel_g128(const float4 *, const unsigned int *, const unsigned int *, const __half *, __half *, int, int)"
16572837209,81728,106726,1,1024,1,32,4,1,32,0.000,0.000,,,,,NVIDIA GeForce RTX 3090 (0),1,,7,"gemv_kernel_g128(const float4 *, const unsigned int *, const unsigned int *, const __half *, __half *, int, int)"
16572941113,69280,106732,1,2752,1,32,4,1,32,0.000,0.000,,,,,NVIDIA GeForce RTX 3090 (0),1,,7,"gemv_kernel_g128(const float4 *, const unsigned int *, const unsigned int *, const __half *, __half *, int, int)"
16573012377,70176,106734,1,2752,1,32,4,1,32,0.000,0.000,,,,,NVIDIA GeForce RTX 3090 (0),1,,7,"gemv_kernel_g128(const float4 *, const unsigned int *, const unsigned int *, const __half *, __half *, int, int)"
16573087385,38624,106738,1,1024,1,32,4,1,32,0.000,0.000,,,,,NVIDIA GeForce RTX 3090 (0),1,,7,"gemv_kernel_g128(const float4 *, const unsigned int *, const unsigned int *, const __half *, __half *, int, int)"
16573147033,97888,106744,1,3072,1,32,4,1,32,0.000,0.000,,,,,NVIDIA GeForce RTX 3090 (0),1,,7,"gemv_kernel_g128(const float4 *, const unsigned int *, const unsigned int *, const __half *, __half *, int, int)"
16575498232,81184,106892,1,1024,1,32,4,1,32,0.000,0.000,,,,,NVIDIA GeForce RTX 3090 (0),1,,7,"gemv_kernel_g128(const float4 *, const unsigned int *, const unsigned int *, const __half *, __half *, int, int)"
16575601464,69792,106898,1,2752,1,32,4,1,32,0.000,0.000,,,,,NVIDIA GeForce RTX 3090 (0),1,,7,"gemv_kernel_g128(const float4 *, const unsigned int *, const unsigned int *, const __half *, __half *, int, int)"
16575672728,70880,106900,1,2752,1,32,4,1,32,0.000,0.000,,,,,NVIDIA GeForce RTX 3090 (0),1,,7,"gemv_kernel_g128(const float4 *, const unsigned int *, const unsigned int *, const __half *, __half *, int, int)"
16575748888,38112,106904,1,1024,1,32,4,1,32,0.000,0.000,,,,,NVIDIA GeForce RTX 3090 (0),1,,7,"gemv_kernel_g128(const float4 *, const unsigned int *, const unsigned int *, const __half *, __half *, int, int)"
16575809208,97536,106910,1,3072,1,32,4,1,32,0.000,0.000,,,,,NVIDIA GeForce RTX 3090 (0),1,,7,"gemv_kernel_g128(const float4 *, const unsigned int *, const unsigned int *, const __half *, __half *, int, int)"
16578280343,82112,107058,1,1024,1,32,4,1,32,0.000,0.000,,,,,NVIDIA GeForce RTX 3090 (0),1,,7,"gemv_kernel_g128(const float4 *, const unsigned int *, const unsigned int *, const __half *, __half *, int, int)"
16578385271,73696,107064,1,2752,1,32,4,1,32,0.000,0.000,,,,,NVIDIA GeForce RTX 3090 (0),1,,7,"gemv_kernel_g128(const float4 *, const unsigned int *, const unsigned int *, const __half *, __half *, int, int)"
16578460503,75776,107066,1,2752,1,32,4,1,32,0.000,0.000,,,,,NVIDIA GeForce RTX 3090 (0),1,,7,"gemv_kernel_g128(const float4 *, const unsigned int *, const unsigned int *, const __half *, __half *, int, int)"
16578541783,40160,107070,1,1024,1,32,4,1,32,0.000,0.000,,,,,NVIDIA GeForce RTX 3090 (0),1,,7,"gemv_kernel_g128(const float4 *, const unsigned int *, const unsigned int *, const __half *, __half *, int, int)"
16578603607,90720,107076,1,3072,1,32,4,1,32,0.000,0.000,,,,,NVIDIA GeForce RTX 3090 (0),1,,7,"gemv_kernel_g128(const float4 *, const unsigned int *, const unsigned int *, const __half *, __half *, int, int)"
16581008215,76320,107224,1,1024,1,32,4,1,32,0.000,0.000,,,,,NVIDIA GeForce RTX 3090 (0),1,,7,"gemv_kernel_g128(const float4 *, const unsigned int *, const unsigned int *, const __half *, __half *, int, int)"
16581107415,68032,107230,1,2752,1,32,4,1,32,0.000,0.000,,,,,NVIDIA GeForce RTX 3090 (0),1,,7,"gemv_kernel_g128(const float4 *, const unsigned int *, const unsigned int *, const __half *, __half *, int, int)"
16581176919,67936,107232,1,2752,1,32,4,1,32,0.000,0.000,,,,,NVIDIA GeForce RTX 3090 (0),1,,7,"gemv_kernel_g128(const float4 *, const unsigned int *, const unsigned int *, const __half *, __half *, int, int)"
16581249591,450079,107236,1,1024,1,32,4,1,32,0.000,0.000,,,,,NVIDIA GeForce RTX 3090 (0),1,,7,"gemv_kernel_g128(const float4 *, const unsigned int *, const unsigned int *, const __half *, __half *, int, int)"
16581721558,91104,107242,1,3072,1,32,4,1,32,0.000,0.000,,,,,NVIDIA GeForce RTX 3090 (0),1,,7,"gemv_kernel_g128(const float4 *, const unsigned int *, const unsigned int *, const __half *, __half *, int, int)"
16583849622,72896,107390,1,1024,1,32,4,1,32,0.000,0.000,,,,,NVIDIA GeForce RTX 3090 (0),1,,7,"gemv_kernel_g128(const float4 *, const unsigned int *, const unsigned int *, const __half *, __half *, int, int)"
16583944278,65472,107396,1,2752,1,32,4,1,32,0.000,0.000,,,,,NVIDIA GeForce RTX 3090 (0),1,,7,"gemv_kernel_g128(const float4 *, const unsigned int *, const unsigned int *, const __half *, __half *, int, int)"
16584011702,66080,107398,1,2752,1,32,4,1,32,0.000,0.000,,,,,NVIDIA GeForce RTX 3090 (0),1,,7,"gemv_kernel_g128(const float4 *, const unsigned int *, const unsigned int *, const __half *, __half *, int, int)"
16584082550,39776,107402,1,1024,1,32,4,1,32,0.000,0.000,,,,,NVIDIA GeForce RTX 3090 (0),1,,7,"gemv_kernel_g128(const float4 *, const unsigned int *, const unsigned int *, const __half *, __half *, int, int)"
16584143510,91648,107408,1,3072,1,32,4,1,32,0.000,0.000,,,,,NVIDIA GeForce RTX 3090 (0),1,,7,"gemv_kernel_g128(const float4 *, const unsigned int *, const unsigned int *, const __half *, __half *, int, int)"
16586277653,75040,107556,1,1024,1,32,4,1,32,0.000,0.000,,,,,NVIDIA GeForce RTX 3090 (0),1,,7,"gemv_kernel_g128(const float4 *, const unsigned int *, const unsigned int *, const __half *, __half *, int, int)"
16586375669,65472,107562,1,2752,1,32,4,1,32,0.000,0.000,,,,,NVIDIA GeForce RTX 3090 (0),1,,7,"gemv_kernel_g128(const float4 *, const unsigned int *, const unsigned int *, const __half *, __half *, int, int)"
16586442613,66688,107564,1,2752,1,32,4,1,32,0.000,0.000,,,,,NVIDIA GeForce RTX 3090 (0),1,,7,"gemv_kernel_g128(const float4 *, const unsigned int *, const unsigned int *, const __half *, __half *, int, int)"
16586514485,37120,107568,1,1024,1,32,4,1,32,0.000,0.000,,,,,NVIDIA GeForce RTX 3090 (0),1,,7,"gemv_kernel_g128(const float4 *, const unsigned int *, const unsigned int *, const __half *, __half *, int, int)"
16586572725,91968,107574,1,3072,1,32,4,1,32,0.000,0.000,,,,,NVIDIA GeForce RTX 3090 (0),1,,7,"gemv_kernel_g128(const float4 *, const unsigned int *, const unsigned int *, const __half *, __half *, int, int)"
16588547157,75136,107722,1,1024,1,32,4,1,32,0.000,0.000,,,,,NVIDIA GeForce RTX 3090 (0),1,,7,"gemv_kernel_g128(const float4 *, const unsigned int *, const unsigned int *, const __half *, __half *, int, int)"
16588643669,66240,107728,1,2752,1,32,4,1,32,0.000,0.000,,,,,NVIDIA GeForce RTX 3090 (0),1,,7,"gemv_kernel_g128(const float4 *, const unsigned int *, const unsigned int *, const __half *, __half *, int, int)"
16588711317,64768,107730,1,2752,1,32,4,1,32,0.000,0.000,,,,,NVIDIA GeForce RTX 3090 (0),1,,7,"gemv_kernel_g128(const float4 *, const unsigned int *, const unsigned int *, const __half *, __half *, int, int)"
16588781173,37984,107734,1,1024,1,32,4,1,32,0.000,0.000,,,,,NVIDIA GeForce RTX 3090 (0),1,,7,"gemv_kernel_g128(const float4 *, const unsigned int *, const unsigned int *, const __half *, __half *, int, int)"
16588839925,93504,107740,1,3072,1,32,4,1,32,0.000,0.000,,,,,NVIDIA GeForce RTX 3090 (0),1,,7,"gemv_kernel_g128(const float4 *, const unsigned int *, const unsigned int *, const __half *, __half *, int, int)"
16590809748,73184,107888,1,1024,1,32,4,1,32,0.000,0.000,,,,,NVIDIA GeForce RTX 3090 (0),1,,7,"gemv_kernel_g128(const float4 *, const unsigned int *, const unsigned int *, const __half *, __half *, int, int)"
16590904692,65952,107894,1,2752,1,32,4,1,32,0.000,0.000,,,,,NVIDIA GeForce RTX 3090 (0),1,,7,"gemv_kernel_g128(const float4 *, const unsigned int *, const unsigned int *, const __half *, __half *, int, int)"
16590972180,65856,107896,1,2752,1,32,4,1,32,0.000,0.000,,,,,NVIDIA GeForce RTX 3090 (0),1,,7,"gemv_kernel_g128(const float4 *, const unsigned int *, const unsigned int *, const __half *, __half *, int, int)"
16591042644,36512,107900,1,1024,1,32,4,1,32,0.000,0.000,,,,,NVIDIA GeForce RTX 3090 (0),1,,7,"gemv_kernel_g128(const float4 *, const unsigned int *, const unsigned int *, const __half *, __half *, int, int)"
16591100500,94496,107906,1,3072,1,32,4,1,32,0.000,0.000,,,,,NVIDIA GeForce RTX 3090 (0),1,,7,"gemv_kernel_g128(const float4 *, const unsigned int *, const unsigned int *, const __half *, __half *, int, int)"
16593340628,73600,108054,1,1024,1,32,4,1,32,0.000,0.000,,,,,NVIDIA GeForce RTX 3090 (0),1,,7,"gemv_kernel_g128(const float4 *, const unsigned int *, const unsigned int *, const __half *, __half *, int, int)"
16593435444,65952,108060,1,2752,1,32,4,1,32,0.000,0.000,,,,,NVIDIA GeForce RTX 3090 (0),1,,7,"gemv_kernel_g128(const float4 *, const unsigned int *, const unsigned int *, const __half *, __half *, int, int)"
16593503252,65472,108062,1,2752,1,32,4,1,32,0.000,0.000,,,,,NVIDIA GeForce RTX 3090 (0),1,,7,"gemv_kernel_g128(const float4 *, const unsigned int *, const unsigned int *, const __half *, __half *, int, int)"
16593573396,38688,108066,1,1024,1,32,4,1,32,0.000,0.000,,,,,NVIDIA GeForce RTX 3090 (0),1,,7,"gemv_kernel_g128(const float4 *, const unsigned int *, const unsigned int *, const __half *, __half *, int, int)"
16593636180,95488,108072,1,3072,1,32,4,1,32,0.000,0.000,,,,,NVIDIA GeForce RTX 3090 (0),1,,7,"gemv_kernel_g128(const float4 *, const unsigned int *, const unsigned int *, const __half *, __half *, int, int)"
16595646643,72672,108220,1,1024,1,32,4,1,32,0.000,0.000,,,,,NVIDIA GeForce RTX 3090 (0),1,,7,"gemv_kernel_g128(const float4 *, const unsigned int *, const unsigned int *, const __half *, __half *, int, int)"
16595740915,65856,108226,1,2752,1,32,4,1,32,0.000,0.000,,,,,NVIDIA GeForce RTX 3090 (0),1,,7,"gemv_kernel_g128(const float4 *, const unsigned int *, const unsigned int *, const __half *, __half *, int, int)"
16595808147,67104,108228,1,2752,1,32,4,1,32,0.000,0.000,,,,,NVIDIA GeForce RTX 3090 (0),1,,7,"gemv_kernel_g128(const float4 *, const unsigned int *, const unsigned int *, const __half *, __half *, int, int)"
16595880339,37984,108232,1,1024,1,32,4,1,32,0.000,0.000,,,,,NVIDIA GeForce RTX 3090 (0),1,,7,"gemv_kernel_g128(const float4 *, const unsigned int *, const unsigned int *, const __half *, __half *, int, int)"
16595939251,91392,108238,1,3072,1,32,4,1,32,0.000,0.000,,,,,NVIDIA GeForce RTX 3090 (0),1,,7,"gemv_kernel_g128(const float4 *, const unsigned int *, const unsigned int *, const __half *, __half *, int, int)"
16597970195,74719,108386,1,1024,1,32,4,1,32,0.000,0.000,,,,,NVIDIA GeForce RTX 3090 (0),1,,7,"gemv_kernel_g128(const float4 *, const unsigned int *, const unsigned int *, const __half *, __half *, int, int)"
16598066578,66048,108392,1,2752,1,32,4,1,32,0.000,0.000,,,,,NVIDIA GeForce RTX 3090 (0),1,,7,"gemv_kernel_g128(const float4 *, const unsigned int *, const unsigned int *, const __half *, __half *, int, int)"
16598134098,65824,108394,1,2752,1,32,4,1,32,0.000,0.000,,,,,NVIDIA GeForce RTX 3090 (0),1,,7,"gemv_kernel_g128(const float4 *, const unsigned int *, const unsigned int *, const __half *, __half *, int, int)"
16598205394,38208,108398,1,1024,1,32,4,1,32,0.000,0.000,,,,,NVIDIA GeForce RTX 3090 (0),1,,7,"gemv_kernel_g128(const float4 *, const unsigned int *, const unsigned int *, const __half *, __half *, int, int)"
16598264274,93184,108404,1,3072,1,32,4,1,32,0.000,0.000,,,,,NVIDIA GeForce RTX 3090 (0),1,,7,"gemv_kernel_g128(const float4 *, const unsigned int *, const unsigned int *, const __half *, __half *, int, int)"
16600615730,71872,108552,1,1024,1,32,4,1,32,0.000,0.000,,,,,NVIDIA GeForce RTX 3090 (0),1,,7,"gemv_kernel_g128(const float4 *, const unsigned int *, const unsigned int *, const __half *, __half *, int, int)"
16600710258,65472,108558,1,2752,1,32,4,1,32,0.000,0.000,,,,,NVIDIA GeForce RTX 3090 (0),1,,7,"gemv_kernel_g128(const float4 *, const unsigned int *, const unsigned int *, const __half *, __half *, int, int)"
16600777202,65312,108560,1,2752,1,32,4,1,32,0.000,0.000,,,,,NVIDIA GeForce RTX 3090 (0),1,,7,"gemv_kernel_g128(const float4 *, const unsigned int *, const unsigned int *, const __half *, __half *, int, int)"
16600847282,38144,108564,1,1024,1,32,4,1,32,0.000,0.000,,,,,NVIDIA GeForce RTX 3090 (0),1,,7,"gemv_kernel_g128(const float4 *, const unsigned int *, const unsigned int *, const __half *, __half *, int, int)"
16600906994,520480,108570,1,3072,1,32,4,1,32,0.000,0.000,,,,,NVIDIA GeForce RTX 3090 (0),1,,7,"gemv_kernel_g128(const float4 *, const unsigned int *, const unsigned int *, const __half *, __half *, int, int)"
16603404817,70496,108718,1,1024,1,32,4,1,32,0.000,0.000,,,,,NVIDIA GeForce RTX 3090 (0),1,,7,"gemv_kernel_g128(const float4 *, const unsigned int *, const unsigned int *, const __half *, __half *, int, int)"
16603500561,66176,108724,1,2752,1,32,4,1,32,0.000,0.000,,,,,NVIDIA GeForce RTX 3090 (0),1,,7,"gemv_kernel_g128(const float4 *, const unsigned int *, const unsigned int *, const __half *, __half *, int, int)"
16603568529,66176,108726,1,2752,1,32,4,1,32,0.000,0.000,,,,,NVIDIA GeForce RTX 3090 (0),1,,7,"gemv_kernel_g128(const float4 *, const unsigned int *, const unsigned int *, const __half *, __half *, int, int)"
16603639409,37568,108730,1,1024,1,32,4,1,32,0.000,0.000,,,,,NVIDIA GeForce RTX 3090 (0),1,,7,"gemv_kernel_g128(const float4 *, const unsigned int *, const unsigned int *, const __half *, __half *, int, int)"
16603697649,90144,108736,1,3072,1,32,4,1,32,0.000,0.000,,,,,NVIDIA GeForce RTX 3090 (0),1,,7,"gemv_kernel_g128(const float4 *, const unsigned int *, const unsigned int *, const __half *, __half *, int, int)"
16605700369,71904,108884,1,1024,1,32,4,1,32,0.000,0.000,,,,,NVIDIA GeForce RTX 3090 (0),1,,7,"gemv_kernel_g128(const float4 *, const unsigned int *, const unsigned int *, const __half *, __half *, int, int)"
16605794417,65920,108890,1,2752,1,32,4,1,32,0.000,0.000,,,,,NVIDIA GeForce RTX 3090 (0),1,,7,"gemv_kernel_g128(const float4 *, const unsigned int *, const unsigned int *, const __half *, __half *, int, int)"
16605861777,68960,108892,1,2752,1,32,4,1,32,0.000,0.000,,,,,NVIDIA GeForce RTX 3090 (0),1,,7,"gemv_kernel_g128(const float4 *, const unsigned int *, const unsigned int *, const __half *, __half *, int, int)"
16605935921,38208,108896,1,1024,1,32,4,1,32,0.000,0.000,,,,,NVIDIA GeForce RTX 3090 (0),1,,7,"gemv_kernel_g128(const float4 *, const unsigned int *, const unsigned int *, const __half *, __half *, int, int)"
16605995345,88800,108902,1,3072,1,32,4,1,32,0.000,0.000,,,,,NVIDIA GeForce RTX 3090 (0),1,,7,"gemv_kernel_g128(const float4 *, const unsigned int *, const unsigned int *, const __half *, __half *, int, int)"
16608208816,79392,109050,1,1024,1,32,4,1,32,0.000,0.000,,,,,NVIDIA GeForce RTX 3090 (0),1,,7,"gemv_kernel_g128(const float4 *, const unsigned int *, const unsigned int *, const __half *, __half *, int, int)"
16608310608,74528,109056,1,2752,1,32,4,1,32,0.000,0.000,,,,,NVIDIA GeForce RTX 3090 (0),1,,7,"gemv_kernel_g128(const float4 *, const unsigned int *, const unsigned int *, const __half *, __half *, int, int)"
16608386640,86208,109058,1,2752,1,32,4,1,32,0.000,0.000,,,,,NVIDIA GeForce RTX 3090 (0),1,,7,"gemv_kernel_g128(const float4 *, const unsigned int *, const unsigned int *, const __half *, __half *, int, int)"
16608735664,39616,109062,1,1024,1,32,4,1,32,0.000,0.000,,,,,NVIDIA GeForce RTX 3090 (0),1,,7,"gemv_kernel_g128(const float4 *, const unsigned int *, const unsigned int *, const __half *, __half *, int, int)"
16608796656,149760,109068,1,8000,1,32,4,1,32,0.000,0.000,,,,,NVIDIA GeForce RTX 3090 (0),1,,7,"gemv_kernel_g128(const float4 *, const unsigned int *, const unsigned int *, const __half *, __half *, int, int)"
16639466312,95136,109082,1,3072,1,32,4,1,32,0.000,0.000,,,,,NVIDIA GeForce RTX 3090 (0),1,,7,"gemv_kernel_g128(const float4 *, const unsigned int *, const unsigned int *, const __half *, __half *, int, int)"
16641511176,82592,109230,1,1024,1,32,4,1,32,0.000,0.000,,,,,NVIDIA GeForce RTX 3090 (0),1,,7,"gemv_kernel_g128(const float4 *, const unsigned int *, const unsigned int *, const __half *, __half *, int, int)"
16641615848,71488,109236,1,2752,1,32,4,1,32,0.000,0.000,,,,,NVIDIA GeForce RTX 3090 (0),1,,7,"gemv_kernel_g128(const float4 *, const unsigned int *, const unsigned int *, const __half *, __half *, int, int)"
16641688808,334432,109238,1,2752,1,32,4,1,32,0.000,0.000,,,,,NVIDIA GeForce RTX 3090 (0),1,,7,"gemv_kernel_g128(const float4 *, const unsigned int *, const unsigned int *, const __half *, __half *, int, int)"
16642028648,41568,109242,1,1024,1,32,4,1,32,0.000,0.000,,,,,NVIDIA GeForce RTX 3090 (0),1,,7,"gemv_kernel_g128(const float4 *, const unsigned int *, const unsigned int *, const __half *, __half *, int, int)"
16642091560,100928,109248,1,3072,1,32,4,1,32,0.000,0.000,,,,,NVIDIA GeForce RTX 3090 (0),1,,7,"gemv_kernel_g128(const float4 *, const unsigned int *, const unsigned int *, const __half *, __half *, int, int)"
16644260007,72704,109396,1,1024,1,32,4,1,32,0.000,0.000,,,,,NVIDIA GeForce RTX 3090 (0),1,,7,"gemv_kernel_g128(const float4 *, const unsigned int *, const unsigned int *, const __half *, __half *, int, int)"
16644355527,65632,109402,1,2752,1,32,4,1,32,0.000,0.000,,,,,NVIDIA GeForce RTX 3090 (0),1,,7,"gemv_kernel_g128(const float4 *, const unsigned int *, const unsigned int *, const __half *, __half *, int, int)"
16644422631,64640,109404,1,2752,1,32,4,1,32,0.000,0.000,,,,,NVIDIA GeForce RTX 3090 (0),1,,7,"gemv_kernel_g128(const float4 *, const unsigned int *, const unsigned int *, const __half *, __half *, int, int)"
16644491943,38400,109408,1,1024,1,32,4,1,32,0.000,0.000,,,,,NVIDIA GeForce RTX 3090 (0),1,,7,"gemv_kernel_g128(const float4 *, const unsigned int *, const unsigned int *, const __half *, __half *, int, int)"
16644550887,87776,109414,1,3072,1,32,4,1,32,0.000,0.000,,,,,NVIDIA GeForce RTX 3090 (0),1,,7,"gemv_kernel_g128(const float4 *, const unsigned int *, const unsigned int *, const __half *, __half *, int, int)"
16646556711,74144,109562,1,1024,1,32,4,1,32,0.000,0.000,,,,,NVIDIA GeForce RTX 3090 (0),1,,7,"gemv_kernel_g128(const float4 *, const unsigned int *, const unsigned int *, const __half *, __half *, int, int)"
16646651943,65248,109568,1,2752,1,32,4,1,32,0.000,0.000,,,,,NVIDIA GeForce RTX 3090 (0),1,,7,"gemv_kernel_g128(const float4 *, const unsigned int *, const unsigned int *, const __half *, __half *, int, int)"
16646719047,66944,109570,1,2752,1,32,4,1,32,0.000,0.000,,,,,NVIDIA GeForce RTX 3090 (0),1,,7,"gemv_kernel_g128(const float4 *, const unsigned int *, const unsigned int *, const __half *, __half *, int, int)"
16646790823,38240,109574,1,1024,1,32,4,1,32,0.000,0.000,,,,,NVIDIA GeForce RTX 3090 (0),1,,7,"gemv_kernel_g128(const float4 *, const unsigned int *, const unsigned int *, const __half *, __half *, int, int)"
16646849863,91743,109580,1,3072,1,32,4,1,32,0.000,0.000,,,,,NVIDIA GeForce RTX 3090 (0),1,,7,"gemv_kernel_g128(const float4 *, const unsigned int *, const unsigned int *, const __half *, __half *, int, int)"
16648751302,70016,109728,1,1024,1,32,4,1,32,0.000,0.000,,,,,NVIDIA GeForce RTX 3090 (0),1,,7,"gemv_kernel_g128(const float4 *, const unsigned int *, const unsigned int *, const __half *, __half *, int, int)"
16648843910,67392,109734,1,2752,1,32,4,1,32,0.000,0.000,,,,,NVIDIA GeForce RTX 3090 (0),1,,7,"gemv_kernel_g128(const float4 *, const unsigned int *, const unsigned int *, const __half *, __half *, int, int)"
16648912806,65632,109736,1,2752,1,32,4,1,32,0.000,0.000,,,,,NVIDIA GeForce RTX 3090 (0),1,,7,"gemv_kernel_g128(const float4 *, const unsigned int *, const unsigned int *, const __half *, __half *, int, int)"
16648983590,37728,109740,1,1024,1,32,4,1,32,0.000,0.000,,,,,NVIDIA GeForce RTX 3090 (0),1,,7,"gemv_kernel_g128(const float4 *, const unsigned int *, const unsigned int *, const __half *, __half *, int, int)"
16649042534,88128,109746,1,3072,1,32,4,1,32,0.000,0.000,,,,,NVIDIA GeForce RTX 3090 (0),1,,7,"gemv_kernel_g128(const float4 *, const unsigned int *, const unsigned int *, const __half *, __half *, int, int)"
16650972870,68063,109894,1,1024,1,32,4,1,32,0.000,0.000,,,,,NVIDIA GeForce RTX 3090 (0),1,,7,"gemv_kernel_g128(const float4 *, const unsigned int *, const unsigned int *, const __half *, __half *, int, int)"
16651062245,65600,109900,1,2752,1,32,4,1,32,0.000,0.000,,,,,NVIDIA GeForce RTX 3090 (0),1,,7,"gemv_kernel_g128(const float4 *, const unsigned int *, const unsigned int *, const __half *, __half *, int, int)"
16651129253,65440,109902,1,2752,1,32,4,1,32,0.000,0.000,,,,,NVIDIA GeForce RTX 3090 (0),1,,7,"gemv_kernel_g128(const float4 *, const unsigned int *, const unsigned int *, const __half *, __half *, int, int)"
16651199813,38848,109906,1,1024,1,32,4,1,32,0.000,0.000,,,,,NVIDIA GeForce RTX 3090 (0),1,,7,"gemv_kernel_g128(const float4 *, const unsigned int *, const unsigned int *, const __half *, __half *, int, int)"
16651259237,87552,109912,1,3072,1,32,4,1,32,0.000,0.000,,,,,NVIDIA GeForce RTX 3090 (0),1,,7,"gemv_kernel_g128(const float4 *, const unsigned int *, const unsigned int *, const __half *, __half *, int, int)"
16653204773,71968,110060,1,1024,1,32,4,1,32,0.000,0.000,,,,,NVIDIA GeForce RTX 3090 (0),1,,7,"gemv_kernel_g128(const float4 *, const unsigned int *, const unsigned int *, const __half *, __half *, int, int)"
16653298117,65024,110066,1,2752,1,32,4,1,32,0.000,0.000,,,,,NVIDIA GeForce RTX 3090 (0),1,,7,"gemv_kernel_g128(const float4 *, const unsigned int *, const unsigned int *, const __half *, __half *, int, int)"
16653364549,66496,110068,1,2752,1,32,4,1,32,0.000,0.000,,,,,NVIDIA GeForce RTX 3090 (0),1,,7,"gemv_kernel_g128(const float4 *, const unsigned int *, const unsigned int *, const __half *, __half *, int, int)"
16653435781,36832,110072,1,1024,1,32,4,1,32,0.000,0.000,,,,,NVIDIA GeForce RTX 3090 (0),1,,7,"gemv_kernel_g128(const float4 *, const unsigned int *, const unsigned int *, const __half *, __half *, int, int)"
16653494117,90144,110078,1,3072,1,32,4,1,32,0.000,0.000,,,,,NVIDIA GeForce RTX 3090 (0),1,,7,"gemv_kernel_g128(const float4 *, const unsigned int *, const unsigned int *, const __half *, __half *, int, int)"
16656379812,88224,110226,1,1024,1,32,4,1,32,0.000,0.000,,,,,NVIDIA GeForce RTX 3090 (0),1,,7,"gemv_kernel_g128(const float4 *, const unsigned int *, const unsigned int *, const __half *, __half *, int, int)"
16656489764,76896,110232,1,2752,1,32,4,1,32,0.000,0.000,,,,,NVIDIA GeForce RTX 3090 (0),1,,7,"gemv_kernel_g128(const float4 *, const unsigned int *, const unsigned int *, const __half *, __half *, int, int)"
16656568580,79648,110234,1,2752,1,32,4,1,32,0.000,0.000,,,,,NVIDIA GeForce RTX 3090 (0),1,,7,"gemv_kernel_g128(const float4 *, const unsigned int *, const unsigned int *, const __half *, __half *, int, int)"
16656652900,38496,110238,1,1024,1,32,4,1,32,0.000,0.000,,,,,NVIDIA GeForce RTX 3090 (0),1,,7,"gemv_kernel_g128(const float4 *, const unsigned int *, const unsigned int *, const __half *, __half *, int, int)"
16656719844,93152,110244,1,3072,1,32,4,1,32,0.000,0.000,,,,,NVIDIA GeForce RTX 3090 (0),1,,7,"gemv_kernel_g128(const float4 *, const unsigned int *, const unsigned int *, const __half *, __half *, int, int)"
16658800964,76064,110392,1,1024,1,32,4,1,32,0.000,0.000,,,,,NVIDIA GeForce RTX 3090 (0),1,,7,"gemv_kernel_g128(const float4 *, const unsigned int *, const unsigned int *, const __half *, __half *, int, int)"
16658899524,65984,110398,1,2752,1,32,4,1,32,0.000,0.000,,,,,NVIDIA GeForce RTX 3090 (0),1,,7,"gemv_kernel_g128(const float4 *, const unsigned int *, const unsigned int *, const __half *, __half *, int, int)"
16658966948,67584,110400,1,2752,1,32,4,1,32,0.000,0.000,,,,,NVIDIA GeForce RTX 3090 (0),1,,7,"gemv_kernel_g128(const float4 *, const unsigned int *, const unsigned int *, const __half *, __half *, int, int)"
16659039620,38784,110404,1,1024,1,32,4,1,32,0.000,0.000,,,,,NVIDIA GeForce RTX 3090 (0),1,,7,"gemv_kernel_g128(const float4 *, const unsigned int *, const unsigned int *, const __half *, __half *, int, int)"
16659099076,87647,110410,1,3072,1,32,4,1,32,0.000,0.000,,,,,NVIDIA GeForce RTX 3090 (0),1,,7,"gemv_kernel_g128(const float4 *, const unsigned int *, const unsigned int *, const __half *, __half *, int, int)"
16661256515,73344,110558,1,1024,1,32,4,1,32,0.000,0.000,,,,,NVIDIA GeForce RTX 3090 (0),1,,7,"gemv_kernel_g128(const float4 *, const unsigned int *, const unsigned int *, const __half *, __half *, int, int)"
16661351459,68224,110564,1,2752,1,32,4,1,32,0.000,0.000,,,,,NVIDIA GeForce RTX 3090 (0),1,,7,"gemv_kernel_g128(const float4 *, const unsigned int *, const unsigned int *, const __half *, __half *, int, int)"
16661421187,97664,110566,1,2752,1,32,4,1,32,0.000,0.000,,,,,NVIDIA GeForce RTX 3090 (0),1,,7,"gemv_kernel_g128(const float4 *, const unsigned int *, const unsigned int *, const __half *, __half *, int, int)"
16661524739,38624,110570,1,1024,1,32,4,1,32,0.000,0.000,,,,,NVIDIA GeForce RTX 3090 (0),1,,7,"gemv_kernel_g128(const float4 *, const unsigned int *, const unsigned int *, const __half *, __half *, int, int)"
16661586659,116448,110576,1,3072,1,32,4,1,32,0.000,0.000,,,,,NVIDIA GeForce RTX 3090 (0),1,,7,"gemv_kernel_g128(const float4 *, const unsigned int *, const unsigned int *, const __half *, __half *, int, int)"
16664463554,77760,110724,1,1024,1,32,4,1,32,0.000,0.000,,,,,NVIDIA GeForce RTX 3090 (0),1,,7,"gemv_kernel_g128(const float4 *, const unsigned int *, const unsigned int *, const __half *, __half *, int, int)"
16664562914,64928,110730,1,2752,1,32,4,1,32,0.000,0.000,,,,,NVIDIA GeForce RTX 3090 (0),1,,7,"gemv_kernel_g128(const float4 *, const unsigned int *, const unsigned int *, const __half *, __half *, int, int)"
16664629346,65856,110732,1,2752,1,32,4,1,32,0.000,0.000,,,,,NVIDIA GeForce RTX 3090 (0),1,,7,"gemv_kernel_g128(const float4 *, const unsigned int *, const unsigned int *, const __half *, __half *, int, int)"
16664700002,39072,110736,1,1024,1,32,4,1,32,0.000,0.000,,,,,NVIDIA GeForce RTX 3090 (0),1,,7,"gemv_kernel_g128(const float4 *, const unsigned int *, const unsigned int *, const __half *, __half *, int, int)"
16664759938,91424,110742,1,3072,1,32,4,1,32,0.000,0.000,,,,,NVIDIA GeForce RTX 3090 (0),1,,7,"gemv_kernel_g128(const float4 *, const unsigned int *, const unsigned int *, const __half *, __half *, int, int)"
16666937698,74656,110890,1,1024,1,32,4,1,32,0.000,0.000,,,,,NVIDIA GeForce RTX 3090 (0),1,,7,"gemv_kernel_g128(const float4 *, const unsigned int *, const unsigned int *, const __half *, __half *, int, int)"
16667033474,65632,110896,1,2752,1,32,4,1,32,0.000,0.000,,,,,NVIDIA GeForce RTX 3090 (0),1,,7,"gemv_kernel_g128(const float4 *, const unsigned int *, const unsigned int *, const __half *, __half *, int, int)"
16667100962,65536,110898,1,2752,1,32,4,1,32,0.000,0.000,,,,,NVIDIA GeForce RTX 3090 (0),1,,7,"gemv_kernel_g128(const float4 *, const unsigned int *, const unsigned int *, const __half *, __half *, int, int)"
16667171106,37216,110902,1,1024,1,32,4,1,32,0.000,0.000,,,,,NVIDIA GeForce RTX 3090 (0),1,,7,"gemv_kernel_g128(const float4 *, const unsigned int *, const unsigned int *, const __half *, __half *, int, int)"
16667229058,86688,110908,1,3072,1,32,4,1,32,0.000,0.000,,,,,NVIDIA GeForce RTX 3090 (0),1,,7,"gemv_kernel_g128(const float4 *, const unsigned int *, const unsigned int *, const __half *, __half *, int, int)"
16669453345,73728,111056,1,1024,1,32,4,1,32,0.000,0.000,,,,,NVIDIA GeForce RTX 3090 (0),1,,7,"gemv_kernel_g128(const float4 *, const unsigned int *, const unsigned int *, const __half *, __half *, int, int)"
16669548385,64928,111062,1,2752,1,32,4,1,32,0.000,0.000,,,,,NVIDIA GeForce RTX 3090 (0),1,,7,"gemv_kernel_g128(const float4 *, const unsigned int *, const unsigned int *, const __half *, __half *, int, int)"
16669614945,64896,111064,1,2752,1,32,4,1,32,0.000,0.000,,,,,NVIDIA GeForce RTX 3090 (0),1,,7,"gemv_kernel_g128(const float4 *, const unsigned int *, const unsigned int *, const __half *, __half *, int, int)"
16669684897,37728,111068,1,1024,1,32,4,1,32,0.000,0.000,,,,,NVIDIA GeForce RTX 3090 (0),1,,7,"gemv_kernel_g128(const float4 *, const unsigned int *, const unsigned int *, const __half *, __half *, int, int)"
16669743425,87360,111074,1,3072,1,32,4,1,32,0.000,0.000,,,,,NVIDIA GeForce RTX 3090 (0),1,,7,"gemv_kernel_g128(const float4 *, const unsigned int *, const unsigned int *, const __half *, __half *, int, int)"
16671937600,70752,111222,1,1024,1,32,4,1,32,0.000,0.000,,,,,NVIDIA GeForce RTX 3090 (0),1,,7,"gemv_kernel_g128(const float4 *, const unsigned int *, const unsigned int *, const __half *, __half *, int, int)"
16672030080,66336,111228,1,2752,1,32,4,1,32,0.000,0.000,,,,,NVIDIA GeForce RTX 3090 (0),1,,7,"gemv_kernel_g128(const float4 *, const unsigned int *, const unsigned int *, const __half *, __half *, int, int)"
16672097888,66528,111230,1,2752,1,32,4,1,32,0.000,0.000,,,,,NVIDIA GeForce RTX 3090 (0),1,,7,"gemv_kernel_g128(const float4 *, const unsigned int *, const unsigned int *, const __half *, __half *, int, int)"
16672169632,38400,111234,1,1024,1,32,4,1,32,0.000,0.000,,,,,NVIDIA GeForce RTX 3090 (0),1,,7,"gemv_kernel_g128(const float4 *, const unsigned int *, const unsigned int *, const __half *, __half *, int, int)"
16672228288,92096,111240,1,3072,1,32,4,1,32,0.000,0.000,,,,,NVIDIA GeForce RTX 3090 (0),1,,7,"gemv_kernel_g128(const float4 *, const unsigned int *, const unsigned int *, const __half *, __half *, int, int)"
16674288256,69120,111388,1,1024,1,32,4,1,32,0.000,0.000,,,,,NVIDIA GeForce RTX 3090 (0),1,,7,"gemv_kernel_g128(const float4 *, const unsigned int *, const unsigned int *, const __half *, __half *, int, int)"
16674379104,65664,111394,1,2752,1,32,4,1,32,0.000,0.000,,,,,NVIDIA GeForce RTX 3090 (0),1,,7,"gemv_kernel_g128(const float4 *, const unsigned int *, const unsigned int *, const __half *, __half *, int, int)"
16674446240,66016,111396,1,2752,1,32,4,1,32,0.000,0.000,,,,,NVIDIA GeForce RTX 3090 (0),1,,7,"gemv_kernel_g128(const float4 *, const unsigned int *, const unsigned int *, const __half *, __half *, int, int)"
16674516928,38400,111400,1,1024,1,32,4,1,32,0.000,0.000,,,,,NVIDIA GeForce RTX 3090 (0),1,,7,"gemv_kernel_g128(const float4 *, const unsigned int *, const unsigned int *, const __half *, __half *, int, int)"
16674582176,86784,111406,1,3072,1,32,4,1,32,0.000,0.000,,,,,NVIDIA GeForce RTX 3090 (0),1,,7,"gemv_kernel_g128(const float4 *, const unsigned int *, const unsigned int *, const __half *, __half *, int, int)"
16676762047,74048,111554,1,1024,1,32,4,1,32,0.000,0.000,,,,,NVIDIA GeForce RTX 3090 (0),1,,7,"gemv_kernel_g128(const float4 *, const unsigned int *, const unsigned int *, const __half *, __half *, int, int)"
16676857375,66016,111560,1,2752,1,32,4,1,32,0.000,0.000,,,,,NVIDIA GeForce RTX 3090 (0),1,,7,"gemv_kernel_g128(const float4 *, const unsigned int *, const unsigned int *, const __half *, __half *, int, int)"
16676925311,65504,111562,1,2752,1,32,4,1,32,0.000,0.000,,,,,NVIDIA GeForce RTX 3090 (0),1,,7,"gemv_kernel_g128(const float4 *, const unsigned int *, const unsigned int *, const __half *, __half *, int, int)"
16676995551,37280,111566,1,1024,1,32,4,1,32,0.000,0.000,,,,,NVIDIA GeForce RTX 3090 (0),1,,7,"gemv_kernel_g128(const float4 *, const unsigned int *, const unsigned int *, const __half *, __half *, int, int)"
16677054335,89792,111572,1,3072,1,32,4,1,32,0.000,0.000,,,,,NVIDIA GeForce RTX 3090 (0),1,,7,"gemv_kernel_g128(const float4 *, const unsigned int *, const unsigned int *, const __half *, __half *, int, int)"
16679157631,70080,111720,1,1024,1,32,4,1,32,0.000,0.000,,,,,NVIDIA GeForce RTX 3090 (0),1,,7,"gemv_kernel_g128(const float4 *, const unsigned int *, const unsigned int *, const __half *, __half *, int, int)"
16679250111,65184,111726,1,2752,1,32,4,1,32,0.000,0.000,,,,,NVIDIA GeForce RTX 3090 (0),1,,7,"gemv_kernel_g128(const float4 *, const unsigned int *, const unsigned int *, const __half *, __half *, int, int)"
16679316735,65856,111728,1,2752,1,32,4,1,32,0.000,0.000,,,,,NVIDIA GeForce RTX 3090 (0),1,,7,"gemv_kernel_g128(const float4 *, const unsigned int *, const unsigned int *, const __half *, __half *, int, int)"
16679387647,36512,111732,1,1024,1,32,4,1,32,0.000,0.000,,,,,NVIDIA GeForce RTX 3090 (0),1,,7,"gemv_kernel_g128(const float4 *, const unsigned int *, const unsigned int *, const __half *, __half *, int, int)"
16679445631,89952,111738,1,3072,1,32,4,1,32,0.000,0.000,,,,,NVIDIA GeForce RTX 3090 (0),1,,7,"gemv_kernel_g128(const float4 *, const unsigned int *, const unsigned int *, const __half *, __half *, int, int)"
16681487518,74048,111886,1,1024,1,32,4,1,32,0.000,0.000,,,,,NVIDIA GeForce RTX 3090 (0),1,,7,"gemv_kernel_g128(const float4 *, const unsigned int *, const unsigned int *, const __half *, __half *, int, int)"
16681583838,65568,111892,1,2752,1,32,4,1,32,0.000,0.000,,,,,NVIDIA GeForce RTX 3090 (0),1,,7,"gemv_kernel_g128(const float4 *, const unsigned int *, const unsigned int *, const __half *, __half *, int, int)"
16681650878,65824,111894,1,2752,1,32,4,1,32,0.000,0.000,,,,,NVIDIA GeForce RTX 3090 (0),1,,7,"gemv_kernel_g128(const float4 *, const unsigned int *, const unsigned int *, const __half *, __half *, int, int)"
16681721790,37344,111898,1,1024,1,32,4,1,32,0.000,0.000,,,,,NVIDIA GeForce RTX 3090 (0),1,,7,"gemv_kernel_g128(const float4 *, const unsigned int *, const unsigned int *, const __half *, __half *, int, int)"
16681779262,88192,111904,1,3072,1,32,4,1,32,0.000,0.000,,,,,NVIDIA GeForce RTX 3090 (0),1,,7,"gemv_kernel_g128(const float4 *, const unsigned int *, const unsigned int *, const __half *, __half *, int, int)"
16684125117,72544,112052,1,1024,1,32,4,1,32,0.000,0.000,,,,,NVIDIA GeForce RTX 3090 (0),1,,7,"gemv_kernel_g128(const float4 *, const unsigned int *, const unsigned int *, const __half *, __half *, int, int)"
16684219613,66848,112058,1,2752,1,32,4,1,32,0.000,0.000,,,,,NVIDIA GeForce RTX 3090 (0),1,,7,"gemv_kernel_g128(const float4 *, const unsigned int *, const unsigned int *, const __half *, __half *, int, int)"
16684287837,65184,112060,1,2752,1,32,4,1,32,0.000,0.000,,,,,NVIDIA GeForce RTX 3090 (0),1,,7,"gemv_kernel_g128(const float4 *, const unsigned int *, const unsigned int *, const __half *, __half *, int, int)"
16684357757,38144,112064,1,1024,1,32,4,1,32,0.000,0.000,,,,,NVIDIA GeForce RTX 3090 (0),1,,7,"gemv_kernel_g128(const float4 *, const unsigned int *, const unsigned int *, const __half *, __half *, int, int)"
16684611773,87552,112070,1,3072,1,32,4,1,32,0.000,0.000,,,,,NVIDIA GeForce RTX 3090 (0),1,,7,"gemv_kernel_g128(const float4 *, const unsigned int *, const unsigned int *, const __half *, __half *, int, int)"
16686889725,72992,112218,1,1024,1,32,4,1,32,0.000,0.000,,,,,NVIDIA GeForce RTX 3090 (0),1,,7,"gemv_kernel_g128(const float4 *, const unsigned int *, const unsigned int *, const __half *, __half *, int, int)"
16686984477,65568,112224,1,2752,1,32,4,1,32,0.000,0.000,,,,,NVIDIA GeForce RTX 3090 (0),1,,7,"gemv_kernel_g128(const float4 *, const unsigned int *, const unsigned int *, const __half *, __half *, int, int)"
16687051933,64896,112226,1,2752,1,32,4,1,32,0.000,0.000,,,,,NVIDIA GeForce RTX 3090 (0),1,,7,"gemv_kernel_g128(const float4 *, const unsigned int *, const unsigned int *, const __half *, __half *, int, int)"
16687126141,38304,112230,1,1024,1,32,4,1,32,0.000,0.000,,,,,NVIDIA GeForce RTX 3090 (0),1,,7,"gemv_kernel_g128(const float4 *, const unsigned int *, const unsigned int *, const __half *, __half *, int, int)"
16687185501,91008,112236,1,3072,1,32,4,1,32,0.000,0.000,,,,,NVIDIA GeForce RTX 3090 (0),1,,7,"gemv_kernel_g128(const float4 *, const unsigned int *, const unsigned int *, const __half *, __half *, int, int)"
16689261308,71168,112384,1,1024,1,32,4,1,32,0.000,0.000,,,,,NVIDIA GeForce RTX 3090 (0),1,,7,"gemv_kernel_g128(const float4 *, const unsigned int *, const unsigned int *, const __half *, __half *, int, int)"
16689354876,67168,112390,1,2752,1,32,4,1,32,0.000,0.000,,,,,NVIDIA GeForce RTX 3090 (0),1,,7,"gemv_kernel_g128(const float4 *, const unsigned int *, const unsigned int *, const __half *, __half *, int, int)"
16689423516,66720,112392,1,2752,1,32,4,1,32,0.000,0.000,,,,,NVIDIA GeForce RTX 3090 (0),1,,7,"gemv_kernel_g128(const float4 *, const unsigned int *, const unsigned int *, const __half *, __half *, int, int)"
16689495484,40864,112396,1,1024,1,32,4,1,32,0.000,0.000,,,,,NVIDIA GeForce RTX 3090 (0),1,,7,"gemv_kernel_g128(const float4 *, const unsigned int *, const unsigned int *, const __half *, __half *, int, int)"
16689558076,91680,112402,1,3072,1,32,4,1,32,0.000,0.000,,,,,NVIDIA GeForce RTX 3090 (0),1,,7,"gemv_kernel_g128(const float4 *, const unsigned int *, const unsigned int *, const __half *, __half *, int, int)"
16691633852,74720,112550,1,1024,1,32,4,1,32,0.000,0.000,,,,,NVIDIA GeForce RTX 3090 (0),1,,7,"gemv_kernel_g128(const float4 *, const unsigned int *, const unsigned int *, const __half *, __half *, int, int)"
16691730524,66303,112556,1,2752,1,32,4,1,32,0.000,0.000,,,,,NVIDIA GeForce RTX 3090 (0),1,,7,"gemv_kernel_g128(const float4 *, const unsigned int *, const unsigned int *, const __half *, __half *, int, int)"
16691798267,66048,112558,1,2752,1,32,4,1,32,0.000,0.000,,,,,NVIDIA GeForce RTX 3090 (0),1,,7,"gemv_kernel_g128(const float4 *, const unsigned int *, const unsigned int *, const __half *, __half *, int, int)"
16691869595,39008,112562,1,1024,1,32,4,1,32,0.000,0.000,,,,,NVIDIA GeForce RTX 3090 (0),1,,7,"gemv_kernel_g128(const float4 *, const unsigned int *, const unsigned int *, const __half *, __half *, int, int)"
16691929819,88608,112568,1,3072,1,32,4,1,32,0.000,0.000,,,,,NVIDIA GeForce RTX 3090 (0),1,,7,"gemv_kernel_g128(const float4 *, const unsigned int *, const unsigned int *, const __half *, __half *, int, int)"
16694002779,71008,112716,1,1024,1,32,4,1,32,0.000,0.000,,,,,NVIDIA GeForce RTX 3090 (0),1,,7,"gemv_kernel_g128(const float4 *, const unsigned int *, const unsigned int *, const __half *, __half *, int, int)"
16694095515,65600,112722,1,2752,1,32,4,1,32,0.000,0.000,,,,,NVIDIA GeForce RTX 3090 (0),1,,7,"gemv_kernel_g128(const float4 *, const unsigned int *, const unsigned int *, const __half *, __half *, int, int)"
16694162523,64928,112724,1,2752,1,32,4,1,32,0.000,0.000,,,,,NVIDIA GeForce RTX 3090 (0),1,,7,"gemv_kernel_g128(const float4 *, const unsigned int *, const unsigned int *, const __half *, __half *, int, int)"
16694232123,38144,112728,1,1024,1,32,4,1,32,0.000,0.000,,,,,NVIDIA GeForce RTX 3090 (0),1,,7,"gemv_kernel_g128(const float4 *, const unsigned int *, const unsigned int *, const __half *, __half *, int, int)"
16694291643,89888,112734,1,3072,1,32,4,1,32,0.000,0.000,,,,,NVIDIA GeForce RTX 3090 (0),1,,7,"gemv_kernel_g128(const float4 *, const unsigned int *, const unsigned int *, const __half *, __half *, int, int)"
16696424090,74912,112882,1,1024,1,32,4,1,32,0.000,0.000,,,,,NVIDIA GeForce RTX 3090 (0),1,,7,"gemv_kernel_g128(const float4 *, const unsigned int *, const unsigned int *, const __half *, __half *, int, int)"
16696520186,67680,112888,1,2752,1,32,4,1,32,0.000,0.000,,,,,NVIDIA GeForce RTX 3090 (0),1,,7,"gemv_kernel_g128(const float4 *, const unsigned int *, const unsigned int *, const __half *, __half *, int, int)"
16696589754,68928,112890,1,2752,1,32,4,1,32,0.000,0.000,,,,,NVIDIA GeForce RTX 3090 (0),1,,7,"gemv_kernel_g128(const float4 *, const unsigned int *, const unsigned int *, const __half *, __half *, int, int)"
16696663354,37280,112894,1,1024,1,32,4,1,32,0.000,0.000,,,,,NVIDIA GeForce RTX 3090 (0),1,,7,"gemv_kernel_g128(const float4 *, const unsigned int *, const unsigned int *, const __half *, __half *, int, int)"
16696722458,88864,112900,1,3072,1,32,4,1,32,0.000,0.000,,,,,NVIDIA GeForce RTX 3090 (0),1,,7,"gemv_kernel_g128(const float4 *, const unsigned int *, const unsigned int *, const __half *, __half *, int, int)"
16699048634,72960,113048,1,1024,1,32,4,1,32,0.000,0.000,,,,,NVIDIA GeForce RTX 3090 (0),1,,7,"gemv_kernel_g128(const float4 *, const unsigned int *, const unsigned int *, const __half *, __half *, int, int)"
16699143610,65952,113054,1,2752,1,32,4,1,32,0.000,0.000,,,,,NVIDIA GeForce RTX 3090 (0),1,,7,"gemv_kernel_g128(const float4 *, const unsigned int *, const unsigned int *, const __half *, __half *, int, int)"
16699211034,66272,113056,1,2752,1,32,4,1,32,0.000,0.000,,,,,NVIDIA GeForce RTX 3090 (0),1,,7,"gemv_kernel_g128(const float4 *, const unsigned int *, const unsigned int *, const __half *, __half *, int, int)"
16699282426,37952,113060,1,1024,1,32,4,1,32,0.000,0.000,,,,,NVIDIA GeForce RTX 3090 (0),1,,7,"gemv_kernel_g128(const float4 *, const unsigned int *, const unsigned int *, const __half *, __half *, int, int)"
16699341338,88416,113066,1,3072,1,32,4,1,32,0.000,0.000,,,,,NVIDIA GeForce RTX 3090 (0),1,,7,"gemv_kernel_g128(const float4 *, const unsigned int *, const unsigned int *, const __half *, __half *, int, int)"
16701591129,88608,113214,1,1024,1,32,4,1,32,0.000,0.000,,,,,NVIDIA GeForce RTX 3090 (0),1,,7,"gemv_kernel_g128(const float4 *, const unsigned int *, const unsigned int *, const __half *, __half *, int, int)"
16701702617,86272,113220,1,2752,1,32,4,1,32,0.000,0.000,,,,,NVIDIA GeForce RTX 3090 (0),1,,7,"gemv_kernel_g128(const float4 *, const unsigned int *, const unsigned int *, const __half *, __half *, int, int)"
16701790617,68448,113222,1,2752,1,32,4,1,32,0.000,0.000,,,,,NVIDIA GeForce RTX 3090 (0),1,,7,"gemv_kernel_g128(const float4 *, const unsigned int *, const unsigned int *, const __half *, __half *, int, int)"
16701864473,36928,113226,1,1024,1,32,4,1,32,0.000,0.000,,,,,NVIDIA GeForce RTX 3090 (0),1,,7,"gemv_kernel_g128(const float4 *, const unsigned int *, const unsigned int *, const __half *, __half *, int, int)"
16701922745,88544,113232,1,3072,1,32,4,1,32,0.000,0.000,,,,,NVIDIA GeForce RTX 3090 (0),1,,7,"gemv_kernel_g128(const float4 *, const unsigned int *, const unsigned int *, const __half *, __half *, int, int)"
16704069528,76320,113380,1,1024,1,32,4,1,32,0.000,0.000,,,,,NVIDIA GeForce RTX 3090 (0),1,,7,"gemv_kernel_g128(const float4 *, const unsigned int *, const unsigned int *, const __half *, __half *, int, int)"
16704167704,65696,113386,1,2752,1,32,4,1,32,0.000,0.000,,,,,NVIDIA GeForce RTX 3090 (0),1,,7,"gemv_kernel_g128(const float4 *, const unsigned int *, const unsigned int *, const __half *, __half *, int, int)"
16704234872,66176,113388,1,2752,1,32,4,1,32,0.000,0.000,,,,,NVIDIA GeForce RTX 3090 (0),1,,7,"gemv_kernel_g128(const float4 *, const unsigned int *, const unsigned int *, const __half *, __half *, int, int)"
16704305912,38176,113392,1,1024,1,32,4,1,32,0.000,0.000,,,,,NVIDIA GeForce RTX 3090 (0),1,,7,"gemv_kernel_g128(const float4 *, const unsigned int *, const unsigned int *, const __half *, __half *, int, int)"
16704367672,91552,113398,1,3072,1,32,4,1,32,0.000,0.000,,,,,NVIDIA GeForce RTX 3090 (0),1,,7,"gemv_kernel_g128(const float4 *, const unsigned int *, const unsigned int *, const __half *, __half *, int, int)"
16706501592,68160,113546,1,1024,1,32,4,1,32,0.000,0.000,,,,,NVIDIA GeForce RTX 3090 (0),1,,7,"gemv_kernel_g128(const float4 *, const unsigned int *, const unsigned int *, const __half *, __half *, int, int)"
16706591768,65632,113552,1,2752,1,32,4,1,32,0.000,0.000,,,,,NVIDIA GeForce RTX 3090 (0),1,,7,"gemv_kernel_g128(const float4 *, const unsigned int *, const unsigned int *, const __half *, __half *, int, int)"
16706659320,65568,113554,1,2752,1,32,4,1,32,0.000,0.000,,,,,NVIDIA GeForce RTX 3090 (0),1,,7,"gemv_kernel_g128(const float4 *, const unsigned int *, const unsigned int *, const __half *, __half *, int, int)"
16706729496,37888,113558,1,1024,1,32,4,1,32,0.000,0.000,,,,,NVIDIA GeForce RTX 3090 (0),1,,7,"gemv_kernel_g128(const float4 *, const unsigned int *, const unsigned int *, const __half *, __half *, int, int)"
16706788024,87328,113564,1,3072,1,32,4,1,32,0.000,0.000,,,,,NVIDIA GeForce RTX 3090 (0),1,,7,"gemv_kernel_g128(const float4 *, const unsigned int *, const unsigned int *, const __half *, __half *, int, int)"
16708834071,73248,113712,1,1024,1,32,4,1,32,0.000,0.000,,,,,NVIDIA GeForce RTX 3090 (0),1,,7,"gemv_kernel_g128(const float4 *, const unsigned int *, const unsigned int *, const __half *, __half *, int, int)"
16708928759,65024,113718,1,2752,1,32,4,1,32,0.000,0.000,,,,,NVIDIA GeForce RTX 3090 (0),1,,7,"gemv_kernel_g128(const float4 *, const unsigned int *, const unsigned int *, const __half *, __half *, int, int)"
16708995223,65536,113720,1,2752,1,32,4,1,32,0.000,0.000,,,,,NVIDIA GeForce RTX 3090 (0),1,,7,"gemv_kernel_g128(const float4 *, const unsigned int *, const unsigned int *, const __half *, __half *, int, int)"
16709065911,37920,113724,1,1024,1,32,4,1,32,0.000,0.000,,,,,NVIDIA GeForce RTX 3090 (0),1,,7,"gemv_kernel_g128(const float4 *, const unsigned int *, const unsigned int *, const __half *, __half *, int, int)"
16709125047,87136,113730,1,3072,1,32,4,1,32,0.000,0.000,,,,,NVIDIA GeForce RTX 3090 (0),1,,7,"gemv_kernel_g128(const float4 *, const unsigned int *, const unsigned int *, const __half *, __half *, int, int)"
16711494519,71424,113878,1,1024,1,32,4,1,32,0.000,0.000,,,,,NVIDIA GeForce RTX 3090 (0),1,,7,"gemv_kernel_g128(const float4 *, const unsigned int *, const unsigned int *, const __half *, __half *, int, int)"
16711587575,66048,113884,1,2752,1,32,4,1,32,0.000,0.000,,,,,NVIDIA GeForce RTX 3090 (0),1,,7,"gemv_kernel_g128(const float4 *, const unsigned int *, const unsigned int *, const __half *, __half *, int, int)"
16711655063,66592,113886,1,2752,1,32,4,1,32,0.000,0.000,,,,,NVIDIA GeForce RTX 3090 (0),1,,7,"gemv_kernel_g128(const float4 *, const unsigned int *, const unsigned int *, const __half *, __half *, int, int)"
16711726807,37216,113890,1,1024,1,32,4,1,32,0.000,0.000,,,,,NVIDIA GeForce RTX 3090 (0),1,,7,"gemv_kernel_g128(const float4 *, const unsigned int *, const unsigned int *, const __half *, __half *, int, int)"
16711785143,88064,113896,1,3072,1,32,4,1,32,0.000,0.000,,,,,NVIDIA GeForce RTX 3090 (0),1,,7,"gemv_kernel_g128(const float4 *, const unsigned int *, const unsigned int *, const __half *, __half *, int, int)"
16713808822,71712,114044,1,1024,1,32,4,1,32,0.000,0.000,,,,,NVIDIA GeForce RTX 3090 (0),1,,7,"gemv_kernel_g128(const float4 *, const unsigned int *, const unsigned int *, const __half *, __half *, int, int)"
16713902870,65952,114050,1,2752,1,32,4,1,32,0.000,0.000,,,,,NVIDIA GeForce RTX 3090 (0),1,,7,"gemv_kernel_g128(const float4 *, const unsigned int *, const unsigned int *, const __half *, __half *, int, int)"
16713970198,65280,114052,1,2752,1,32,4,1,32,0.000,0.000,,,,,NVIDIA GeForce RTX 3090 (0),1,,7,"gemv_kernel_g128(const float4 *, const unsigned int *, const unsigned int *, const __half *, __half *, int, int)"
16714040182,38272,114056,1,1024,1,32,4,1,32,0.000,0.000,,,,,NVIDIA GeForce RTX 3090 (0),1,,7,"gemv_kernel_g128(const float4 *, const unsigned int *, const unsigned int *, const __half *, __half *, int, int)"
16714099670,89760,114062,1,3072,1,32,4,1,32,0.000,0.000,,,,,NVIDIA GeForce RTX 3090 (0),1,,7,"gemv_kernel_g128(const float4 *, const unsigned int *, const unsigned int *, const __half *, __half *, int, int)"
16716121110,69408,114210,1,1024,1,32,4,1,32,0.000,0.000,,,,,NVIDIA GeForce RTX 3090 (0),1,,7,"gemv_kernel_g128(const float4 *, const unsigned int *, const unsigned int *, const __half *, __half *, int, int)"
16716211990,65119,114216,1,2752,1,32,4,1,32,0.000,0.000,,,,,NVIDIA GeForce RTX 3090 (0),1,,7,"gemv_kernel_g128(const float4 *, const unsigned int *, const unsigned int *, const __half *, __half *, int, int)"
16716279061,65664,114218,1,2752,1,32,4,1,32,0.000,0.000,,,,,NVIDIA GeForce RTX 3090 (0),1,,7,"gemv_kernel_g128(const float4 *, const unsigned int *, const unsigned int *, const __half *, __half *, int, int)"
16716349301,36640,114222,1,1024,1,32,4,1,32,0.000,0.000,,,,,NVIDIA GeForce RTX 3090 (0),1,,7,"gemv_kernel_g128(const float4 *, const unsigned int *, const unsigned int *, const __half *, __half *, int, int)"
16716406773,87648,114228,1,3072,1,32,4,1,32,0.000,0.000,,,,,NVIDIA GeForce RTX 3090 (0),1,,7,"gemv_kernel_g128(const float4 *, const unsigned int *, const unsigned int *, const __half *, __half *, int, int)"
16718755125,88896,114376,1,1024,1,32,4,1,32,0.000,0.000,,,,,NVIDIA GeForce RTX 3090 (0),1,,7,"gemv_kernel_g128(const float4 *, const unsigned int *, const unsigned int *, const __half *, __half *, int, int)"
16718869909,76064,114382,1,2752,1,32,4,1,32,0.000,0.000,,,,,NVIDIA GeForce RTX 3090 (0),1,,7,"gemv_kernel_g128(const float4 *, const unsigned int *, const unsigned int *, const __half *, __half *, int, int)"
16718947445,78112,114384,1,2752,1,32,4,1,32,0.000,0.000,,,,,NVIDIA GeForce RTX 3090 (0),1,,7,"gemv_kernel_g128(const float4 *, const unsigned int *, const unsigned int *, const __half *, __half *, int, int)"
16719030869,37440,114388,1,1024,1,32,4,1,32,0.000,0.000,,,,,NVIDIA GeForce RTX 3090 (0),1,,7,"gemv_kernel_g128(const float4 *, const unsigned int *, const unsigned int *, const __half *, __half *, int, int)"
16719090165,183232,114394,1,8000,1,32,4,1,32,0.000,0.000,,,,,NVIDIA GeForce RTX 3090 (0),1,,7,"gemv_kernel_g128(const float4 *, const unsigned int *, const unsigned int *, const __half *, __half *, int, int)"
16749707053,97376,114408,1,3072,1,32,4,1,32,0.000,0.000,,,,,NVIDIA GeForce RTX 3090 (0),1,,7,"gemv_kernel_g128(const float4 *, const unsigned int *, const unsigned int *, const __half *, __half *, int, int)"
16751656301,78336,114556,1,1024,1,32,4,1,32,0.000,0.000,,,,,NVIDIA GeForce RTX 3090 (0),1,,7,"gemv_kernel_g128(const float4 *, const unsigned int *, const unsigned int *, const __half *, __half *, int, int)"
16751757133,78176,114562,1,2752,1,32,4,1,32,0.000,0.000,,,,,NVIDIA GeForce RTX 3090 (0),1,,7,"gemv_kernel_g128(const float4 *, const unsigned int *, const unsigned int *, const __half *, __half *, int, int)"
16751836781,74496,114564,1,2752,1,32,4,1,32,0.000,0.000,,,,,NVIDIA GeForce RTX 3090 (0),1,,7,"gemv_kernel_g128(const float4 *, const unsigned int *, const unsigned int *, const __half *, __half *, int, int)"
16751916525,38560,114568,1,1024,1,32,4,1,32,0.000,0.000,,,,,NVIDIA GeForce RTX 3090 (0),1,,7,"gemv_kernel_g128(const float4 *, const unsigned int *, const unsigned int *, const __half *, __half *, int, int)"
16751976621,102688,114574,1,3072,1,32,4,1,32,0.000,0.000,,,,,NVIDIA GeForce RTX 3090 (0),1,,7,"gemv_kernel_g128(const float4 *, const unsigned int *, const unsigned int *, const __half *, __half *, int, int)"
16754654188,73056,114722,1,1024,1,32,4,1,32,0.000,0.000,,,,,NVIDIA GeForce RTX 3090 (0),1,,7,"gemv_kernel_g128(const float4 *, const unsigned int *, const unsigned int *, const __half *, __half *, int, int)"
16754749644,65856,114728,1,2752,1,32,4,1,32,0.000,0.000,,,,,NVIDIA GeForce RTX 3090 (0),1,,7,"gemv_kernel_g128(const float4 *, const unsigned int *, const unsigned int *, const __half *, __half *, int, int)"
16754817004,66368,114730,1,2752,1,32,4,1,32,0.000,0.000,,,,,NVIDIA GeForce RTX 3090 (0),1,,7,"gemv_kernel_g128(const float4 *, const unsigned int *, const unsigned int *, const __half *, __half *, int, int)"
16754888492,38016,114734,1,1024,1,32,4,1,32,0.000,0.000,,,,,NVIDIA GeForce RTX 3090 (0),1,,7,"gemv_kernel_g128(const float4 *, const unsigned int *, const unsigned int *, const __half *, __half *, int, int)"
16754948812,87424,114740,1,3072,1,32,4,1,32,0.000,0.000,,,,,NVIDIA GeForce RTX 3090 (0),1,,7,"gemv_kernel_g128(const float4 *, const unsigned int *, const unsigned int *, const __half *, __half *, int, int)"
16756943052,73696,114888,1,1024,1,32,4,1,32,0.000,0.000,,,,,NVIDIA GeForce RTX 3090 (0),1,,7,"gemv_kernel_g128(const float4 *, const unsigned int *, const unsigned int *, const __half *, __half *, int, int)"
16757038251,66144,114894,1,2752,1,32,4,1,32,0.000,0.000,,,,,NVIDIA GeForce RTX 3090 (0),1,,7,"gemv_kernel_g128(const float4 *, const unsigned int *, const unsigned int *, const __half *, __half *, int, int)"
16757105803,66048,114896,1,2752,1,32,4,1,32,0.000,0.000,,,,,NVIDIA GeForce RTX 3090 (0),1,,7,"gemv_kernel_g128(const float4 *, const unsigned int *, const unsigned int *, const __half *, __half *, int, int)"
16757176555,37440,114900,1,1024,1,32,4,1,32,0.000,0.000,,,,,NVIDIA GeForce RTX 3090 (0),1,,7,"gemv_kernel_g128(const float4 *, const unsigned int *, const unsigned int *, const __half *, __half *, int, int)"
16757235147,95488,114906,1,3072,1,32,4,1,32,0.000,0.000,,,,,NVIDIA GeForce RTX 3090 (0),1,,7,"gemv_kernel_g128(const float4 *, const unsigned int *, const unsigned int *, const __half *, __half *, int, int)"
16759351723,74752,115054,1,1024,1,32,4,1,32,0.000,0.000,,,,,NVIDIA GeForce RTX 3090 (0),1,,7,"gemv_kernel_g128(const float4 *, const unsigned int *, const unsigned int *, const __half *, __half *, int, int)"
16759447467,66048,115060,1,2752,1,32,4,1,32,0.000,0.000,,,,,NVIDIA GeForce RTX 3090 (0),1,,7,"gemv_kernel_g128(const float4 *, const unsigned int *, const unsigned int *, const __half *, __half *, int, int)"
16759515339,66432,115062,1,2752,1,32,4,1,32,0.000,0.000,,,,,NVIDIA GeForce RTX 3090 (0),1,,7,"gemv_kernel_g128(const float4 *, const unsigned int *, const unsigned int *, const __half *, __half *, int, int)"
16759586507,39648,115066,1,1024,1,32,4,1,32,0.000,0.000,,,,,NVIDIA GeForce RTX 3090 (0),1,,7,"gemv_kernel_g128(const float4 *, const unsigned int *, const unsigned int *, const __half *, __half *, int, int)"
16759646763,90368,115072,1,3072,1,32,4,1,32,0.000,0.000,,,,,NVIDIA GeForce RTX 3090 (0),1,,7,"gemv_kernel_g128(const float4 *, const unsigned int *, const unsigned int *, const __half *, __half *, int, int)"
16761620106,73952,115220,1,1024,1,32,4,1,32,0.000,0.000,,,,,NVIDIA GeForce RTX 3090 (0),1,,7,"gemv_kernel_g128(const float4 *, const unsigned int *, const unsigned int *, const __half *, __half *, int, int)"
16761716330,65920,115226,1,2752,1,32,4,1,32,0.000,0.000,,,,,NVIDIA GeForce RTX 3090 (0),1,,7,"gemv_kernel_g128(const float4 *, const unsigned int *, const unsigned int *, const __half *, __half *, int, int)"
16761783722,64960,115228,1,2752,1,32,4,1,32,0.000,0.000,,,,,NVIDIA GeForce RTX 3090 (0),1,,7,"gemv_kernel_g128(const float4 *, const unsigned int *, const unsigned int *, const __half *, __half *, int, int)"
16761853866,38176,115232,1,1024,1,32,4,1,32,0.000,0.000,,,,,NVIDIA GeForce RTX 3090 (0),1,,7,"gemv_kernel_g128(const float4 *, const unsigned int *, const unsigned int *, const __half *, __half *, int, int)"
16761913098,89056,115238,1,3072,1,32,4,1,32,0.000,0.000,,,,,NVIDIA GeForce RTX 3090 (0),1,,7,"gemv_kernel_g128(const float4 *, const unsigned int *, const unsigned int *, const __half *, __half *, int, int)"
16763943914,75392,115386,1,1024,1,32,4,1,32,0.000,0.000,,,,,NVIDIA GeForce RTX 3090 (0),1,,7,"gemv_kernel_g128(const float4 *, const unsigned int *, const unsigned int *, const __half *, __half *, int, int)"
16764041354,65248,115392,1,2752,1,32,4,1,32,0.000,0.000,,,,,NVIDIA GeForce RTX 3090 (0),1,,7,"gemv_kernel_g128(const float4 *, const unsigned int *, const unsigned int *, const __half *, __half *, int, int)"
16764108042,65152,115394,1,2752,1,32,4,1,32,0.000,0.000,,,,,NVIDIA GeForce RTX 3090 (0),1,,7,"gemv_kernel_g128(const float4 *, const unsigned int *, const unsigned int *, const __half *, __half *, int, int)"
16764178346,37184,115398,1,1024,1,32,4,1,32,0.000,0.000,,,,,NVIDIA GeForce RTX 3090 (0),1,,7,"gemv_kernel_g128(const float4 *, const unsigned int *, const unsigned int *, const __half *, __half *, int, int)"
16764236010,91200,115404,1,3072,1,32,4,1,32,0.000,0.000,,,,,NVIDIA GeForce RTX 3090 (0),1,,7,"gemv_kernel_g128(const float4 *, const unsigned int *, const unsigned int *, const __half *, __half *, int, int)"
16766301577,72096,115552,1,1024,1,32,4,1,32,0.000,0.000,,,,,NVIDIA GeForce RTX 3090 (0),1,,7,"gemv_kernel_g128(const float4 *, const unsigned int *, const unsigned int *, const __half *, __half *, int, int)"
16766395753,66240,115558,1,2752,1,32,4,1,32,0.000,0.000,,,,,NVIDIA GeForce RTX 3090 (0),1,,7,"gemv_kernel_g128(const float4 *, const unsigned int *, const unsigned int *, const __half *, __half *, int, int)"
16766463465,66208,115560,1,2752,1,32,4,1,32,0.000,0.000,,,,,NVIDIA GeForce RTX 3090 (0),1,,7,"gemv_kernel_g128(const float4 *, const unsigned int *, const unsigned int *, const __half *, __half *, int, int)"
16766534281,40224,115564,1,1024,1,32,4,1,32,0.000,0.000,,,,,NVIDIA GeForce RTX 3090 (0),1,,7,"gemv_kernel_g128(const float4 *, const unsigned int *, const unsigned int *, const __half *, __half *, int, int)"
16766595625,88480,115570,1,3072,1,32,4,1,32,0.000,0.000,,,,,NVIDIA GeForce RTX 3090 (0),1,,7,"gemv_kernel_g128(const float4 *, const unsigned int *, const unsigned int *, const __half *, __half *, int, int)"
16768576617,71232,115718,1,1024,1,32,4,1,32,0.000,0.000,,,,,NVIDIA GeForce RTX 3090 (0),1,,7,"gemv_kernel_g128(const float4 *, const unsigned int *, const unsigned int *, const __half *, __half *, int, int)"
16768668681,65664,115724,1,2752,1,32,4,1,32,0.000,0.000,,,,,NVIDIA GeForce RTX 3090 (0),1,,7,"gemv_kernel_g128(const float4 *, const unsigned int *, const unsigned int *, const __half *, __half *, int, int)"
16768736201,66688,115726,1,2752,1,32,4,1,32,0.000,0.000,,,,,NVIDIA GeForce RTX 3090 (0),1,,7,"gemv_kernel_g128(const float4 *, const unsigned int *, const unsigned int *, const __half *, __half *, int, int)"
16768807721,39040,115730,1,1024,1,32,4,1,32,0.000,0.000,,,,,NVIDIA GeForce RTX 3090 (0),1,,7,"gemv_kernel_g128(const float4 *, const unsigned int *, const unsigned int *, const __half *, __half *, int, int)"
16768867657,90752,115736,1,3072,1,32,4,1,32,0.000,0.000,,,,,NVIDIA GeForce RTX 3090 (0),1,,7,"gemv_kernel_g128(const float4 *, const unsigned int *, const unsigned int *, const __half *, __half *, int, int)"
16770879592,74976,115884,1,1024,1,32,4,1,32,0.000,0.000,,,,,NVIDIA GeForce RTX 3090 (0),1,,7,"gemv_kernel_g128(const float4 *, const unsigned int *, const unsigned int *, const __half *, __half *, int, int)"
16770976904,65376,115890,1,2752,1,32,4,1,32,0.000,0.000,,,,,NVIDIA GeForce RTX 3090 (0),1,,7,"gemv_kernel_g128(const float4 *, const unsigned int *, const unsigned int *, const __half *, __half *, int, int)"
16771043752,64960,115892,1,2752,1,32,4,1,32,0.000,0.000,,,,,NVIDIA GeForce RTX 3090 (0),1,,7,"gemv_kernel_g128(const float4 *, const unsigned int *, const unsigned int *, const __half *, __half *, int, int)"
16771113864,37440,115896,1,1024,1,32,4,1,32,0.000,0.000,,,,,NVIDIA GeForce RTX 3090 (0),1,,7,"gemv_kernel_g128(const float4 *, const unsigned int *, const unsigned int *, const __half *, __half *, int, int)"
16771172776,88608,115902,1,3072,1,32,4,1,32,0.000,0.000,,,,,NVIDIA GeForce RTX 3090 (0),1,,7,"gemv_kernel_g128(const float4 *, const unsigned int *, const unsigned int *, const __half *, __half *, int, int)"
16773269928,72159,116050,1,1024,1,32,4,1,32,0.000,0.000,,,,,NVIDIA GeForce RTX 3090 (0),1,,7,"gemv_kernel_g128(const float4 *, const unsigned int *, const unsigned int *, const __half *, __half *, int, int)"
16773363815,69248,116056,1,2752,1,32,4,1,32,0.000,0.000,,,,,NVIDIA GeForce RTX 3090 (0),1,,7,"gemv_kernel_g128(const float4 *, const unsigned int *, const unsigned int *, const __half *, __half *, int, int)"
16773434503,69088,116058,1,2752,1,32,4,1,32,0.000,0.000,,,,,NVIDIA GeForce RTX 3090 (0),1,,7,"gemv_kernel_g128(const float4 *, const unsigned int *, const unsigned int *, const __half *, __half *, int, int)"
16773508679,275136,116062,1,1024,1,32,4,1,32,0.000,0.000,,,,,NVIDIA GeForce RTX 3090 (0),1,,7,"gemv_kernel_g128(const float4 *, const unsigned int *, const unsigned int *, const __half *, __half *, int, int)"
16773804647,92832,116068,1,3072,1,32,4,1,32,0.000,0.000,,,,,NVIDIA GeForce RTX 3090 (0),1,,7,"gemv_kernel_g128(const float4 *, const unsigned int *, const unsigned int *, const __half *, __half *, int, int)"
16775794855,72320,116216,1,1024,1,32,4,1,32,0.000,0.000,,,,,NVIDIA GeForce RTX 3090 (0),1,,7,"gemv_kernel_g128(const float4 *, const unsigned int *, const unsigned int *, const __half *, __half *, int, int)"
16775889895,64640,116222,1,2752,1,32,4,1,32,0.000,0.000,,,,,NVIDIA GeForce RTX 3090 (0),1,,7,"gemv_kernel_g128(const float4 *, const unsigned int *, const unsigned int *, const __half *, __half *, int, int)"
16775956007,67264,116224,1,2752,1,32,4,1,32,0.000,0.000,,,,,NVIDIA GeForce RTX 3090 (0),1,,7,"gemv_kernel_g128(const float4 *, const unsigned int *, const unsigned int *, const __half *, __half *, int, int)"
16776028103,37696,116228,1,1024,1,32,4,1,32,0.000,0.000,,,,,NVIDIA GeForce RTX 3090 (0),1,,7,"gemv_kernel_g128(const float4 *, const unsigned int *, const unsigned int *, const __half *, __half *, int, int)"
16776086855,86592,116234,1,3072,1,32,4,1,32,0.000,0.000,,,,,NVIDIA GeForce RTX 3090 (0),1,,7,"gemv_kernel_g128(const float4 *, const unsigned int *, const unsigned int *, const __half *, __half *, int, int)"
16778034470,70048,116382,1,1024,1,32,4,1,32,0.000,0.000,,,,,NVIDIA GeForce RTX 3090 (0),1,,7,"gemv_kernel_g128(const float4 *, const unsigned int *, const unsigned int *, const __half *, __half *, int, int)"
16778125414,65728,116388,1,2752,1,32,4,1,32,0.000,0.000,,,,,NVIDIA GeForce RTX 3090 (0),1,,7,"gemv_kernel_g128(const float4 *, const unsigned int *, const unsigned int *, const __half *, __half *, int, int)"
16778193062,66400,116390,1,2752,1,32,4,1,32,0.000,0.000,,,,,NVIDIA GeForce RTX 3090 (0),1,,7,"gemv_kernel_g128(const float4 *, const unsigned int *, const unsigned int *, const __half *, __half *, int, int)"
16778264070,37216,116394,1,1024,1,32,4,1,32,0.000,0.000,,,,,NVIDIA GeForce RTX 3090 (0),1,,7,"gemv_kernel_g128(const float4 *, const unsigned int *, const unsigned int *, const __half *, __half *, int, int)"
16778322406,84160,116400,1,3072,1,32,4,1,32,0.000,0.000,,,,,NVIDIA GeForce RTX 3090 (0),1,,7,"gemv_kernel_g128(const float4 *, const unsigned int *, const unsigned int *, const __half *, __half *, int, int)"
16780833286,82176,116548,1,1024,1,32,4,1,32,0.000,0.000,,,,,NVIDIA GeForce RTX 3090 (0),1,,7,"gemv_kernel_g128(const float4 *, const unsigned int *, const unsigned int *, const __half *, __half *, int, int)"
16780937734,68512,116554,1,2752,1,32,4,1,32,0.000,0.000,,,,,NVIDIA GeForce RTX 3090 (0),1,,7,"gemv_kernel_g128(const float4 *, const unsigned int *, const unsigned int *, const __half *, __half *, int, int)"
16781007622,74272,116556,1,2752,1,32,4,1,32,0.000,0.000,,,,,NVIDIA GeForce RTX 3090 (0),1,,7,"gemv_kernel_g128(const float4 *, const unsigned int *, const unsigned int *, const __half *, __half *, int, int)"
16781087110,38464,116560,1,1024,1,32,4,1,32,0.000,0.000,,,,,NVIDIA GeForce RTX 3090 (0),1,,7,"gemv_kernel_g128(const float4 *, const unsigned int *, const unsigned int *, const __half *, __half *, int, int)"
16781147302,100384,116566,1,3072,1,32,4,1,32,0.000,0.000,,,,,NVIDIA GeForce RTX 3090 (0),1,,7,"gemv_kernel_g128(const float4 *, const unsigned int *, const unsigned int *, const __half *, __half *, int, int)"
16783425541,75744,116714,1,1024,1,32,4,1,32,0.000,0.000,,,,,NVIDIA GeForce RTX 3090 (0),1,,7,"gemv_kernel_g128(const float4 *, const unsigned int *, const unsigned int *, const __half *, __half *, int, int)"
16783523525,68512,116720,1,2752,1,32,4,1,32,0.000,0.000,,,,,NVIDIA GeForce RTX 3090 (0),1,,7,"gemv_kernel_g128(const float4 *, const unsigned int *, const unsigned int *, const __half *, __half *, int, int)"
16783593445,68768,116722,1,2752,1,32,4,1,32,0.000,0.000,,,,,NVIDIA GeForce RTX 3090 (0),1,,7,"gemv_kernel_g128(const float4 *, const unsigned int *, const unsigned int *, const __half *, __half *, int, int)"
16783667237,38624,116726,1,1024,1,32,4,1,32,0.000,0.000,,,,,NVIDIA GeForce RTX 3090 (0),1,,7,"gemv_kernel_g128(const float4 *, const unsigned int *, const unsigned int *, const __half *, __half *, int, int)"
16783726149,89888,116732,1,3072,1,32,4,1,32,0.000,0.000,,,,,NVIDIA GeForce RTX 3090 (0),1,,7,"gemv_kernel_g128(const float4 *, const unsigned int *, const unsigned int *, const __half *, __half *, int, int)"
16785829028,70496,116880,1,1024,1,32,4,1,32,0.000,0.000,,,,,NVIDIA GeForce RTX 3090 (0),1,,7,"gemv_kernel_g128(const float4 *, const unsigned int *, const unsigned int *, const __half *, __half *, int, int)"
16785921188,66304,116886,1,2752,1,32,4,1,32,0.000,0.000,,,,,NVIDIA GeForce RTX 3090 (0),1,,7,"gemv_kernel_g128(const float4 *, const unsigned int *, const unsigned int *, const __half *, __half *, int, int)"
16785988964,64064,116888,1,2752,1,32,4,1,32,0.000,0.000,,,,,NVIDIA GeForce RTX 3090 (0),1,,7,"gemv_kernel_g128(const float4 *, const unsigned int *, const unsigned int *, const __half *, __half *, int, int)"
16786057668,37920,116892,1,1024,1,32,4,1,32,0.000,0.000,,,,,NVIDIA GeForce RTX 3090 (0),1,,7,"gemv_kernel_g128(const float4 *, const unsigned int *, const unsigned int *, const __half *, __half *, int, int)"
16786121316,90080,116898,1,3072,1,32,4,1,32,0.000,0.000,,,,,NVIDIA GeForce RTX 3090 (0),1,,7,"gemv_kernel_g128(const float4 *, const unsigned int *, const unsigned int *, const __half *, __half *, int, int)"
16788227300,77024,117046,1,1024,1,32,4,1,32,0.000,0.000,,,,,NVIDIA GeForce RTX 3090 (0),1,,7,"gemv_kernel_g128(const float4 *, const unsigned int *, const unsigned int *, const __half *, __half *, int, int)"
16788325732,66240,117052,1,2752,1,32,4,1,32,0.000,0.000,,,,,NVIDIA GeForce RTX 3090 (0),1,,7,"gemv_kernel_g128(const float4 *, const unsigned int *, const unsigned int *, const __half *, __half *, int, int)"
16788393892,65472,117054,1,2752,1,32,4,1,32,0.000,0.000,,,,,NVIDIA GeForce RTX 3090 (0),1,,7,"gemv_kernel_g128(const float4 *, const unsigned int *, const unsigned int *, const __half *, __half *, int, int)"
16788463972,36256,117058,1,1024,1,32,4,1,32,0.000,0.000,,,,,NVIDIA GeForce RTX 3090 (0),1,,7,"gemv_kernel_g128(const float4 *, const unsigned int *, const unsigned int *, const __half *, __half *, int, int)"
16788521572,92896,117064,1,3072,1,32,4,1,32,0.000,0.000,,,,,NVIDIA GeForce RTX 3090 (0),1,,7,"gemv_kernel_g128(const float4 *, const unsigned int *, const unsigned int *, const __half *, __half *, int, int)"
16790747363,71616,117212,1,1024,1,32,4,1,32,0.000,0.000,,,,,NVIDIA GeForce RTX 3090 (0),1,,7,"gemv_kernel_g128(const float4 *, const unsigned int *, const unsigned int *, const __half *, __half *, int, int)"
16790840835,65568,117218,1,2752,1,32,4,1,32,0.000,0.000,,,,,NVIDIA GeForce RTX 3090 (0),1,,7,"gemv_kernel_g128(const float4 *, const unsigned int *, const unsigned int *, const __half *, __half *, int, int)"
16790907907,65920,117220,1,2752,1,32,4,1,32,0.000,0.000,,,,,NVIDIA GeForce RTX 3090 (0),1,,7,"gemv_kernel_g128(const float4 *, const unsigned int *, const unsigned int *, const __half *, __half *, int, int)"
16790979043,37536,117224,1,1024,1,32,4,1,32,0.000,0.000,,,,,NVIDIA GeForce RTX 3090 (0),1,,7,"gemv_kernel_g128(const float4 *, const unsigned int *, const unsigned int *, const __half *, __half *, int, int)"
16791037507,94336,117230,1,3072,1,32,4,1,32,0.000,0.000,,,,,NVIDIA GeForce RTX 3090 (0),1,,7,"gemv_kernel_g128(const float4 *, const unsigned int *, const unsigned int *, const __half *, __half *, int, int)"
16793168451,73408,117378,1,1024,1,32,4,1,32,0.000,0.000,,,,,NVIDIA GeForce RTX 3090 (0),1,,7,"gemv_kernel_g128(const float4 *, const unsigned int *, const unsigned int *, const __half *, __half *, int, int)"
16793263459,65856,117384,1,2752,1,32,4,1,32,0.000,0.000,,,,,NVIDIA GeForce RTX 3090 (0),1,,7,"gemv_kernel_g128(const float4 *, const unsigned int *, const unsigned int *, const __half *, __half *, int, int)"
16793330787,67232,117386,1,2752,1,32,4,1,32,0.000,0.000,,,,,NVIDIA GeForce RTX 3090 (0),1,,7,"gemv_kernel_g128(const float4 *, const unsigned int *, const unsigned int *, const __half *, __half *, int, int)"
16793403171,40096,117390,1,1024,1,32,4,1,32,0.000,0.000,,,,,NVIDIA GeForce RTX 3090 (0),1,,7,"gemv_kernel_g128(const float4 *, const unsigned int *, const unsigned int *, const __half *, __half *, int, int)"
16793463971,92736,117396,1,3072,1,32,4,1,32,0.000,0.000,,,,,NVIDIA GeForce RTX 3090 (0),1,,7,"gemv_kernel_g128(const float4 *, const unsigned int *, const unsigned int *, const __half *, __half *, int, int)"
16796248322,92480,117544,1,1024,1,32,4,1,32,0.000,0.000,,,,,NVIDIA GeForce RTX 3090 (0),1,,7,"gemv_kernel_g128(const float4 *, const unsigned int *, const unsigned int *, const __half *, __half *, int, int)"
16796362978,75392,117550,1,2752,1,32,4,1,32,0.000,0.000,,,,,NVIDIA GeForce RTX 3090 (0),1,,7,"gemv_kernel_g128(const float4 *, const unsigned int *, const unsigned int *, const __half *, __half *, int, int)"
16796439874,77920,117552,1,2752,1,32,4,1,32,0.000,0.000,,,,,NVIDIA GeForce RTX 3090 (0),1,,7,"gemv_kernel_g128(const float4 *, const unsigned int *, const unsigned int *, const __half *, __half *, int, int)"
16796522626,38720,117556,1,1024,1,32,4,1,32,0.000,0.000,,,,,NVIDIA GeForce RTX 3090 (0),1,,7,"gemv_kernel_g128(const float4 *, const unsigned int *, const unsigned int *, const __half *, __half *, int, int)"
16796583170,99584,117562,1,3072,1,32,4,1,32,0.000,0.000,,,,,NVIDIA GeForce RTX 3090 (0),1,,7,"gemv_kernel_g128(const float4 *, const unsigned int *, const unsigned int *, const __half *, __half *, int, int)"
16799147521,75072,117710,1,1024,1,32,4,1,32,0.000,0.000,,,,,NVIDIA GeForce RTX 3090 (0),1,,7,"gemv_kernel_g128(const float4 *, const unsigned int *, const unsigned int *, const __half *, __half *, int, int)"
16799243425,65408,117716,1,2752,1,32,4,1,32,0.000,0.000,,,,,NVIDIA GeForce RTX 3090 (0),1,,7,"gemv_kernel_g128(const float4 *, const unsigned int *, const unsigned int *, const __half *, __half *, int, int)"
16799310721,65024,117718,1,2752,1,32,4,1,32,0.000,0.000,,,,,NVIDIA GeForce RTX 3090 (0),1,,7,"gemv_kernel_g128(const float4 *, const unsigned int *, const unsigned int *, const __half *, __half *, int, int)"
16799380481,38560,117722,1,1024,1,32,4,1,32,0.000,0.000,,,,,NVIDIA GeForce RTX 3090 (0),1,,7,"gemv_kernel_g128(const float4 *, const unsigned int *, const unsigned int *, const __half *, __half *, int, int)"
16799440641,91840,117728,1,3072,1,32,4,1,32,0.000,0.000,,,,,NVIDIA GeForce RTX 3090 (0),1,,7,"gemv_kernel_g128(const float4 *, const unsigned int *, const unsigned int *, const __half *, __half *, int, int)"
16801634113,76800,117876,1,1024,1,32,4,1,32,0.000,0.000,,,,,NVIDIA GeForce RTX 3090 (0),1,,7,"gemv_kernel_g128(const float4 *, const unsigned int *, const unsigned int *, const __half *, __half *, int, int)"
16801733761,66688,117882,1,2752,1,32,4,1,32,0.000,0.000,,,,,NVIDIA GeForce RTX 3090 (0),1,,7,"gemv_kernel_g128(const float4 *, const unsigned int *, const unsigned int *, const __half *, __half *, int, int)"
16801801985,67008,117884,1,2752,1,32,4,1,32,0.000,0.000,,,,,NVIDIA GeForce RTX 3090 (0),1,,7,"gemv_kernel_g128(const float4 *, const unsigned int *, const unsigned int *, const __half *, __half *, int, int)"
16801878496,37632,117888,1,1024,1,32,4,1,32,0.000,0.000,,,,,NVIDIA GeForce RTX 3090 (0),1,,7,"gemv_kernel_g128(const float4 *, const unsigned int *, const unsigned int *, const __half *, __half *, int, int)"
16801937888,91904,117894,1,3072,1,32,4,1,32,0.000,0.000,,,,,NVIDIA GeForce RTX 3090 (0),1,,7,"gemv_kernel_g128(const float4 *, const unsigned int *, const unsigned int *, const __half *, __half *, int, int)"
16804200352,71808,118042,1,1024,1,32,4,1,32,0.000,0.000,,,,,NVIDIA GeForce RTX 3090 (0),1,,7,"gemv_kernel_g128(const float4 *, const unsigned int *, const unsigned int *, const __half *, __half *, int, int)"
16804293376,65312,118048,1,2752,1,32,4,1,32,0.000,0.000,,,,,NVIDIA GeForce RTX 3090 (0),1,,7,"gemv_kernel_g128(const float4 *, const unsigned int *, const unsigned int *, const __half *, __half *, int, int)"
16804360064,65568,118050,1,2752,1,32,4,1,32,0.000,0.000,,,,,NVIDIA GeForce RTX 3090 (0),1,,7,"gemv_kernel_g128(const float4 *, const unsigned int *, const unsigned int *, const __half *, __half *, int, int)"
16804430784,39168,118054,1,1024,1,32,4,1,32,0.000,0.000,,,,,NVIDIA GeForce RTX 3090 (0),1,,7,"gemv_kernel_g128(const float4 *, const unsigned int *, const unsigned int *, const __half *, __half *, int, int)"
16804496512,92832,118060,1,3072,1,32,4,1,32,0.000,0.000,,,,,NVIDIA GeForce RTX 3090 (0),1,,7,"gemv_kernel_g128(const float4 *, const unsigned int *, const unsigned int *, const __half *, __half *, int, int)"
16806649567,72672,118208,1,1024,1,32,4,1,32,0.000,0.000,,,,,NVIDIA GeForce RTX 3090 (0),1,,7,"gemv_kernel_g128(const float4 *, const unsigned int *, const unsigned int *, const __half *, __half *, int, int)"
16806744223,65120,118214,1,2752,1,32,4,1,32,0.000,0.000,,,,,NVIDIA GeForce RTX 3090 (0),1,,7,"gemv_kernel_g128(const float4 *, const unsigned int *, const unsigned int *, const __half *, __half *, int, int)"
16806810847,65504,118216,1,2752,1,32,4,1,32,0.000,0.000,,,,,NVIDIA GeForce RTX 3090 (0),1,,7,"gemv_kernel_g128(const float4 *, const unsigned int *, const unsigned int *, const __half *, __half *, int, int)"
16806881151,37056,118220,1,1024,1,32,4,1,32,0.000,0.000,,,,,NVIDIA GeForce RTX 3090 (0),1,,7,"gemv_kernel_g128(const float4 *, const unsigned int *, const unsigned int *, const __half *, __half *, int, int)"
16806939071,94816,118226,1,3072,1,32,4,1,32,0.000,0.000,,,,,NVIDIA GeForce RTX 3090 (0),1,,7,"gemv_kernel_g128(const float4 *, const unsigned int *, const unsigned int *, const __half *, __half *, int, int)"
16808997727,78848,118374,1,1024,1,32,4,1,32,0.000,0.000,,,,,NVIDIA GeForce RTX 3090 (0),1,,7,"gemv_kernel_g128(const float4 *, const unsigned int *, const unsigned int *, const __half *, __half *, int, int)"
16809097503,65952,118380,1,2752,1,32,4,1,32,0.000,0.000,,,,,NVIDIA GeForce RTX 3090 (0),1,,7,"gemv_kernel_g128(const float4 *, const unsigned int *, const unsigned int *, const __half *, __half *, int, int)"
16809165343,66720,118382,1,2752,1,32,4,1,32,0.000,0.000,,,,,NVIDIA GeForce RTX 3090 (0),1,,7,"gemv_kernel_g128(const float4 *, const unsigned int *, const unsigned int *, const __half *, __half *, int, int)"
16809236767,38560,118386,1,1024,1,32,4,1,32,0.000,0.000,,,,,NVIDIA GeForce RTX 3090 (0),1,,7,"gemv_kernel_g128(const float4 *, const unsigned int *, const unsigned int *, const __half *, __half *, int, int)"
16809296799,93504,118392,1,3072,1,32,4,1,32,0.000,0.000,,,,,NVIDIA GeForce RTX 3090 (0),1,,7,"gemv_kernel_g128(const float4 *, const unsigned int *, const unsigned int *, const __half *, __half *, int, int)"
16812069022,71744,118540,1,1024,1,32,4,1,32,0.000,0.000,,,,,NVIDIA GeForce RTX 3090 (0),1,,7,"gemv_kernel_g128(const float4 *, const unsigned int *, const unsigned int *, const __half *, __half *, int, int)"
16812163038,67328,118546,1,2752,1,32,4,1,32,0.000,0.000,,,,,NVIDIA GeForce RTX 3090 (0),1,,7,"gemv_kernel_g128(const float4 *, const unsigned int *, const unsigned int *, const __half *, __half *, int, int)"
16812231806,65376,118548,1,2752,1,32,4,1,32,0.000,0.000,,,,,NVIDIA GeForce RTX 3090 (0),1,,7,"gemv_kernel_g128(const float4 *, const unsigned int *, const unsigned int *, const __half *, __half *, int, int)"
16812302334,37920,118552,1,1024,1,32,4,1,32,0.000,0.000,,,,,NVIDIA GeForce RTX 3090 (0),1,,7,"gemv_kernel_g128(const float4 *, const unsigned int *, const unsigned int *, const __half *, __half *, int, int)"
16812361950,94784,118558,1,3072,1,32,4,1,32,0.000,0.000,,,,,NVIDIA GeForce RTX 3090 (0),1,,7,"gemv_kernel_g128(const float4 *, const unsigned int *, const unsigned int *, const __half *, __half *, int, int)"
16814914045,83968,118706,1,1024,1,32,4,1,32,0.000,0.000,,,,,NVIDIA GeForce RTX 3090 (0),1,,7,"gemv_kernel_g128(const float4 *, const unsigned int *, const unsigned int *, const __half *, __half *, int, int)"
16815027069,80704,118712,1,2752,1,32,4,1,32,0.000,0.000,,,,,NVIDIA GeForce RTX 3090 (0),1,,7,"gemv_kernel_g128(const float4 *, const unsigned int *, const unsigned int *, const __half *, __half *, int, int)"
16815109309,74944,118714,1,2752,1,32,4,1,32,0.000,0.000,,,,,NVIDIA GeForce RTX 3090 (0),1,,7,"gemv_kernel_g128(const float4 *, const unsigned int *, const unsigned int *, const __half *, __half *, int, int)"
16815189373,40032,118718,1,1024,1,32,4,1,32,0.000,0.000,,,,,NVIDIA GeForce RTX 3090 (0),1,,7,"gemv_kernel_g128(const float4 *, const unsigned int *, const unsigned int *, const __half *, __half *, int, int)"
16815250781,102688,118724,1,3072,1,32,4,1,32,0.000,0.000,,,,,NVIDIA GeForce RTX 3090 (0),1,,7,"gemv_kernel_g128(const float4 *, const unsigned int *, const unsigned int *, const __half *, __half *, int, int)"
16818035741,78944,118872,1,1024,1,32,4,1,32,0.000,0.000,,,,,NVIDIA GeForce RTX 3090 (0),1,,7,"gemv_kernel_g128(const float4 *, const unsigned int *, const unsigned int *, const __half *, __half *, int, int)"
16818137341,66847,118878,1,2752,1,32,4,1,32,0.000,0.000,,,,,NVIDIA GeForce RTX 3090 (0),1,,7,"gemv_kernel_g128(const float4 *, const unsigned int *, const unsigned int *, const __half *, __half *, int, int)"
16818205564,65536,118880,1,2752,1,32,4,1,32,0.000,0.000,,,,,NVIDIA GeForce RTX 3090 (0),1,,7,"gemv_kernel_g128(const float4 *, const unsigned int *, const unsigned int *, const __half *, __half *, int, int)"
16818275900,37216,118884,1,1024,1,32,4,1,32,0.000,0.000,,,,,NVIDIA GeForce RTX 3090 (0),1,,7,"gemv_kernel_g128(const float4 *, const unsigned int *, const unsigned int *, const __half *, __half *, int, int)"
16818334332,91200,118890,1,3072,1,32,4,1,32,0.000,0.000,,,,,NVIDIA GeForce RTX 3090 (0),1,,7,"gemv_kernel_g128(const float4 *, const unsigned int *, const unsigned int *, const __half *, __half *, int, int)"
16820624540,77184,119038,1,1024,1,32,4,1,32,0.000,0.000,,,,,NVIDIA GeForce RTX 3090 (0),1,,7,"gemv_kernel_g128(const float4 *, const unsigned int *, const unsigned int *, const __half *, __half *, int, int)"
16820723452,67104,119044,1,2752,1,32,4,1,32,0.000,0.000,,,,,NVIDIA GeForce RTX 3090 (0),1,,7,"gemv_kernel_g128(const float4 *, const unsigned int *, const unsigned int *, const __half *, __half *, int, int)"
16820792508,73600,119046,1,2752,1,32,4,1,32,0.000,0.000,,,,,NVIDIA GeForce RTX 3090 (0),1,,7,"gemv_kernel_g128(const float4 *, const unsigned int *, const unsigned int *, const __half *, __half *, int, int)"
16820870716,37184,119050,1,1024,1,32,4,1,32,0.000,0.000,,,,,NVIDIA GeForce RTX 3090 (0),1,,7,"gemv_kernel_g128(const float4 *, const unsigned int *, const unsigned int *, const __half *, __half *, int, int)"
16820929820,95744,119056,1,3072,1,32,4,1,32,0.000,0.000,,,,,NVIDIA GeForce RTX 3090 (0),1,,7,"gemv_kernel_g128(const float4 *, const unsigned int *, const unsigned int *, const __half *, __half *, int, int)"
16823132763,75936,119204,1,1024,1,32,4,1,32,0.000,0.000,,,,,NVIDIA GeForce RTX 3090 (0),1,,7,"gemv_kernel_g128(const float4 *, const unsigned int *, const unsigned int *, const __half *, __half *, int, int)"
16823231067,74432,119210,1,2752,1,32,4,1,32,0.000,0.000,,,,,NVIDIA GeForce RTX 3090 (0),1,,7,"gemv_kernel_g128(const float4 *, const unsigned int *, const unsigned int *, const __half *, __half *, int, int)"
16823306907,71584,119212,1,2752,1,32,4,1,32,0.000,0.000,,,,,NVIDIA GeForce RTX 3090 (0),1,,7,"gemv_kernel_g128(const float4 *, const unsigned int *, const unsigned int *, const __half *, __half *, int, int)"
16823383995,38208,119216,1,1024,1,32,4,1,32,0.000,0.000,,,,,NVIDIA GeForce RTX 3090 (0),1,,7,"gemv_kernel_g128(const float4 *, const unsigned int *, const unsigned int *, const __half *, __half *, int, int)"
16823444539,96544,119222,1,3072,1,32,4,1,32,0.000,0.000,,,,,NVIDIA GeForce RTX 3090 (0),1,,7,"gemv_kernel_g128(const float4 *, const unsigned int *, const unsigned int *, const __half *, __half *, int, int)"
16826042715,89984,119370,1,1024,1,32,4,1,32,0.000,0.000,,,,,NVIDIA GeForce RTX 3090 (0),1,,7,"gemv_kernel_g128(const float4 *, const unsigned int *, const unsigned int *, const __half *, __half *, int, int)"
16826155483,82176,119376,1,2752,1,32,4,1,32,0.000,0.000,,,,,NVIDIA GeForce RTX 3090 (0),1,,7,"gemv_kernel_g128(const float4 *, const unsigned int *, const unsigned int *, const __half *, __half *, int, int)"
16826239035,85152,119378,1,2752,1,32,4,1,32,0.000,0.000,,,,,NVIDIA GeForce RTX 3090 (0),1,,7,"gemv_kernel_g128(const float4 *, const unsigned int *, const unsigned int *, const __half *, __half *, int, int)"
16826329467,37183,119382,1,1024,1,32,4,1,32,0.000,0.000,,,,,NVIDIA GeForce RTX 3090 (0),1,,7,"gemv_kernel_g128(const float4 *, const unsigned int *, const unsigned int *, const __half *, __half *, int, int)"
16826388794,111776,119388,1,3072,1,32,4,1,32,0.000,0.000,,,,,NVIDIA GeForce RTX 3090 (0),1,,7,"gemv_kernel_g128(const float4 *, const unsigned int *, const unsigned int *, const __half *, __half *, int, int)"
16829088026,84736,119536,1,1024,1,32,4,1,32,0.000,0.000,,,,,NVIDIA GeForce RTX 3090 (0),1,,7,"gemv_kernel_g128(const float4 *, const unsigned int *, const unsigned int *, const __half *, __half *, int, int)"
16829195450,73984,119542,1,2752,1,32,4,1,32,0.000,0.000,,,,,NVIDIA GeForce RTX 3090 (0),1,,7,"gemv_kernel_g128(const float4 *, const unsigned int *, const unsigned int *, const __half *, __half *, int, int)"
16829270938,75776,119544,1,2752,1,32,4,1,32,0.000,0.000,,,,,NVIDIA GeForce RTX 3090 (0),1,,7,"gemv_kernel_g128(const float4 *, const unsigned int *, const unsigned int *, const __half *, __half *, int, int)"
16829351514,37184,119548,1,1024,1,32,4,1,32,0.000,0.000,,,,,NVIDIA GeForce RTX 3090 (0),1,,7,"gemv_kernel_g128(const float4 *, const unsigned int *, const unsigned int *, const __half *, __half *, int, int)"
16829409786,99072,119554,1,3072,1,32,4,1,32,0.000,0.000,,,,,NVIDIA GeForce RTX 3090 (0),1,,7,"gemv_kernel_g128(const float4 *, const unsigned int *, const unsigned int *, const __half *, __half *, int, int)"
16831789657,77888,119702,1,1024,1,32,4,1,32,0.000,0.000,,,,,NVIDIA GeForce RTX 3090 (0),1,,7,"gemv_kernel_g128(const float4 *, const unsigned int *, const unsigned int *, const __half *, __half *, int, int)"
16831888921,65120,119708,1,2752,1,32,4,1,32,0.000,0.000,,,,,NVIDIA GeForce RTX 3090 (0),1,,7,"gemv_kernel_g128(const float4 *, const unsigned int *, const unsigned int *, const __half *, __half *, int, int)"
16831955961,67392,119710,1,2752,1,32,4,1,32,0.000,0.000,,,,,NVIDIA GeForce RTX 3090 (0),1,,7,"gemv_kernel_g128(const float4 *, const unsigned int *, const unsigned int *, const __half *, __half *, int, int)"
16832027961,38528,119714,1,1024,1,32,4,1,32,0.000,0.000,,,,,NVIDIA GeForce RTX 3090 (0),1,,7,"gemv_kernel_g128(const float4 *, const unsigned int *, const unsigned int *, const __half *, __half *, int, int)"
16832087609,141504,119720,1,8000,1,32,4,1,32,0.000,0.000,,,,,NVIDIA GeForce RTX 3090 (0),1,,7,"gemv_kernel_g128(const float4 *, const unsigned int *, const unsigned int *, const __half *, __half *, int, int)"
16862577938,106816,119734,1,3072,1,32,4,1,32,0.000,0.000,,,,,NVIDIA GeForce RTX 3090 (0),1,,7,"gemv_kernel_g128(const float4 *, const unsigned int *, const unsigned int *, const __half *, __half *, int, int)"
16865437297,80032,119882,1,1024,1,32,4,1,32,0.000,0.000,,,,,NVIDIA GeForce RTX 3090 (0),1,,7,"gemv_kernel_g128(const float4 *, const unsigned int *, const unsigned int *, const __half *, __half *, int, int)"
16865539057,66432,119888,1,2752,1,32,4,1,32,0.000,0.000,,,,,NVIDIA GeForce RTX 3090 (0),1,,7,"gemv_kernel_g128(const float4 *, const unsigned int *, const unsigned int *, const __half *, __half *, int, int)"
16865607409,65408,119890,1,2752,1,32,4,1,32,0.000,0.000,,,,,NVIDIA GeForce RTX 3090 (0),1,,7,"gemv_kernel_g128(const float4 *, const unsigned int *, const unsigned int *, const __half *, __half *, int, int)"
16865677393,38432,119894,1,1024,1,32,4,1,32,0.000,0.000,,,,,NVIDIA GeForce RTX 3090 (0),1,,7,"gemv_kernel_g128(const float4 *, const unsigned int *, const unsigned int *, const __half *, __half *, int, int)"
16865737201,90912,119900,1,3072,1,32,4,1,32,0.000,0.000,,,,,NVIDIA GeForce RTX 3090 (0),1,,7,"gemv_kernel_g128(const float4 *, const unsigned int *, const unsigned int *, const __half *, __half *, int, int)"
16867933328,71616,120048,1,1024,1,32,4,1,32,0.000,0.000,,,,,NVIDIA GeForce RTX 3090 (0),1,,7,"gemv_kernel_g128(const float4 *, const unsigned int *, const unsigned int *, const __half *, __half *, int, int)"
16868026480,65152,120054,1,2752,1,32,4,1,32,0.000,0.000,,,,,NVIDIA GeForce RTX 3090 (0),1,,7,"gemv_kernel_g128(const float4 *, const unsigned int *, const unsigned int *, const __half *, __half *, int, int)"
16868093136,69472,120056,1,2752,1,32,4,1,32,0.000,0.000,,,,,NVIDIA GeForce RTX 3090 (0),1,,7,"gemv_kernel_g128(const float4 *, const unsigned int *, const unsigned int *, const __half *, __half *, int, int)"
16868167760,37920,120060,1,1024,1,32,4,1,32,0.000,0.000,,,,,NVIDIA GeForce RTX 3090 (0),1,,7,"gemv_kernel_g128(const float4 *, const unsigned int *, const unsigned int *, const __half *, __half *, int, int)"
16868227824,95136,120066,1,3072,1,32,4,1,32,0.000,0.000,,,,,NVIDIA GeForce RTX 3090 (0),1,,7,"gemv_kernel_g128(const float4 *, const unsigned int *, const unsigned int *, const __half *, __half *, int, int)"
16870353712,72416,120214,1,1024,1,32,4,1,32,0.000,0.000,,,,,NVIDIA GeForce RTX 3090 (0),1,,7,"gemv_kernel_g128(const float4 *, const unsigned int *, const unsigned int *, const __half *, __half *, int, int)"
16870447920,65824,120220,1,2752,1,32,4,1,32,0.000,0.000,,,,,NVIDIA GeForce RTX 3090 (0),1,,7,"gemv_kernel_g128(const float4 *, const unsigned int *, const unsigned int *, const __half *, __half *, int, int)"
16870515184,68160,120222,1,2752,1,32,4,1,32,0.000,0.000,,,,,NVIDIA GeForce RTX 3090 (0),1,,7,"gemv_kernel_g128(const float4 *, const unsigned int *, const unsigned int *, const __half *, __half *, int, int)"
16870588432,38304,120226,1,1024,1,32,4,1,32,0.000,0.000,,,,,NVIDIA GeForce RTX 3090 (0),1,,7,"gemv_kernel_g128(const float4 *, const unsigned int *, const unsigned int *, const __half *, __half *, int, int)"
16870647056,86784,120232,1,3072,1,32,4,1,32,0.000,0.000,,,,,NVIDIA GeForce RTX 3090 (0),1,,7,"gemv_kernel_g128(const float4 *, const unsigned int *, const unsigned int *, const __half *, __half *, int, int)"
16872958831,75136,120380,1,1024,1,32,4,1,32,0.000,0.000,,,,,NVIDIA GeForce RTX 3090 (0),1,,7,"gemv_kernel_g128(const float4 *, const unsigned int *, const unsigned int *, const __half *, __half *, int, int)"
16873055503,66336,120386,1,2752,1,32,4,1,32,0.000,0.000,,,,,NVIDIA GeForce RTX 3090 (0),1,,7,"gemv_kernel_g128(const float4 *, const unsigned int *, const unsigned int *, const __half *, __half *, int, int)"
16873123343,69376,120388,1,2752,1,32,4,1,32,0.000,0.000,,,,,NVIDIA GeForce RTX 3090 (0),1,,7,"gemv_kernel_g128(const float4 *, const unsigned int *, const unsigned int *, const __half *, __half *, int, int)"
16873197327,38240,120392,1,1024,1,32,4,1,32,0.000,0.000,,,,,NVIDIA GeForce RTX 3090 (0),1,,7,"gemv_kernel_g128(const float4 *, const unsigned int *, const unsigned int *, const __half *, __half *, int, int)"
16873256527,88064,120398,1,3072,1,32,4,1,32,0.000,0.000,,,,,NVIDIA GeForce RTX 3090 (0),1,,7,"gemv_kernel_g128(const float4 *, const unsigned int *, const unsigned int *, const __half *, __half *, int, int)"
16875301486,72416,120546,1,1024,1,32,4,1,32,0.000,0.000,,,,,NVIDIA GeForce RTX 3090 (0),1,,7,"gemv_kernel_g128(const float4 *, const unsigned int *, const unsigned int *, const __half *, __half *, int, int)"
16875394798,65728,120552,1,2752,1,32,4,1,32,0.000,0.000,,,,,NVIDIA GeForce RTX 3090 (0),1,,7,"gemv_kernel_g128(const float4 *, const unsigned int *, const unsigned int *, const __half *, __half *, int, int)"
16875462382,66048,120554,1,2752,1,32,4,1,32,0.000,0.000,,,,,NVIDIA GeForce RTX 3090 (0),1,,7,"gemv_kernel_g128(const float4 *, const unsigned int *, const unsigned int *, const __half *, __half *, int, int)"
16875533102,39456,120558,1,1024,1,32,4,1,32,0.000,0.000,,,,,NVIDIA GeForce RTX 3090 (0),1,,7,"gemv_kernel_g128(const float4 *, const unsigned int *, const unsigned int *, const __half *, __half *, int, int)"
16875593294,88256,120564,1,3072,1,32,4,1,32,0.000,0.000,,,,,NVIDIA GeForce RTX 3090 (0),1,,7,"gemv_kernel_g128(const float4 *, const unsigned int *, const unsigned int *, const __half *, __half *, int, int)"
16877636398,72736,120712,1,1024,1,32,4,1,32,0.000,0.000,,,,,NVIDIA GeForce RTX 3090 (0),1,,7,"gemv_kernel_g128(const float4 *, const unsigned int *, const unsigned int *, const __half *, __half *, int, int)"
16877731086,68576,120718,1,2752,1,32,4,1,32,0.000,0.000,,,,,NVIDIA GeForce RTX 3090 (0),1,,7,"gemv_kernel_g128(const float4 *, const unsigned int *, const unsigned int *, const __half *, __half *, int, int)"
16877801134,66944,120720,1,2752,1,32,4,1,32,0.000,0.000,,,,,NVIDIA GeForce RTX 3090 (0),1,,7,"gemv_kernel_g128(const float4 *, const unsigned int *, const unsigned int *, const __half *, __half *, int, int)"
16877873294,38304,120724,1,1024,1,32,4,1,32,0.000,0.000,,,,,NVIDIA GeForce RTX 3090 (0),1,,7,"gemv_kernel_g128(const float4 *, const unsigned int *, const unsigned int *, const __half *, __half *, int, int)"
16877932654,89216,120730,1,3072,1,32,4,1,32,0.000,0.000,,,,,NVIDIA GeForce RTX 3090 (0),1,,7,"gemv_kernel_g128(const float4 *, const unsigned int *, const unsigned int *, const __half *, __half *, int, int)"
16879896525,73536,120878,1,1024,1,32,4,1,32,0.000,0.000,,,,,NVIDIA GeForce RTX 3090 (0),1,,7,"gemv_kernel_g128(const float4 *, const unsigned int *, const unsigned int *, const __half *, __half *, int, int)"
16879992077,65408,120884,1,2752,1,32,4,1,32,0.000,0.000,,,,,NVIDIA GeForce RTX 3090 (0),1,,7,"gemv_kernel_g128(const float4 *, const unsigned int *, const unsigned int *, const __half *, __half *, int, int)"
16880058893,66560,120886,1,2752,1,32,4,1,32,0.000,0.000,,,,,NVIDIA GeForce RTX 3090 (0),1,,7,"gemv_kernel_g128(const float4 *, const unsigned int *, const unsigned int *, const __half *, __half *, int, int)"
16880130509,38336,120890,1,1024,1,32,4,1,32,0.000,0.000,,,,,NVIDIA GeForce RTX 3090 (0),1,,7,"gemv_kernel_g128(const float4 *, const unsigned int *, const unsigned int *, const __half *, __half *, int, int)"
16880189005,92096,120896,1,3072,1,32,4,1,32,0.000,0.000,,,,,NVIDIA GeForce RTX 3090 (0),1,,7,"gemv_kernel_g128(const float4 *, const unsigned int *, const unsigned int *, const __half *, __half *, int, int)"
16882170605,72896,121044,1,1024,1,32,4,1,32,0.000,0.000,,,,,NVIDIA GeForce RTX 3090 (0),1,,7,"gemv_kernel_g128(const float4 *, const unsigned int *, const unsigned int *, const __half *, __half *, int, int)"
16882265165,64864,121050,1,2752,1,32,4,1,32,0.000,0.000,,,,,NVIDIA GeForce RTX 3090 (0),1,,7,"gemv_kernel_g128(const float4 *, const unsigned int *, const unsigned int *, const __half *, __half *, int, int)"
16882331533,65280,121052,1,2752,1,32,4,1,32,0.000,0.000,,,,,NVIDIA GeForce RTX 3090 (0),1,,7,"gemv_kernel_g128(const float4 *, const unsigned int *, const unsigned int *, const __half *, __half *, int, int)"
16882401517,38208,121056,1,1024,1,32,4,1,32,0.000,0.000,,,,,NVIDIA GeForce RTX 3090 (0),1,,7,"gemv_kernel_g128(const float4 *, const unsigned int *, const unsigned int *, const __half *, __half *, int, int)"
16882460077,89408,121062,1,3072,1,32,4,1,32,0.000,0.000,,,,,NVIDIA GeForce RTX 3090 (0),1,,7,"gemv_kernel_g128(const float4 *, const unsigned int *, const unsigned int *, const __half *, __half *, int, int)"
16884485644,73184,121210,1,1024,1,32,4,1,32,0.000,0.000,,,,,NVIDIA GeForce RTX 3090 (0),1,,7,"gemv_kernel_g128(const float4 *, const unsigned int *, const unsigned int *, const __half *, __half *, int, int)"
16884580012,65952,121216,1,2752,1,32,4,1,32,0.000,0.000,,,,,NVIDIA GeForce RTX 3090 (0),1,,7,"gemv_kernel_g128(const float4 *, const unsigned int *, const unsigned int *, const __half *, __half *, int, int)"
16884647820,66304,121218,1,2752,1,32,4,1,32,0.000,0.000,,,,,NVIDIA GeForce RTX 3090 (0),1,,7,"gemv_kernel_g128(const float4 *, const unsigned int *, const unsigned int *, const __half *, __half *, int, int)"
16884718764,36864,121222,1,1024,1,32,4,1,32,0.000,0.000,,,,,NVIDIA GeForce RTX 3090 (0),1,,7,"gemv_kernel_g128(const float4 *, const unsigned int *, const unsigned int *, const __half *, __half *, int, int)"
16884776812,91904,121228,1,3072,1,32,4,1,32,0.000,0.000,,,,,NVIDIA GeForce RTX 3090 (0),1,,7,"gemv_kernel_g128(const float4 *, const unsigned int *, const unsigned int *, const __half *, __half *, int, int)"
16887132076,74368,121376,1,1024,1,32,4,1,32,0.000,0.000,,,,,NVIDIA GeForce RTX 3090 (0),1,,7,"gemv_kernel_g128(const float4 *, const unsigned int *, const unsigned int *, const __half *, __half *, int, int)"
16887229836,65888,121382,1,2752,1,32,4,1,32,0.000,0.000,,,,,NVIDIA GeForce RTX 3090 (0),1,,7,"gemv_kernel_g128(const float4 *, const unsigned int *, const unsigned int *, const __half *, __half *, int, int)"
16887297100,65536,121384,1,2752,1,32,4,1,32,0.000,0.000,,,,,NVIDIA GeForce RTX 3090 (0),1,,7,"gemv_kernel_g128(const float4 *, const unsigned int *, const unsigned int *, const __half *, __half *, int, int)"
16887367852,38112,121388,1,1024,1,32,4,1,32,0.000,0.000,,,,,NVIDIA GeForce RTX 3090 (0),1,,7,"gemv_kernel_g128(const float4 *, const unsigned int *, const unsigned int *, const __half *, __half *, int, int)"
16887427500,95135,121394,1,3072,1,32,4,1,32,0.000,0.000,,,,,NVIDIA GeForce RTX 3090 (0),1,,7,"gemv_kernel_g128(const float4 *, const unsigned int *, const unsigned int *, const __half *, __half *, int, int)"
16889719787,75360,121542,1,1024,1,32,4,1,32,0.000,0.000,,,,,NVIDIA GeForce RTX 3090 (0),1,,7,"gemv_kernel_g128(const float4 *, const unsigned int *, const unsigned int *, const __half *, __half *, int, int)"
16889817003,65440,121548,1,2752,1,32,4,1,32,0.000,0.000,,,,,NVIDIA GeForce RTX 3090 (0),1,,7,"gemv_kernel_g128(const float4 *, const unsigned int *, const unsigned int *, const __half *, __half *, int, int)"
16889883787,64960,121550,1,2752,1,32,4,1,32,0.000,0.000,,,,,NVIDIA GeForce RTX 3090 (0),1,,7,"gemv_kernel_g128(const float4 *, const unsigned int *, const unsigned int *, const __half *, __half *, int, int)"
16889953835,38304,121554,1,1024,1,32,4,1,32,0.000,0.000,,,,,NVIDIA GeForce RTX 3090 (0),1,,7,"gemv_kernel_g128(const float4 *, const unsigned int *, const unsigned int *, const __half *, __half *, int, int)"
16890013163,90688,121560,1,3072,1,32,4,1,32,0.000,0.000,,,,,NVIDIA GeForce RTX 3090 (0),1,,7,"gemv_kernel_g128(const float4 *, const unsigned int *, const unsigned int *, const __half *, __half *, int, int)"
16892214890,71456,121708,1,1024,1,32,4,1,32,0.000,0.000,,,,,NVIDIA GeForce RTX 3090 (0),1,,7,"gemv_kernel_g128(const float4 *, const unsigned int *, const unsigned int *, const __half *, __half *, int, int)"
16892308426,64832,121714,1,2752,1,32,4,1,32,0.000,0.000,,,,,NVIDIA GeForce RTX 3090 (0),1,,7,"gemv_kernel_g128(const float4 *, const unsigned int *, const unsigned int *, const __half *, __half *, int, int)"
16892374698,65504,121716,1,2752,1,32,4,1,32,0.000,0.000,,,,,NVIDIA GeForce RTX 3090 (0),1,,7,"gemv_kernel_g128(const float4 *, const unsigned int *, const unsigned int *, const __half *, __half *, int, int)"
16892450634,36960,121720,1,1024,1,32,4,1,32,0.000,0.000,,,,,NVIDIA GeForce RTX 3090 (0),1,,7,"gemv_kernel_g128(const float4 *, const unsigned int *, const unsigned int *, const __half *, __half *, int, int)"
16892508138,89952,121726,1,3072,1,32,4,1,32,0.000,0.000,,,,,NVIDIA GeForce RTX 3090 (0),1,,7,"gemv_kernel_g128(const float4 *, const unsigned int *, const unsigned int *, const __half *, __half *, int, int)"
16894623114,69376,121874,1,1024,1,32,4,1,32,0.000,0.000,,,,,NVIDIA GeForce RTX 3090 (0),1,,7,"gemv_kernel_g128(const float4 *, const unsigned int *, const unsigned int *, const __half *, __half *, int, int)"
16894713258,65408,121880,1,2752,1,32,4,1,32,0.000,0.000,,,,,NVIDIA GeForce RTX 3090 (0),1,,7,"gemv_kernel_g128(const float4 *, const unsigned int *, const unsigned int *, const __half *, __half *, int, int)"
16894780522,65632,121882,1,2752,1,32,4,1,32,0.000,0.000,,,,,NVIDIA GeForce RTX 3090 (0),1,,7,"gemv_kernel_g128(const float4 *, const unsigned int *, const unsigned int *, const __half *, __half *, int, int)"
16894850858,38368,121886,1,1024,1,32,4,1,32,0.000,0.000,,,,,NVIDIA GeForce RTX 3090 (0),1,,7,"gemv_kernel_g128(const float4 *, const unsigned int *, const unsigned int *, const __half *, __half *, int, int)"
16894910090,88096,121892,1,3072,1,32,4,1,32,0.000,0.000,,,,,NVIDIA GeForce RTX 3090 (0),1,,7,"gemv_kernel_g128(const float4 *, const unsigned int *, const unsigned int *, const __half *, __half *, int, int)"
16897087945,72512,122040,1,1024,1,32,4,1,32,0.000,0.000,,,,,NVIDIA GeForce RTX 3090 (0),1,,7,"gemv_kernel_g128(const float4 *, const unsigned int *, const unsigned int *, const __half *, __half *, int, int)"
16897181833,65664,122046,1,2752,1,32,4,1,32,0.000,0.000,,,,,NVIDIA GeForce RTX 3090 (0),1,,7,"gemv_kernel_g128(const float4 *, const unsigned int *, const unsigned int *, const __half *, __half *, int, int)"
16897248905,64832,122048,1,2752,1,32,4,1,32,0.000,0.000,,,,,NVIDIA GeForce RTX 3090 (0),1,,7,"gemv_kernel_g128(const float4 *, const unsigned int *, const unsigned int *, const __half *, __half *, int, int)"
16897318761,38144,122052,1,1024,1,32,4,1,32,0.000,0.000,,,,,NVIDIA GeForce RTX 3090 (0),1,,7,"gemv_kernel_g128(const float4 *, const unsigned int *, const unsigned int *, const __half *, __half *, int, int)"
16897380009,86592,122058,1,3072,1,32,4,1,32,0.000,0.000,,,,,NVIDIA GeForce RTX 3090 (0),1,,7,"gemv_kernel_g128(const float4 *, const unsigned int *, const unsigned int *, const __half *, __half *, int, int)"
16899508905,71552,122206,1,1024,1,32,4,1,32,0.000,0.000,,,,,NVIDIA GeForce RTX 3090 (0),1,,7,"gemv_kernel_g128(const float4 *, const unsigned int *, const unsigned int *, const __half *, __half *, int, int)"
16899601417,65536,122212,1,2752,1,32,4,1,32,0.000,0.000,,,,,NVIDIA GeForce RTX 3090 (0),1,,7,"gemv_kernel_g128(const float4 *, const unsigned int *, const unsigned int *, const __half *, __half *, int, int)"
16899668425,66079,122214,1,2752,1,32,4,1,32,0.000,0.000,,,,,NVIDIA GeForce RTX 3090 (0),1,,7,"gemv_kernel_g128(const float4 *, const unsigned int *, const unsigned int *, const __half *, __half *, int, int)"
16899739592,38016,122218,1,1024,1,32,4,1,32,0.000,0.000,,,,,NVIDIA GeForce RTX 3090 (0),1,,7,"gemv_kernel_g128(const float4 *, const unsigned int *, const unsigned int *, const __half *, __half *, int, int)"
16899798280,87904,122224,1,3072,1,32,4,1,32,0.000,0.000,,,,,NVIDIA GeForce RTX 3090 (0),1,,7,"gemv_kernel_g128(const float4 *, const unsigned int *, const unsigned int *, const __half *, __half *, int, int)"
16901875528,74016,122372,1,1024,1,32,4,1,32,0.000,0.000,,,,,NVIDIA GeForce RTX 3090 (0),1,,7,"gemv_kernel_g128(const float4 *, const unsigned int *, const unsigned int *, const __half *, __half *, int, int)"
16901971080,67648,122378,1,2752,1,32,4,1,32,0.000,0.000,,,,,NVIDIA GeForce RTX 3090 (0),1,,7,"gemv_kernel_g128(const float4 *, const unsigned int *, const unsigned int *, const __half *, __half *, int, int)"
16902040552,66176,122380,1,2752,1,32,4,1,32,0.000,0.000,,,,,NVIDIA GeForce RTX 3090 (0),1,,7,"gemv_kernel_g128(const float4 *, const unsigned int *, const unsigned int *, const __half *, __half *, int, int)"
16902111464,36736,122384,1,1024,1,32,4,1,32,0.000,0.000,,,,,NVIDIA GeForce RTX 3090 (0),1,,7,"gemv_kernel_g128(const float4 *, const unsigned int *, const unsigned int *, const __half *, __half *, int, int)"
16902169608,88224,122390,1,3072,1,32,4,1,32,0.000,0.000,,,,,NVIDIA GeForce RTX 3090 (0),1,,7,"gemv_kernel_g128(const float4 *, const unsigned int *, const unsigned int *, const __half *, __half *, int, int)"
16904521607,83808,122538,1,1024,1,32,4,1,32,0.000,0.000,,,,,NVIDIA GeForce RTX 3090 (0),1,,7,"gemv_kernel_g128(const float4 *, const unsigned int *, const unsigned int *, const __half *, __half *, int, int)"
16904628423,78592,122544,1,2752,1,32,4,1,32,0.000,0.000,,,,,NVIDIA GeForce RTX 3090 (0),1,,7,"gemv_kernel_g128(const float4 *, const unsigned int *, const unsigned int *, const __half *, __half *, int, int)"
16904708967,74432,122546,1,2752,1,32,4,1,32,0.000,0.000,,,,,NVIDIA GeForce RTX 3090 (0),1,,7,"gemv_kernel_g128(const float4 *, const unsigned int *, const unsigned int *, const __half *, __half *, int, int)"
16904788135,38624,122550,1,1024,1,32,4,1,32,0.000,0.000,,,,,NVIDIA GeForce RTX 3090 (0),1,,7,"gemv_kernel_g128(const float4 *, const unsigned int *, const unsigned int *, const __half *, __half *, int, int)"
16904848263,92640,122556,1,3072,1,32,4,1,32,0.000,0.000,,,,,NVIDIA GeForce RTX 3090 (0),1,,7,"gemv_kernel_g128(const float4 *, const unsigned int *, const unsigned int *, const __half *, __half *, int, int)"
16907554343,70528,122704,1,1024,1,32,4,1,32,0.000,0.000,,,,,NVIDIA GeForce RTX 3090 (0),1,,7,"gemv_kernel_g128(const float4 *, const unsigned int *, const unsigned int *, const __half *, __half *, int, int)"
16907646439,65600,122710,1,2752,1,32,4,1,32,0.000,0.000,,,,,NVIDIA GeForce RTX 3090 (0),1,,7,"gemv_kernel_g128(const float4 *, const unsigned int *, const unsigned int *, const __half *, __half *, int, int)"
16907713415,66176,122712,1,2752,1,32,4,1,32,0.000,0.000,,,,,NVIDIA GeForce RTX 3090 (0),1,,7,"gemv_kernel_g128(const float4 *, const unsigned int *, const unsigned int *, const __half *, __half *, int, int)"
16907784871,37792,122716,1,1024,1,32,4,1,32,0.000,0.000,,,,,NVIDIA GeForce RTX 3090 (0),1,,7,"gemv_kernel_g128(const float4 *, const unsigned int *, const unsigned int *, const __half *, __half *, int, int)"
16907846919,88511,122722,1,3072,1,32,4,1,32,0.000,0.000,,,,,NVIDIA GeForce RTX 3090 (0),1,,7,"gemv_kernel_g128(const float4 *, const unsigned int *, const unsigned int *, const __half *, __half *, int, int)"
16909997958,74112,122870,1,1024,1,32,4,1,32,0.000,0.000,,,,,NVIDIA GeForce RTX 3090 (0),1,,7,"gemv_kernel_g128(const float4 *, const unsigned int *, const unsigned int *, const __half *, __half *, int, int)"
16910093254,64960,122876,1,2752,1,32,4,1,32,0.000,0.000,,,,,NVIDIA GeForce RTX 3090 (0),1,,7,"gemv_kernel_g128(const float4 *, const unsigned int *, const unsigned int *, const __half *, __half *, int, int)"
16910159654,64768,122878,1,2752,1,32,4,1,32,0.000,0.000,,,,,NVIDIA GeForce RTX 3090 (0),1,,7,"gemv_kernel_g128(const float4 *, const unsigned int *, const unsigned int *, const __half *, __half *, int, int)"
16910229510,39168,122882,1,1024,1,32,4,1,32,0.000,0.000,,,,,NVIDIA GeForce RTX 3090 (0),1,,7,"gemv_kernel_g128(const float4 *, const unsigned int *, const unsigned int *, const __half *, __half *, int, int)"
16910289094,88928,122888,1,3072,1,32,4,1,32,0.000,0.000,,,,,NVIDIA GeForce RTX 3090 (0),1,,7,"gemv_kernel_g128(const float4 *, const unsigned int *, const unsigned int *, const __half *, __half *, int, int)"
16912441125,71008,123036,1,1024,1,32,4,1,32,0.000,0.000,,,,,NVIDIA GeForce RTX 3090 (0),1,,7,"gemv_kernel_g128(const float4 *, const unsigned int *, const unsigned int *, const __half *, __half *, int, int)"
16912534149,66080,123042,1,2752,1,32,4,1,32,0.000,0.000,,,,,NVIDIA GeForce RTX 3090 (0),1,,7,"gemv_kernel_g128(const float4 *, const unsigned int *, const unsigned int *, const __half *, __half *, int, int)"
16912601701,65536,123044,1,2752,1,32,4,1,32,0.000,0.000,,,,,NVIDIA GeForce RTX 3090 (0),1,,7,"gemv_kernel_g128(const float4 *, const unsigned int *, const unsigned int *, const __half *, __half *, int, int)"
16912671877,39008,123048,1,1024,1,32,4,1,32,0.000,0.000,,,,,NVIDIA GeForce RTX 3090 (0),1,,7,"gemv_kernel_g128(const float4 *, const unsigned int *, const unsigned int *, const __half *, __half *, int, int)"
16912732261,90368,123054,1,3072,1,32,4,1,32,0.000,0.000,,,,,NVIDIA GeForce RTX 3090 (0),1,,7,"gemv_kernel_g128(const float4 *, const unsigned int *, const unsigned int *, const __half *, __half *, int, int)"
16914811365,69216,123202,1,1024,1,32,4,1,32,0.000,0.000,,,,,NVIDIA GeForce RTX 3090 (0),1,,7,"gemv_kernel_g128(const float4 *, const unsigned int *, const unsigned int *, const __half *, __half *, int, int)"
16914902021,65440,123208,1,2752,1,32,4,1,32,0.000,0.000,,,,,NVIDIA GeForce RTX 3090 (0),1,,7,"gemv_kernel_g128(const float4 *, const unsigned int *, const unsigned int *, const __half *, __half *, int, int)"
16914969381,65440,123210,1,2752,1,32,4,1,32,0.000,0.000,,,,,NVIDIA GeForce RTX 3090 (0),1,,7,"gemv_kernel_g128(const float4 *, const unsigned int *, const unsigned int *, const __half *, __half *, int, int)"
16915039653,38720,123214,1,1024,1,32,4,1,32,0.000,0.000,,,,,NVIDIA GeForce RTX 3090 (0),1,,7,"gemv_kernel_g128(const float4 *, const unsigned int *, const unsigned int *, const __half *, __half *, int, int)"
16915099653,87168,123220,1,3072,1,32,4,1,32,0.000,0.000,,,,,NVIDIA GeForce RTX 3090 (0),1,,7,"gemv_kernel_g128(const float4 *, const unsigned int *, const unsigned int *, const __half *, __half *, int, int)"
16917194692,69888,123368,1,1024,1,32,4,1,32,0.000,0.000,,,,,NVIDIA GeForce RTX 3090 (0),1,,7,"gemv_kernel_g128(const float4 *, const unsigned int *, const unsigned int *, const __half *, __half *, int, int)"
16917286596,64512,123374,1,2752,1,32,4,1,32,0.000,0.000,,,,,NVIDIA GeForce RTX 3090 (0),1,,7,"gemv_kernel_g128(const float4 *, const unsigned int *, const unsigned int *, const __half *, __half *, int, int)"
16917352580,65696,123376,1,2752,1,32,4,1,32,0.000,0.000,,,,,NVIDIA GeForce RTX 3090 (0),1,,7,"gemv_kernel_g128(const float4 *, const unsigned int *, const unsigned int *, const __half *, __half *, int, int)"
16917423652,37824,123380,1,1024,1,32,4,1,32,0.000,0.000,,,,,NVIDIA GeForce RTX 3090 (0),1,,7,"gemv_kernel_g128(const float4 *, const unsigned int *, const unsigned int *, const __half *, __half *, int, int)"
16917482692,89024,123386,1,3072,1,32,4,1,32,0.000,0.000,,,,,NVIDIA GeForce RTX 3090 (0),1,,7,"gemv_kernel_g128(const float4 *, const unsigned int *, const unsigned int *, const __half *, __half *, int, int)"
16920109092,77535,123534,1,1024,1,32,4,1,32,0.000,0.000,,,,,NVIDIA GeForce RTX 3090 (0),1,,7,"gemv_kernel_g128(const float4 *, const unsigned int *, const unsigned int *, const __half *, __half *, int, int)"
16920209795,77088,123540,1,2752,1,32,4,1,32,0.000,0.000,,,,,NVIDIA GeForce RTX 3090 (0),1,,7,"gemv_kernel_g128(const float4 *, const unsigned int *, const unsigned int *, const __half *, __half *, int, int)"
16920288675,73632,123542,1,2752,1,32,4,1,32,0.000,0.000,,,,,NVIDIA GeForce RTX 3090 (0),1,,7,"gemv_kernel_g128(const float4 *, const unsigned int *, const unsigned int *, const __half *, __half *, int, int)"
16920367587,36768,123546,1,1024,1,32,4,1,32,0.000,0.000,,,,,NVIDIA GeForce RTX 3090 (0),1,,7,"gemv_kernel_g128(const float4 *, const unsigned int *, const unsigned int *, const __half *, __half *, int, int)"
16920425635,102304,123552,1,3072,1,32,4,1,32,0.000,0.000,,,,,NVIDIA GeForce RTX 3090 (0),1,,7,"gemv_kernel_g128(const float4 *, const unsigned int *, const unsigned int *, const __half *, __half *, int, int)"
16922670435,74912,123700,1,1024,1,32,4,1,32,0.000,0.000,,,,,NVIDIA GeForce RTX 3090 (0),1,,7,"gemv_kernel_g128(const float4 *, const unsigned int *, const unsigned int *, const __half *, __half *, int, int)"
16922768131,67104,123706,1,2752,1,32,4,1,32,0.000,0.000,,,,,NVIDIA GeForce RTX 3090 (0),1,,7,"gemv_kernel_g128(const float4 *, const unsigned int *, const unsigned int *, const __half *, __half *, int, int)"
16922836707,68736,123708,1,2752,1,32,4,1,32,0.000,0.000,,,,,NVIDIA GeForce RTX 3090 (0),1,,7,"gemv_kernel_g128(const float4 *, const unsigned int *, const unsigned int *, const __half *, __half *, int, int)"
16922910019,38272,123712,1,1024,1,32,4,1,32,0.000,0.000,,,,,NVIDIA GeForce RTX 3090 (0),1,,7,"gemv_kernel_g128(const float4 *, const unsigned int *, const unsigned int *, const __half *, __half *, int, int)"
16922969411,85952,123718,1,3072,1,32,4,1,32,0.000,0.000,,,,,NVIDIA GeForce RTX 3090 (0),1,,7,"gemv_kernel_g128(const float4 *, const unsigned int *, const unsigned int *, const __half *, __half *, int, int)"
16925034050,73888,123866,1,1024,1,32,4,1,32,0.000,0.000,,,,,NVIDIA GeForce RTX 3090 (0),1,,7,"gemv_kernel_g128(const float4 *, const unsigned int *, const unsigned int *, const __half *, __half *, int, int)"
16925129090,65344,123872,1,2752,1,32,4,1,32,0.000,0.000,,,,,NVIDIA GeForce RTX 3090 (0),1,,7,"gemv_kernel_g128(const float4 *, const unsigned int *, const unsigned int *, const __half *, __half *, int, int)"
16925196386,64960,123874,1,2752,1,32,4,1,32,0.000,0.000,,,,,NVIDIA GeForce RTX 3090 (0),1,,7,"gemv_kernel_g128(const float4 *, const unsigned int *, const unsigned int *, const __half *, __half *, int, int)"
16925265986,36832,123878,1,1024,1,32,4,1,32,0.000,0.000,,,,,NVIDIA GeForce RTX 3090 (0),1,,7,"gemv_kernel_g128(const float4 *, const unsigned int *, const unsigned int *, const __half *, __half *, int, int)"
16925324834,91712,123884,1,3072,1,32,4,1,32,0.000,0.000,,,,,NVIDIA GeForce RTX 3090 (0),1,,7,"gemv_kernel_g128(const float4 *, const unsigned int *, const unsigned int *, const __half *, __half *, int, int)"
16927450114,73664,124032,1,1024,1,32,4,1,32,0.000,0.000,,,,,NVIDIA GeForce RTX 3090 (0),1,,7,"gemv_kernel_g128(const float4 *, const unsigned int *, const unsigned int *, const __half *, __half *, int, int)"
16927546114,65472,124038,1,2752,1,32,4,1,32,0.000,0.000,,,,,NVIDIA GeForce RTX 3090 (0),1,,7,"gemv_kernel_g128(const float4 *, const unsigned int *, const unsigned int *, const __half *, __half *, int, int)"
16927613058,67840,124040,1,2752,1,32,4,1,32,0.000,0.000,,,,,NVIDIA GeForce RTX 3090 (0),1,,7,"gemv_kernel_g128(const float4 *, const unsigned int *, const unsigned int *, const __half *, __half *, int, int)"
16927686082,37824,124044,1,1024,1,32,4,1,32,0.000,0.000,,,,,NVIDIA GeForce RTX 3090 (0),1,,7,"gemv_kernel_g128(const float4 *, const unsigned int *, const unsigned int *, const __half *, __half *, int, int)"
16927744994,86528,124050,1,3072,1,32,4,1,32,0.000,0.000,,,,,NVIDIA GeForce RTX 3090 (0),1,,7,"gemv_kernel_g128(const float4 *, const unsigned int *, const unsigned int *, const __half *, __half *, int, int)"
16930409889,73120,124198,1,1024,1,32,4,1,32,0.000,0.000,,,,,NVIDIA GeForce RTX 3090 (0),1,,7,"gemv_kernel_g128(const float4 *, const unsigned int *, const unsigned int *, const __half *, __half *, int, int)"
16930504641,65824,124204,1,2752,1,32,4,1,32,0.000,0.000,,,,,NVIDIA GeForce RTX 3090 (0),1,,7,"gemv_kernel_g128(const float4 *, const unsigned int *, const unsigned int *, const __half *, __half *, int, int)"
16930571937,66272,124206,1,2752,1,32,4,1,32,0.000,0.000,,,,,NVIDIA GeForce RTX 3090 (0),1,,7,"gemv_kernel_g128(const float4 *, const unsigned int *, const unsigned int *, const __half *, __half *, int, int)"
16930643425,37376,124210,1,1024,1,32,4,1,32,0.000,0.000,,,,,NVIDIA GeForce RTX 3090 (0),1,,7,"gemv_kernel_g128(const float4 *, const unsigned int *, const unsigned int *, const __half *, __half *, int, int)"
16930704545,84928,124216,1,3072,1,32,4,1,32,0.000,0.000,,,,,NVIDIA GeForce RTX 3090 (0),1,,7,"gemv_kernel_g128(const float4 *, const unsigned int *, const unsigned int *, const __half *, __half *, int, int)"
16932876064,71008,124364,1,1024,1,32,4,1,32,0.000,0.000,,,,,NVIDIA GeForce RTX 3090 (0),1,,7,"gemv_kernel_g128(const float4 *, const unsigned int *, const unsigned int *, const __half *, __half *, int, int)"
16932968768,65600,124370,1,2752,1,32,4,1,32,0.000,0.000,,,,,NVIDIA GeForce RTX 3090 (0),1,,7,"gemv_kernel_g128(const float4 *, const unsigned int *, const unsigned int *, const __half *, __half *, int, int)"
16933035840,66144,124372,1,2752,1,32,4,1,32,0.000,0.000,,,,,NVIDIA GeForce RTX 3090 (0),1,,7,"gemv_kernel_g128(const float4 *, const unsigned int *, const unsigned int *, const __half *, __half *, int, int)"
16933106624,39392,124376,1,1024,1,32,4,1,32,0.000,0.000,,,,,NVIDIA GeForce RTX 3090 (0),1,,7,"gemv_kernel_g128(const float4 *, const unsigned int *, const unsigned int *, const __half *, __half *, int, int)"
16933166560,86624,124382,1,3072,1,32,4,1,32,0.000,0.000,,,,,NVIDIA GeForce RTX 3090 (0),1,,7,"gemv_kernel_g128(const float4 *, const unsigned int *, const unsigned int *, const __half *, __half *, int, int)"
16935421408,73760,124530,1,1024,1,32,4,1,32,0.000,0.000,,,,,NVIDIA GeForce RTX 3090 (0),1,,7,"gemv_kernel_g128(const float4 *, const unsigned int *, const unsigned int *, const __half *, __half *, int, int)"
16935516704,65728,124536,1,2752,1,32,4,1,32,0.000,0.000,,,,,NVIDIA GeForce RTX 3090 (0),1,,7,"gemv_kernel_g128(const float4 *, const unsigned int *, const unsigned int *, const __half *, __half *, int, int)"
16935584352,65344,124538,1,2752,1,32,4,1,32,0.000,0.000,,,,,NVIDIA GeForce RTX 3090 (0),1,,7,"gemv_kernel_g128(const float4 *, const unsigned int *, const unsigned int *, const __half *, __half *, int, int)"
16935654304,38048,124542,1,1024,1,32,4,1,32,0.000,0.000,,,,,NVIDIA GeForce RTX 3090 (0),1,,7,"gemv_kernel_g128(const float4 *, const unsigned int *, const unsigned int *, const __half *, __half *, int, int)"
16935713760,90976,124548,1,3072,1,32,4,1,32,0.000,0.000,,,,,NVIDIA GeForce RTX 3090 (0),1,,7,"gemv_kernel_g128(const float4 *, const unsigned int *, const unsigned int *, const __half *, __half *, int, int)"
16937768799,72064,124696,1,1024,1,32,4,1,32,0.000,0.000,,,,,NVIDIA GeForce RTX 3090 (0),1,,7,"gemv_kernel_g128(const float4 *, const unsigned int *, const unsigned int *, const __half *, __half *, int, int)"
16937862463,66944,124702,1,2752,1,32,4,1,32,0.000,0.000,,,,,NVIDIA GeForce RTX 3090 (0),1,,7,"gemv_kernel_g128(const float4 *, const unsigned int *, const unsigned int *, const __half *, __half *, int, int)"
16937930879,65952,124704,1,2752,1,32,4,1,32,0.000,0.000,,,,,NVIDIA GeForce RTX 3090 (0),1,,7,"gemv_kernel_g128(const float4 *, const unsigned int *, const unsigned int *, const __half *, __half *, int, int)"
16938002015,37152,124708,1,1024,1,32,4,1,32,0.000,0.000,,,,,NVIDIA GeForce RTX 3090 (0),1,,7,"gemv_kernel_g128(const float4 *, const unsigned int *, const unsigned int *, const __half *, __half *, int, int)"
16938060351,88000,124714,1,3072,1,32,4,1,32,0.000,0.000,,,,,NVIDIA GeForce RTX 3090 (0),1,,7,"gemv_kernel_g128(const float4 *, const unsigned int *, const unsigned int *, const __half *, __half *, int, int)"
16940218399,68192,124862,1,1024,1,32,4,1,32,0.000,0.000,,,,,NVIDIA GeForce RTX 3090 (0),1,,7,"gemv_kernel_g128(const float4 *, const unsigned int *, const unsigned int *, const __half *, __half *, int, int)"
16940307807,64896,124868,1,2752,1,32,4,1,32,0.000,0.000,,,,,NVIDIA GeForce RTX 3090 (0),1,,7,"gemv_kernel_g128(const float4 *, const unsigned int *, const unsigned int *, const __half *, __half *, int, int)"
16940374143,66272,124870,1,2752,1,32,4,1,32,0.000,0.000,,,,,NVIDIA GeForce RTX 3090 (0),1,,7,"gemv_kernel_g128(const float4 *, const unsigned int *, const unsigned int *, const __half *, __half *, int, int)"
16940445567,37504,124874,1,1024,1,32,4,1,32,0.000,0.000,,,,,NVIDIA GeForce RTX 3090 (0),1,,7,"gemv_kernel_g128(const float4 *, const unsigned int *, const unsigned int *, const __half *, __half *, int, int)"
16940503519,88639,124880,1,3072,1,32,4,1,32,0.000,0.000,,,,,NVIDIA GeForce RTX 3090 (0),1,,7,"gemv_kernel_g128(const float4 *, const unsigned int *, const unsigned int *, const __half *, __half *, int, int)"
16942591390,70496,125028,1,1024,1,32,4,1,32,0.000,0.000,,,,,NVIDIA GeForce RTX 3090 (0),1,,7,"gemv_kernel_g128(const float4 *, const unsigned int *, const unsigned int *, const __half *, __half *, int, int)"
16942683262,64736,125034,1,2752,1,32,4,1,32,0.000,0.000,,,,,NVIDIA GeForce RTX 3090 (0),1,,7,"gemv_kernel_g128(const float4 *, const unsigned int *, const unsigned int *, const __half *, __half *, int, int)"
16942749470,65632,125036,1,2752,1,32,4,1,32,0.000,0.000,,,,,NVIDIA GeForce RTX 3090 (0),1,,7,"gemv_kernel_g128(const float4 *, const unsigned int *, const unsigned int *, const __half *, __half *, int, int)"
16942819934,38272,125040,1,1024,1,32,4,1,32,0.000,0.000,,,,,NVIDIA GeForce RTX 3090 (0),1,,7,"gemv_kernel_g128(const float4 *, const unsigned int *, const unsigned int *, const __half *, __half *, int, int)"
16942878942,136160,125046,1,8000,1,32,4,1,32,0.000,0.000,,,,,NVIDIA GeForce RTX 3090 (0),1,,7,"gemv_kernel_g128(const float4 *, const unsigned int *, const unsigned int *, const __half *, __half *, int, int)"
16972806775,95680,125060,1,3072,1,32,4,1,32,0.000,0.000,,,,,NVIDIA GeForce RTX 3090 (0),1,,7,"gemv_kernel_g128(const float4 *, const unsigned int *, const unsigned int *, const __half *, __half *, int, int)"
16975207990,72736,125208,1,1024,1,32,4,1,32,0.000,0.000,,,,,NVIDIA GeForce RTX 3090 (0),1,,7,"gemv_kernel_g128(const float4 *, const unsigned int *, const unsigned int *, const __half *, __half *, int, int)"
16975302806,66144,125214,1,2752,1,32,4,1,32,0.000,0.000,,,,,NVIDIA GeForce RTX 3090 (0),1,,7,"gemv_kernel_g128(const float4 *, const unsigned int *, const unsigned int *, const __half *, __half *, int, int)"
16975370358,65792,125216,1,2752,1,32,4,1,32,0.000,0.000,,,,,NVIDIA GeForce RTX 3090 (0),1,,7,"gemv_kernel_g128(const float4 *, const unsigned int *, const unsigned int *, const __half *, __half *, int, int)"
16975441014,38016,125220,1,1024,1,32,4,1,32,0.000,0.000,,,,,NVIDIA GeForce RTX 3090 (0),1,,7,"gemv_kernel_g128(const float4 *, const unsigned int *, const unsigned int *, const __half *, __half *, int, int)"
16975499638,86560,125226,1,3072,1,32,4,1,32,0.000,0.000,,,,,NVIDIA GeForce RTX 3090 (0),1,,7,"gemv_kernel_g128(const float4 *, const unsigned int *, const unsigned int *, const __half *, __half *, int, int)"
16977514325,72832,125374,1,1024,1,32,4,1,32,0.000,0.000,,,,,NVIDIA GeForce RTX 3090 (0),1,,7,"gemv_kernel_g128(const float4 *, const unsigned int *, const unsigned int *, const __half *, __half *, int, int)"
16977608277,65248,125380,1,2752,1,32,4,1,32,0.000,0.000,,,,,NVIDIA GeForce RTX 3090 (0),1,,7,"gemv_kernel_g128(const float4 *, const unsigned int *, const unsigned int *, const __half *, __half *, int, int)"
16977675349,65248,125382,1,2752,1,32,4,1,32,0.000,0.000,,,,,NVIDIA GeForce RTX 3090 (0),1,,7,"gemv_kernel_g128(const float4 *, const unsigned int *, const unsigned int *, const __half *, __half *, int, int)"
16977745333,37920,125386,1,1024,1,32,4,1,32,0.000,0.000,,,,,NVIDIA GeForce RTX 3090 (0),1,,7,"gemv_kernel_g128(const float4 *, const unsigned int *, const unsigned int *, const __half *, __half *, int, int)"
16977803413,89024,125392,1,3072,1,32,4,1,32,0.000,0.000,,,,,NVIDIA GeForce RTX 3090 (0),1,,7,"gemv_kernel_g128(const float4 *, const unsigned int *, const unsigned int *, const __half *, __half *, int, int)"
16979702869,75264,125540,1,1024,1,32,4,1,32,0.000,0.000,,,,,NVIDIA GeForce RTX 3090 (0),1,,7,"gemv_kernel_g128(const float4 *, const unsigned int *, const unsigned int *, const __half *, __half *, int, int)"
16979800053,66144,125546,1,2752,1,32,4,1,32,0.000,0.000,,,,,NVIDIA GeForce RTX 3090 (0),1,,7,"gemv_kernel_g128(const float4 *, const unsigned int *, const unsigned int *, const __half *, __half *, int, int)"
16979867701,65536,125548,1,2752,1,32,4,1,32,0.000,0.000,,,,,NVIDIA GeForce RTX 3090 (0),1,,7,"gemv_kernel_g128(const float4 *, const unsigned int *, const unsigned int *, const __half *, __half *, int, int)"
16979938293,36960,125552,1,1024,1,32,4,1,32,0.000,0.000,,,,,NVIDIA GeForce RTX 3090 (0),1,,7,"gemv_kernel_g128(const float4 *, const unsigned int *, const unsigned int *, const __half *, __half *, int, int)"
16979995669,87808,125558,1,3072,1,32,4,1,32,0.000,0.000,,,,,NVIDIA GeForce RTX 3090 (0),1,,7,"gemv_kernel_g128(const float4 *, const unsigned int *, const unsigned int *, const __half *, __half *, int, int)"
16982172436,82880,125706,1,1024,1,32,4,1,32,0.000,0.000,,,,,NVIDIA GeForce RTX 3090 (0),1,,7,"gemv_kernel_g128(const float4 *, const unsigned int *, const unsigned int *, const __half *, __half *, int, int)"
16982277428,71616,125712,1,2752,1,32,4,1,32,0.000,0.000,,,,,NVIDIA GeForce RTX 3090 (0),1,,7,"gemv_kernel_g128(const float4 *, const unsigned int *, const unsigned int *, const __half *, __half *, int, int)"
16982350452,73792,125714,1,2752,1,32,4,1,32,0.000,0.000,,,,,NVIDIA GeForce RTX 3090 (0),1,,7,"gemv_kernel_g128(const float4 *, const unsigned int *, const unsigned int *, const __half *, __half *, int, int)"
16982429268,36992,125718,1,1024,1,32,4,1,32,0.000,0.000,,,,,NVIDIA GeForce RTX 3090 (0),1,,7,"gemv_kernel_g128(const float4 *, const unsigned int *, const unsigned int *, const __half *, __half *, int, int)"
16982486868,91200,125724,1,3072,1,32,4,1,32,0.000,0.000,,,,,NVIDIA GeForce RTX 3090 (0),1,,7,"gemv_kernel_g128(const float4 *, const unsigned int *, const unsigned int *, const __half *, __half *, int, int)"
16984355732,69760,125872,1,1024,1,32,4,1,32,0.000,0.000,,,,,NVIDIA GeForce RTX 3090 (0),1,,7,"gemv_kernel_g128(const float4 *, const unsigned int *, const unsigned int *, const __half *, __half *, int, int)"
16984447284,65792,125878,1,2752,1,32,4,1,32,0.000,0.000,,,,,NVIDIA GeForce RTX 3090 (0),1,,7,"gemv_kernel_g128(const float4 *, const unsigned int *, const unsigned int *, const __half *, __half *, int, int)"
16984514516,67744,125880,1,2752,1,32,4,1,32,0.000,0.000,,,,,NVIDIA GeForce RTX 3090 (0),1,,7,"gemv_kernel_g128(const float4 *, const unsigned int *, const unsigned int *, const __half *, __half *, int, int)"
16984586900,38848,125884,1,1024,1,32,4,1,32,0.000,0.000,,,,,NVIDIA GeForce RTX 3090 (0),1,,7,"gemv_kernel_g128(const float4 *, const unsigned int *, const unsigned int *, const __half *, __half *, int, int)"
16984646388,89888,125890,1,3072,1,32,4,1,32,0.000,0.000,,,,,NVIDIA GeForce RTX 3090 (0),1,,7,"gemv_kernel_g128(const float4 *, const unsigned int *, const unsigned int *, const __half *, __half *, int, int)"
16986520019,73472,126038,1,1024,1,32,4,1,32,0.000,0.000,,,,,NVIDIA GeForce RTX 3090 (0),1,,7,"gemv_kernel_g128(const float4 *, const unsigned int *, const unsigned int *, const __half *, __half *, int, int)"
16986614515,65312,126044,1,2752,1,32,4,1,32,0.000,0.000,,,,,NVIDIA GeForce RTX 3090 (0),1,,7,"gemv_kernel_g128(const float4 *, const unsigned int *, const unsigned int *, const __half *, __half *, int, int)"
16986681779,65856,126046,1,2752,1,32,4,1,32,0.000,0.000,,,,,NVIDIA GeForce RTX 3090 (0),1,,7,"gemv_kernel_g128(const float4 *, const unsigned int *, const unsigned int *, const __half *, __half *, int, int)"
16986752243,37760,126050,1,1024,1,32,4,1,32,0.000,0.000,,,,,NVIDIA GeForce RTX 3090 (0),1,,7,"gemv_kernel_g128(const float4 *, const unsigned int *, const unsigned int *, const __half *, __half *, int, int)"
16986810867,86784,126056,1,3072,1,32,4,1,32,0.000,0.000,,,,,NVIDIA GeForce RTX 3090 (0),1,,7,"gemv_kernel_g128(const float4 *, const unsigned int *, const unsigned int *, const __half *, __half *, int, int)"
16988787507,75104,126204,1,1024,1,32,4,1,32,0.000,0.000,,,,,NVIDIA GeForce RTX 3090 (0),1,,7,"gemv_kernel_g128(const float4 *, const unsigned int *, const unsigned int *, const __half *, __half *, int, int)"
16988884595,65568,126210,1,2752,1,32,4,1,32,0.000,0.000,,,,,NVIDIA GeForce RTX 3090 (0),1,,7,"gemv_kernel_g128(const float4 *, const unsigned int *, const unsigned int *, const __half *, __half *, int, int)"
16988951667,76320,126212,1,2752,1,32,4,1,32,0.000,0.000,,,,,NVIDIA GeForce RTX 3090 (0),1,,7,"gemv_kernel_g128(const float4 *, const unsigned int *, const unsigned int *, const __half *, __half *, int, int)"
16989033139,39040,126216,1,1024,1,32,4,1,32,0.000,0.000,,,,,NVIDIA GeForce RTX 3090 (0),1,,7,"gemv_kernel_g128(const float4 *, const unsigned int *, const unsigned int *, const __half *, __half *, int, int)"
16989093107,92960,126222,1,3072,1,32,4,1,32,0.000,0.000,,,,,NVIDIA GeForce RTX 3090 (0),1,,7,"gemv_kernel_g128(const float4 *, const unsigned int *, const unsigned int *, const __half *, __half *, int, int)"
16991670738,69856,126370,1,1024,1,32,4,1,32,0.000,0.000,,,,,NVIDIA GeForce RTX 3090 (0),1,,7,"gemv_kernel_g128(const float4 *, const unsigned int *, const unsigned int *, const __half *, __half *, int, int)"
16991762002,65344,126376,1,2752,1,32,4,1,32,0.000,0.000,,,,,NVIDIA GeForce RTX 3090 (0),1,,7,"gemv_kernel_g128(const float4 *, const unsigned int *, const unsigned int *, const __half *, __half *, int, int)"
16991828786,68384,126378,1,2752,1,32,4,1,32,0.000,0.000,,,,,NVIDIA GeForce RTX 3090 (0),1,,7,"gemv_kernel_g128(const float4 *, const unsigned int *, const unsigned int *, const __half *, __half *, int, int)"
16991902226,39072,126382,1,1024,1,32,4,1,32,0.000,0.000,,,,,NVIDIA GeForce RTX 3090 (0),1,,7,"gemv_kernel_g128(const float4 *, const unsigned int *, const unsigned int *, const __half *, __half *, int, int)"
16991962066,90464,126388,1,3072,1,32,4,1,32,0.000,0.000,,,,,NVIDIA GeForce RTX 3090 (0),1,,7,"gemv_kernel_g128(const float4 *, const unsigned int *, const unsigned int *, const __half *, __half *, int, int)"
16993912625,74880,126536,1,1024,1,32,4,1,32,0.000,0.000,,,,,NVIDIA GeForce RTX 3090 (0),1,,7,"gemv_kernel_g128(const float4 *, const unsigned int *, const unsigned int *, const __half *, __half *, int, int)"
16994009361,65856,126542,1,2752,1,32,4,1,32,0.000,0.000,,,,,NVIDIA GeForce RTX 3090 (0),1,,7,"gemv_kernel_g128(const float4 *, const unsigned int *, const unsigned int *, const __half *, __half *, int, int)"
16994076689,67264,126544,1,2752,1,32,4,1,32,0.000,0.000,,,,,NVIDIA GeForce RTX 3090 (0),1,,7,"gemv_kernel_g128(const float4 *, const unsigned int *, const unsigned int *, const __half *, __half *, int, int)"
16994148625,37312,126548,1,1024,1,32,4,1,32,0.000,0.000,,,,,NVIDIA GeForce RTX 3090 (0),1,,7,"gemv_kernel_g128(const float4 *, const unsigned int *, const unsigned int *, const __half *, __half *, int, int)"
16994206449,89824,126554,1,3072,1,32,4,1,32,0.000,0.000,,,,,NVIDIA GeForce RTX 3090 (0),1,,7,"gemv_kernel_g128(const float4 *, const unsigned int *, const unsigned int *, const __half *, __half *, int, int)"
16996160049,69728,126702,1,1024,1,32,4,1,32,0.000,0.000,,,,,NVIDIA GeForce RTX 3090 (0),1,,7,"gemv_kernel_g128(const float4 *, const unsigned int *, const unsigned int *, const __half *, __half *, int, int)"
16996250897,66272,126708,1,2752,1,32,4,1,32,0.000,0.000,,,,,NVIDIA GeForce RTX 3090 (0),1,,7,"gemv_kernel_g128(const float4 *, const unsigned int *, const unsigned int *, const __half *, __half *, int, int)"
16996319409,66208,126710,1,2752,1,32,4,1,32,0.000,0.000,,,,,NVIDIA GeForce RTX 3090 (0),1,,7,"gemv_kernel_g128(const float4 *, const unsigned int *, const unsigned int *, const __half *, __half *, int, int)"
16996390353,39104,126714,1,1024,1,32,4,1,32,0.000,0.000,,,,,NVIDIA GeForce RTX 3090 (0),1,,7,"gemv_kernel_g128(const float4 *, const unsigned int *, const unsigned int *, const __half *, __half *, int, int)"
16996450737,87264,126720,1,3072,1,32,4,1,32,0.000,0.000,,,,,NVIDIA GeForce RTX 3090 (0),1,,7,"gemv_kernel_g128(const float4 *, const unsigned int *, const unsigned int *, const __half *, __half *, int, int)"
16998622896,71648,126868,1,1024,1,32,4,1,32,0.000,0.000,,,,,NVIDIA GeForce RTX 3090 (0),1,,7,"gemv_kernel_g128(const float4 *, const unsigned int *, const unsigned int *, const __half *, __half *, int, int)"
16998716624,65312,126874,1,2752,1,32,4,1,32,0.000,0.000,,,,,NVIDIA GeForce RTX 3090 (0),1,,7,"gemv_kernel_g128(const float4 *, const unsigned int *, const unsigned int *, const __half *, __half *, int, int)"
16998783376,65376,126876,1,2752,1,32,4,1,32,0.000,0.000,,,,,NVIDIA GeForce RTX 3090 (0),1,,7,"gemv_kernel_g128(const float4 *, const unsigned int *, const unsigned int *, const __half *, __half *, int, int)"
16998853840,38496,126880,1,1024,1,32,4,1,32,0.000,0.000,,,,,NVIDIA GeForce RTX 3090 (0),1,,7,"gemv_kernel_g128(const float4 *, const unsigned int *, const unsigned int *, const __half *, __half *, int, int)"
16998918352,93472,126886,1,3072,1,32,4,1,32,0.000,0.000,,,,,NVIDIA GeForce RTX 3090 (0),1,,7,"gemv_kernel_g128(const float4 *, const unsigned int *, const unsigned int *, const __half *, __half *, int, int)"
17000902320,70304,127034,1,1024,1,32,4,1,32,0.000,0.000,,,,,NVIDIA GeForce RTX 3090 (0),1,,7,"gemv_kernel_g128(const float4 *, const unsigned int *, const unsigned int *, const __half *, __half *, int, int)"
17000994896,65568,127040,1,2752,1,32,4,1,32,0.000,0.000,,,,,NVIDIA GeForce RTX 3090 (0),1,,7,"gemv_kernel_g128(const float4 *, const unsigned int *, const unsigned int *, const __half *, __half *, int, int)"
17001061968,64832,127042,1,2752,1,32,4,1,32,0.000,0.000,,,,,NVIDIA GeForce RTX 3090 (0),1,,7,"gemv_kernel_g128(const float4 *, const unsigned int *, const unsigned int *, const __half *, __half *, int, int)"
17001131824,37824,127046,1,1024,1,32,4,1,32,0.000,0.000,,,,,NVIDIA GeForce RTX 3090 (0),1,,7,"gemv_kernel_g128(const float4 *, const unsigned int *, const unsigned int *, const __half *, __half *, int, int)"
17001190256,88640,127052,1,3072,1,32,4,1,32,0.000,0.000,,,,,NVIDIA GeForce RTX 3090 (0),1,,7,"gemv_kernel_g128(const float4 *, const unsigned int *, const unsigned int *, const __half *, __half *, int, int)"
17003294543,70752,127200,1,1024,1,32,4,1,32,0.000,0.000,,,,,NVIDIA GeForce RTX 3090 (0),1,,7,"gemv_kernel_g128(const float4 *, const unsigned int *, const unsigned int *, const __half *, __half *, int, int)"
17003386671,65632,127206,1,2752,1,32,4,1,32,0.000,0.000,,,,,NVIDIA GeForce RTX 3090 (0),1,,7,"gemv_kernel_g128(const float4 *, const unsigned int *, const unsigned int *, const __half *, __half *, int, int)"
17003453775,65536,127208,1,2752,1,32,4,1,32,0.000,0.000,,,,,NVIDIA GeForce RTX 3090 (0),1,,7,"gemv_kernel_g128(const float4 *, const unsigned int *, const unsigned int *, const __half *, __half *, int, int)"
17003523983,38080,127212,1,1024,1,32,4,1,32,0.000,0.000,,,,,NVIDIA GeForce RTX 3090 (0),1,,7,"gemv_kernel_g128(const float4 *, const unsigned int *, const unsigned int *, const __half *, __half *, int, int)"
17003582479,92736,127218,1,3072,1,32,4,1,32,0.000,0.000,,,,,NVIDIA GeForce RTX 3090 (0),1,,7,"gemv_kernel_g128(const float4 *, const unsigned int *, const unsigned int *, const __half *, __half *, int, int)"
17005661647,70368,127366,1,1024,1,32,4,1,32,0.000,0.000,,,,,NVIDIA GeForce RTX 3090 (0),1,,7,"gemv_kernel_g128(const float4 *, const unsigned int *, const unsigned int *, const __half *, __half *, int, int)"
17005753550,65984,127372,1,2752,1,32,4,1,32,0.000,0.000,,,,,NVIDIA GeForce RTX 3090 (0),1,,7,"gemv_kernel_g128(const float4 *, const unsigned int *, const unsigned int *, const __half *, __half *, int, int)"
17005821454,65312,127374,1,2752,1,32,4,1,32,0.000,0.000,,,,,NVIDIA GeForce RTX 3090 (0),1,,7,"gemv_kernel_g128(const float4 *, const unsigned int *, const unsigned int *, const __half *, __half *, int, int)"
17005891566,38112,127378,1,1024,1,32,4,1,32,0.000,0.000,,,,,NVIDIA GeForce RTX 3090 (0),1,,7,"gemv_kernel_g128(const float4 *, const unsigned int *, const unsigned int *, const __half *, __half *, int, int)"
17005950382,91744,127384,1,3072,1,32,4,1,32,0.000,0.000,,,,,NVIDIA GeForce RTX 3090 (0),1,,7,"gemv_kernel_g128(const float4 *, const unsigned int *, const unsigned int *, const __half *, __half *, int, int)"
17007965006,70432,127532,1,1024,1,32,4,1,32,0.000,0.000,,,,,NVIDIA GeForce RTX 3090 (0),1,,7,"gemv_kernel_g128(const float4 *, const unsigned int *, const unsigned int *, const __half *, __half *, int, int)"
17008057038,65728,127538,1,2752,1,32,4,1,32,0.000,0.000,,,,,NVIDIA GeForce RTX 3090 (0),1,,7,"gemv_kernel_g128(const float4 *, const unsigned int *, const unsigned int *, const __half *, __half *, int, int)"
17008124238,65280,127540,1,2752,1,32,4,1,32,0.000,0.000,,,,,NVIDIA GeForce RTX 3090 (0),1,,7,"gemv_kernel_g128(const float4 *, const unsigned int *, const unsigned int *, const __half *, __half *, int, int)"
17008194638,37760,127544,1,1024,1,32,4,1,32,0.000,0.000,,,,,NVIDIA GeForce RTX 3090 (0),1,,7,"gemv_kernel_g128(const float4 *, const unsigned int *, const unsigned int *, const __half *, __half *, int, int)"
17008252814,86752,127550,1,3072,1,32,4,1,32,0.000,0.000,,,,,NVIDIA GeForce RTX 3090 (0),1,,7,"gemv_kernel_g128(const float4 *, const unsigned int *, const unsigned int *, const __half *, __half *, int, int)"
17010653997,70112,127698,1,1024,1,32,4,1,32,0.000,0.000,,,,,NVIDIA GeForce RTX 3090 (0),1,,7,"gemv_kernel_g128(const float4 *, const unsigned int *, const unsigned int *, const __half *, __half *, int, int)"
17010746093,80416,127704,1,2752,1,32,4,1,32,0.000,0.000,,,,,NVIDIA GeForce RTX 3090 (0),1,,7,"gemv_kernel_g128(const float4 *, const unsigned int *, const unsigned int *, const __half *, __half *, int, int)"
17010827981,66240,127706,1,2752,1,32,4,1,32,0.000,0.000,,,,,NVIDIA GeForce RTX 3090 (0),1,,7,"gemv_kernel_g128(const float4 *, const unsigned int *, const unsigned int *, const __half *, __half *, int, int)"
17011108365,40672,127710,1,1024,1,32,4,1,32,0.000,0.000,,,,,NVIDIA GeForce RTX 3090 (0),1,,7,"gemv_kernel_g128(const float4 *, const unsigned int *, const unsigned int *, const __half *, __half *, int, int)"
17011169613,91968,127716,1,3072,1,32,4,1,32,0.000,0.000,,,,,NVIDIA GeForce RTX 3090 (0),1,,7,"gemv_kernel_g128(const float4 *, const unsigned int *, const unsigned int *, const __half *, __half *, int, int)"
17013523117,82208,127864,1,1024,1,32,4,1,32,0.000,0.000,,,,,NVIDIA GeForce RTX 3090 (0),1,,7,"gemv_kernel_g128(const float4 *, const unsigned int *, const unsigned int *, const __half *, __half *, int, int)"
17013629229,69792,127870,1,2752,1,32,4,1,32,0.000,0.000,,,,,NVIDIA GeForce RTX 3090 (0),1,,7,"gemv_kernel_g128(const float4 *, const unsigned int *, const unsigned int *, const __half *, __half *, int, int)"
17013700429,69024,127872,1,2752,1,32,4,1,32,0.000,0.000,,,,,NVIDIA GeForce RTX 3090 (0),1,,7,"gemv_kernel_g128(const float4 *, const unsigned int *, const unsigned int *, const __half *, __half *, int, int)"
17013774093,36864,127876,1,1024,1,32,4,1,32,0.000,0.000,,,,,NVIDIA GeForce RTX 3090 (0),1,,7,"gemv_kernel_g128(const float4 *, const unsigned int *, const unsigned int *, const __half *, __half *, int, int)"
17013833901,107903,127882,1,3072,1,32,4,1,32,0.000,0.000,,,,,NVIDIA GeForce RTX 3090 (0),1,,7,"gemv_kernel_g128(const float4 *, const unsigned int *, const unsigned int *, const __half *, __half *, int, int)"
17015922764,73312,128030,1,1024,1,32,4,1,32,0.000,0.000,,,,,NVIDIA GeForce RTX 3090 (0),1,,7,"gemv_kernel_g128(const float4 *, const unsigned int *, const unsigned int *, const __half *, __half *, int, int)"
17016017004,65888,128036,1,2752,1,32,4,1,32,0.000,0.000,,,,,NVIDIA GeForce RTX 3090 (0),1,,7,"gemv_kernel_g128(const float4 *, const unsigned int *, const unsigned int *, const __half *, __half *, int, int)"
17016084812,66432,128038,1,2752,1,32,4,1,32,0.000,0.000,,,,,NVIDIA GeForce RTX 3090 (0),1,,7,"gemv_kernel_g128(const float4 *, const unsigned int *, const unsigned int *, const __half *, __half *, int, int)"
17016156076,39328,128042,1,1024,1,32,4,1,32,0.000,0.000,,,,,NVIDIA GeForce RTX 3090 (0),1,,7,"gemv_kernel_g128(const float4 *, const unsigned int *, const unsigned int *, const __half *, __half *, int, int)"
17016216556,92224,128048,1,3072,1,32,4,1,32,0.000,0.000,,,,,NVIDIA GeForce RTX 3090 (0),1,,7,"gemv_kernel_g128(const float4 *, const unsigned int *, const unsigned int *, const __half *, __half *, int, int)"
17018253931,71456,128196,1,1024,1,32,4,1,32,0.000,0.000,,,,,NVIDIA GeForce RTX 3090 (0),1,,7,"gemv_kernel_g128(const float4 *, const unsigned int *, const unsigned int *, const __half *, __half *, int, int)"
17018346699,65536,128202,1,2752,1,32,4,1,32,0.000,0.000,,,,,NVIDIA GeForce RTX 3090 (0),1,,7,"gemv_kernel_g128(const float4 *, const unsigned int *, const unsigned int *, const __half *, __half *, int, int)"
17018413707,65120,128204,1,2752,1,32,4,1,32,0.000,0.000,,,,,NVIDIA GeForce RTX 3090 (0),1,,7,"gemv_kernel_g128(const float4 *, const unsigned int *, const unsigned int *, const __half *, __half *, int, int)"
17018483979,37376,128208,1,1024,1,32,4,1,32,0.000,0.000,,,,,NVIDIA GeForce RTX 3090 (0),1,,7,"gemv_kernel_g128(const float4 *, const unsigned int *, const unsigned int *, const __half *, __half *, int, int)"
17018542603,91168,128214,1,3072,1,32,4,1,32,0.000,0.000,,,,,NVIDIA GeForce RTX 3090 (0),1,,7,"gemv_kernel_g128(const float4 *, const unsigned int *, const unsigned int *, const __half *, __half *, int, int)"
17020488715,70080,128362,1,1024,1,32,4,1,32,0.000,0.000,,,,,NVIDIA GeForce RTX 3090 (0),1,,7,"gemv_kernel_g128(const float4 *, const unsigned int *, const unsigned int *, const __half *, __half *, int, int)"
17020580907,66784,128368,1,2752,1,32,4,1,32,0.000,0.000,,,,,NVIDIA GeForce RTX 3090 (0),1,,7,"gemv_kernel_g128(const float4 *, const unsigned int *, const unsigned int *, const __half *, __half *, int, int)"
17020649131,65792,128370,1,2752,1,32,4,1,32,0.000,0.000,,,,,NVIDIA GeForce RTX 3090 (0),1,,7,"gemv_kernel_g128(const float4 *, const unsigned int *, const unsigned int *, const __half *, __half *, int, int)"
17020720107,37760,128374,1,1024,1,32,4,1,32,0.000,0.000,,,,,NVIDIA GeForce RTX 3090 (0),1,,7,"gemv_kernel_g128(const float4 *, const unsigned int *, const unsigned int *, const __half *, __half *, int, int)"
17020778539,88768,128380,1,3072,1,32,4,1,32,0.000,0.000,,,,,NVIDIA GeForce RTX 3090 (0),1,,7,"gemv_kernel_g128(const float4 *, const unsigned int *, const unsigned int *, const __half *, __half *, int, int)"
17022785834,79104,128528,1,1024,1,32,4,1,32,0.000,0.000,,,,,NVIDIA GeForce RTX 3090 (0),1,,7,"gemv_kernel_g128(const float4 *, const unsigned int *, const unsigned int *, const __half *, __half *, int, int)"
17022887594,71040,128534,1,2752,1,32,4,1,32,0.000,0.000,,,,,NVIDIA GeForce RTX 3090 (0),1,,7,"gemv_kernel_g128(const float4 *, const unsigned int *, const unsigned int *, const __half *, __half *, int, int)"
17022960106,70144,128536,1,2752,1,32,4,1,32,0.000,0.000,,,,,NVIDIA GeForce RTX 3090 (0),1,,7,"gemv_kernel_g128(const float4 *, const unsigned int *, const unsigned int *, const __half *, __half *, int, int)"
17023034954,38720,128540,1,1024,1,32,4,1,32,0.000,0.000,,,,,NVIDIA GeForce RTX 3090 (0),1,,7,"gemv_kernel_g128(const float4 *, const unsigned int *, const unsigned int *, const __half *, __half *, int, int)"
17023099690,89664,128546,1,3072,1,32,4,1,32,0.000,0.000,,,,,NVIDIA GeForce RTX 3090 (0),1,,7,"gemv_kernel_g128(const float4 *, const unsigned int *, const unsigned int *, const __half *, __half *, int, int)"
17025431690,71200,128694,1,1024,1,32,4,1,32,0.000,0.000,,,,,NVIDIA GeForce RTX 3090 (0),1,,7,"gemv_kernel_g128(const float4 *, const unsigned int *, const unsigned int *, const __half *, __half *, int, int)"
17025524170,65952,128700,1,2752,1,32,4,1,32,0.000,0.000,,,,,NVIDIA GeForce RTX 3090 (0),1,,7,"gemv_kernel_g128(const float4 *, const unsigned int *, const unsigned int *, const __half *, __half *, int, int)"
17025591946,65056,128702,1,2752,1,32,4,1,32,0.000,0.000,,,,,NVIDIA GeForce RTX 3090 (0),1,,7,"gemv_kernel_g128(const float4 *, const unsigned int *, const unsigned int *, const __half *, __half *, int, int)"
17025661642,37600,128706,1,1024,1,32,4,1,32,0.000,0.000,,,,,NVIDIA GeForce RTX 3090 (0),1,,7,"gemv_kernel_g128(const float4 *, const unsigned int *, const unsigned int *, const __half *, __half *, int, int)"
17025720138,88480,128712,1,3072,1,32,4,1,32,0.000,0.000,,,,,NVIDIA GeForce RTX 3090 (0),1,,7,"gemv_kernel_g128(const float4 *, const unsigned int *, const unsigned int *, const __half *, __half *, int, int)"
17027750985,70752,128860,1,1024,1,32,4,1,32,0.000,0.000,,,,,NVIDIA GeForce RTX 3090 (0),1,,7,"gemv_kernel_g128(const float4 *, const unsigned int *, const unsigned int *, const __half *, __half *, int, int)"
17027844233,64448,128866,1,2752,1,32,4,1,32,0.000,0.000,,,,,NVIDIA GeForce RTX 3090 (0),1,,7,"gemv_kernel_g128(const float4 *, const unsigned int *, const unsigned int *, const __half *, __half *, int, int)"
17027910089,64960,128868,1,2752,1,32,4,1,32,0.000,0.000,,,,,NVIDIA GeForce RTX 3090 (0),1,,7,"gemv_kernel_g128(const float4 *, const unsigned int *, const unsigned int *, const __half *, __half *, int, int)"
17027980265,37600,128872,1,1024,1,32,4,1,32,0.000,0.000,,,,,NVIDIA GeForce RTX 3090 (0),1,,7,"gemv_kernel_g128(const float4 *, const unsigned int *, const unsigned int *, const __half *, __half *, int, int)"
17028039113,87936,128878,1,3072,1,32,4,1,32,0.000,0.000,,,,,NVIDIA GeForce RTX 3090 (0),1,,7,"gemv_kernel_g128(const float4 *, const unsigned int *, const unsigned int *, const __half *, __half *, int, int)"
17030531304,70784,129026,1,1024,1,32,4,1,32,0.000,0.000,,,,,NVIDIA GeForce RTX 3090 (0),1,,7,"gemv_kernel_g128(const float4 *, const unsigned int *, const unsigned int *, const __half *, __half *, int, int)"
17030623688,65248,129032,1,2752,1,32,4,1,32,0.000,0.000,,,,,NVIDIA GeForce RTX 3090 (0),1,,7,"gemv_kernel_g128(const float4 *, const unsigned int *, const unsigned int *, const __half *, __half *, int, int)"
17030690312,66048,129034,1,2752,1,32,4,1,32,0.000,0.000,,,,,NVIDIA GeForce RTX 3090 (0),1,,7,"gemv_kernel_g128(const float4 *, const unsigned int *, const unsigned int *, const __half *, __half *, int, int)"
17030761384,38176,129038,1,1024,1,32,4,1,32,0.000,0.000,,,,,NVIDIA GeForce RTX 3090 (0),1,,7,"gemv_kernel_g128(const float4 *, const unsigned int *, const unsigned int *, const __half *, __half *, int, int)"
17030820040,88032,129044,1,3072,1,32,4,1,32,0.000,0.000,,,,,NVIDIA GeForce RTX 3090 (0),1,,7,"gemv_kernel_g128(const float4 *, const unsigned int *, const unsigned int *, const __half *, __half *, int, int)"
17032883752,73184,129192,1,1024,1,32,4,1,32,0.000,0.000,,,,,NVIDIA GeForce RTX 3090 (0),1,,7,"gemv_kernel_g128(const float4 *, const unsigned int *, const unsigned int *, const __half *, __half *, int, int)"
17032978792,65984,129198,1,2752,1,32,4,1,32,0.000,0.000,,,,,NVIDIA GeForce RTX 3090 (0),1,,7,"gemv_kernel_g128(const float4 *, const unsigned int *, const unsigned int *, const __half *, __half *, int, int)"
17033046248,65504,129200,1,2752,1,32,4,1,32,0.000,0.000,,,,,NVIDIA GeForce RTX 3090 (0),1,,7,"gemv_kernel_g128(const float4 *, const unsigned int *, const unsigned int *, const __half *, __half *, int, int)"
17033116520,37408,129204,1,1024,1,32,4,1,32,0.000,0.000,,,,,NVIDIA GeForce RTX 3090 (0),1,,7,"gemv_kernel_g128(const float4 *, const unsigned int *, const unsigned int *, const __half *, __half *, int, int)"
17033175016,87488,129210,1,3072,1,32,4,1,32,0.000,0.000,,,,,NVIDIA GeForce RTX 3090 (0),1,,7,"gemv_kernel_g128(const float4 *, const unsigned int *, const unsigned int *, const __half *, __half *, int, int)"
17035171847,70144,129358,1,1024,1,32,4,1,32,0.000,0.000,,,,,NVIDIA GeForce RTX 3090 (0),1,,7,"gemv_kernel_g128(const float4 *, const unsigned int *, const unsigned int *, const __half *, __half *, int, int)"
17035264231,66368,129364,1,2752,1,32,4,1,32,0.000,0.000,,,,,NVIDIA GeForce RTX 3090 (0),1,,7,"gemv_kernel_g128(const float4 *, const unsigned int *, const unsigned int *, const __half *, __half *, int, int)"
17035332519,65792,129366,1,2752,1,32,4,1,32,0.000,0.000,,,,,NVIDIA GeForce RTX 3090 (0),1,,7,"gemv_kernel_g128(const float4 *, const unsigned int *, const unsigned int *, const __half *, __half *, int, int)"
17035403015,38368,129370,1,1024,1,32,4,1,32,0.000,0.000,,,,,NVIDIA GeForce RTX 3090 (0),1,,7,"gemv_kernel_g128(const float4 *, const unsigned int *, const unsigned int *, const __half *, __half *, int, int)"
17035462503,90656,129376,1,3072,1,32,4,1,32,0.000,0.000,,,,,NVIDIA GeForce RTX 3090 (0),1,,7,"gemv_kernel_g128(const float4 *, const unsigned int *, const unsigned int *, const __half *, __half *, int, int)"
17037924519,72288,129524,1,1024,1,32,4,1,32,0.000,0.000,,,,,NVIDIA GeForce RTX 3090 (0),1,,7,"gemv_kernel_g128(const float4 *, const unsigned int *, const unsigned int *, const __half *, __half *, int, int)"
17038017927,65248,129530,1,2752,1,32,4,1,32,0.000,0.000,,,,,NVIDIA GeForce RTX 3090 (0),1,,7,"gemv_kernel_g128(const float4 *, const unsigned int *, const unsigned int *, const __half *, __half *, int, int)"
17038084583,65824,129532,1,2752,1,32,4,1,32,0.000,0.000,,,,,NVIDIA GeForce RTX 3090 (0),1,,7,"gemv_kernel_g128(const float4 *, const unsigned int *, const unsigned int *, const __half *, __half *, int, int)"
17038155879,37344,129536,1,1024,1,32,4,1,32,0.000,0.000,,,,,NVIDIA GeForce RTX 3090 (0),1,,7,"gemv_kernel_g128(const float4 *, const unsigned int *, const unsigned int *, const __half *, __half *, int, int)"
17038392262,93024,129542,1,3072,1,32,4,1,32,0.000,0.000,,,,,NVIDIA GeForce RTX 3090 (0),1,,7,"gemv_kernel_g128(const float4 *, const unsigned int *, const unsigned int *, const __half *, __half *, int, int)"
17040413862,73280,129690,1,1024,1,32,4,1,32,0.000,0.000,,,,,NVIDIA GeForce RTX 3090 (0),1,,7,"gemv_kernel_g128(const float4 *, const unsigned int *, const unsigned int *, const __half *, __half *, int, int)"
17040509734,66624,129696,1,2752,1,32,4,1,32,0.000,0.000,,,,,NVIDIA GeForce RTX 3090 (0),1,,7,"gemv_kernel_g128(const float4 *, const unsigned int *, const unsigned int *, const __half *, __half *, int, int)"
17040577830,66208,129698,1,2752,1,32,4,1,32,0.000,0.000,,,,,NVIDIA GeForce RTX 3090 (0),1,,7,"gemv_kernel_g128(const float4 *, const unsigned int *, const unsigned int *, const __half *, __half *, int, int)"
17040649094,38176,129702,1,1024,1,32,4,1,32,0.000,0.000,,,,,NVIDIA GeForce RTX 3090 (0),1,,7,"gemv_kernel_g128(const float4 *, const unsigned int *, const unsigned int *, const __half *, __half *, int, int)"
17040707942,85504,129708,1,3072,1,32,4,1,32,0.000,0.000,,,,,NVIDIA GeForce RTX 3090 (0),1,,7,"gemv_kernel_g128(const float4 *, const unsigned int *, const unsigned int *, const __half *, __half *, int, int)"
17042692581,69408,129856,1,1024,1,32,4,1,32,0.000,0.000,,,,,NVIDIA GeForce RTX 3090 (0),1,,7,"gemv_kernel_g128(const float4 *, const unsigned int *, const unsigned int *, const __half *, __half *, int, int)"
17042784229,65632,129862,1,2752,1,32,4,1,32,0.000,0.000,,,,,NVIDIA GeForce RTX 3090 (0),1,,7,"gemv_kernel_g128(const float4 *, const unsigned int *, const unsigned int *, const __half *, __half *, int, int)"
17042851333,64864,129864,1,2752,1,32,4,1,32,0.000,0.000,,,,,NVIDIA GeForce RTX 3090 (0),1,,7,"gemv_kernel_g128(const float4 *, const unsigned int *, const unsigned int *, const __half *, __half *, int, int)"
17042920933,38240,129868,1,1024,1,32,4,1,32,0.000,0.000,,,,,NVIDIA GeForce RTX 3090 (0),1,,7,"gemv_kernel_g128(const float4 *, const unsigned int *, const unsigned int *, const __half *, __half *, int, int)"
17042980069,86080,129874,1,3072,1,32,4,1,32,0.000,0.000,,,,,NVIDIA GeForce RTX 3090 (0),1,,7,"gemv_kernel_g128(const float4 *, const unsigned int *, const unsigned int *, const __half *, __half *, int, int)"
17045064933,75488,130022,1,1024,1,32,4,1,32,0.000,0.000,,,,,NVIDIA GeForce RTX 3090 (0),1,,7,"gemv_kernel_g128(const float4 *, const unsigned int *, const unsigned int *, const __half *, __half *, int, int)"
17045161445,66880,130028,1,2752,1,32,4,1,32,0.000,0.000,,,,,NVIDIA GeForce RTX 3090 (0),1,,7,"gemv_kernel_g128(const float4 *, const unsigned int *, const unsigned int *, const __half *, __half *, int, int)"
17045230277,67552,130030,1,2752,1,32,4,1,32,0.000,0.000,,,,,NVIDIA GeForce RTX 3090 (0),1,,7,"gemv_kernel_g128(const float4 *, const unsigned int *, const unsigned int *, const __half *, __half *, int, int)"
17045302533,38016,130034,1,1024,1,32,4,1,32,0.000,0.000,,,,,NVIDIA GeForce RTX 3090 (0),1,,7,"gemv_kernel_g128(const float4 *, const unsigned int *, const unsigned int *, const __half *, __half *, int, int)"
17045367493,92672,130040,1,3072,1,32,4,1,32,0.000,0.000,,,,,NVIDIA GeForce RTX 3090 (0),1,,7,"gemv_kernel_g128(const float4 *, const unsigned int *, const unsigned int *, const __half *, __half *, int, int)"
17047565764,71456,130188,1,1024,1,32,4,1,32,0.000,0.000,,,,,NVIDIA GeForce RTX 3090 (0),1,,7,"gemv_kernel_g128(const float4 *, const unsigned int *, const unsigned int *, const __half *, __half *, int, int)"
17047658884,64960,130194,1,2752,1,32,4,1,32,0.000,0.000,,,,,NVIDIA GeForce RTX 3090 (0),1,,7,"gemv_kernel_g128(const float4 *, const unsigned int *, const unsigned int *, const __half *, __half *, int, int)"
17047725348,66400,130196,1,2752,1,32,4,1,32,0.000,0.000,,,,,NVIDIA GeForce RTX 3090 (0),1,,7,"gemv_kernel_g128(const float4 *, const unsigned int *, const unsigned int *, const __half *, __half *, int, int)"
17047796996,37632,130200,1,1024,1,32,4,1,32,0.000,0.000,,,,,NVIDIA GeForce RTX 3090 (0),1,,7,"gemv_kernel_g128(const float4 *, const unsigned int *, const unsigned int *, const __half *, __half *, int, int)"
17047861700,93536,130206,1,3072,1,32,4,1,32,0.000,0.000,,,,,NVIDIA GeForce RTX 3090 (0),1,,7,"gemv_kernel_g128(const float4 *, const unsigned int *, const unsigned int *, const __half *, __half *, int, int)"
17049983236,74272,130354,1,1024,1,32,4,1,32,0.000,0.000,,,,,NVIDIA GeForce RTX 3090 (0),1,,7,"gemv_kernel_g128(const float4 *, const unsigned int *, const unsigned int *, const __half *, __half *, int, int)"
17050079428,64896,130360,1,2752,1,32,4,1,32,0.000,0.000,,,,,NVIDIA GeForce RTX 3090 (0),1,,7,"gemv_kernel_g128(const float4 *, const unsigned int *, const unsigned int *, const __half *, __half *, int, int)"
17050145828,68416,130362,1,2752,1,32,4,1,32,0.000,0.000,,,,,NVIDIA GeForce RTX 3090 (0),1,,7,"gemv_kernel_g128(const float4 *, const unsigned int *, const unsigned int *, const __half *, __half *, int, int)"
17050219396,38368,130366,1,1024,1,32,4,1,32,0.000,0.000,,,,,NVIDIA GeForce RTX 3090 (0),1,,7,"gemv_kernel_g128(const float4 *, const unsigned int *, const unsigned int *, const __half *, __half *, int, int)"
17050278820,145696,130372,1,8000,1,32,4,1,32,0.000,0.000,,,,,NVIDIA GeForce RTX 3090 (0),1,,7,"gemv_kernel_g128(const float4 *, const unsigned int *, const unsigned int *, const __half *, __half *, int, int)"
17080416700,113920,130386,1,3072,1,32,4,1,32,0.000,0.000,,,,,NVIDIA GeForce RTX 3090 (0),1,,7,"gemv_kernel_g128(const float4 *, const unsigned int *, const unsigned int *, const __half *, __half *, int, int)"
17083241979,79936,130534,1,1024,1,32,4,1,32,0.000,0.000,,,,,NVIDIA GeForce RTX 3090 (0),1,,7,"gemv_kernel_g128(const float4 *, const unsigned int *, const unsigned int *, const __half *, __half *, int, int)"
17083345051,74944,130540,1,2752,1,32,4,1,32,0.000,0.000,,,,,NVIDIA GeForce RTX 3090 (0),1,,7,"gemv_kernel_g128(const float4 *, const unsigned int *, const unsigned int *, const __half *, __half *, int, int)"
17083421467,73248,130542,1,2752,1,32,4,1,32,0.000,0.000,,,,,NVIDIA GeForce RTX 3090 (0),1,,7,"gemv_kernel_g128(const float4 *, const unsigned int *, const unsigned int *, const __half *, __half *, int, int)"
17083499963,37920,130546,1,1024,1,32,4,1,32,0.000,0.000,,,,,NVIDIA GeForce RTX 3090 (0),1,,7,"gemv_kernel_g128(const float4 *, const unsigned int *, const unsigned int *, const __half *, __half *, int, int)"
17083559067,99808,130552,1,3072,1,32,4,1,32,0.000,0.000,,,,,NVIDIA GeForce RTX 3090 (0),1,,7,"gemv_kernel_g128(const float4 *, const unsigned int *, const unsigned int *, const __half *, __half *, int, int)"
17085898875,77504,130700,1,1024,1,32,4,1,32,0.000,0.000,,,,,NVIDIA GeForce RTX 3090 (0),1,,7,"gemv_kernel_g128(const float4 *, const unsigned int *, const unsigned int *, const __half *, __half *, int, int)"
17085998875,69888,130706,1,2752,1,32,4,1,32,0.000,0.000,,,,,NVIDIA GeForce RTX 3090 (0),1,,7,"gemv_kernel_g128(const float4 *, const unsigned int *, const unsigned int *, const __half *, __half *, int, int)"
17086070235,69152,130708,1,2752,1,32,4,1,32,0.000,0.000,,,,,NVIDIA GeForce RTX 3090 (0),1,,7,"gemv_kernel_g128(const float4 *, const unsigned int *, const unsigned int *, const __half *, __half *, int, int)"
17086148283,38048,130712,1,1024,1,32,4,1,32,0.000,0.000,,,,,NVIDIA GeForce RTX 3090 (0),1,,7,"gemv_kernel_g128(const float4 *, const unsigned int *, const unsigned int *, const __half *, __half *, int, int)"
17086207739,90080,130718,1,3072,1,32,4,1,32,0.000,0.000,,,,,NVIDIA GeForce RTX 3090 (0),1,,7,"gemv_kernel_g128(const float4 *, const unsigned int *, const unsigned int *, const __half *, __half *, int, int)"
17088310202,74176,130866,1,1024,1,32,4,1,32,0.000,0.000,,,,,NVIDIA GeForce RTX 3090 (0),1,,7,"gemv_kernel_g128(const float4 *, const unsigned int *, const unsigned int *, const __half *, __half *, int, int)"
17088405786,65664,130872,1,2752,1,32,4,1,32,0.000,0.000,,,,,NVIDIA GeForce RTX 3090 (0),1,,7,"gemv_kernel_g128(const float4 *, const unsigned int *, const unsigned int *, const __half *, __half *, int, int)"
17088473338,65632,130874,1,2752,1,32,4,1,32,0.000,0.000,,,,,NVIDIA GeForce RTX 3090 (0),1,,7,"gemv_kernel_g128(const float4 *, const unsigned int *, const unsigned int *, const __half *, __half *, int, int)"
17088543546,37184,130878,1,1024,1,32,4,1,32,0.000,0.000,,,,,NVIDIA GeForce RTX 3090 (0),1,,7,"gemv_kernel_g128(const float4 *, const unsigned int *, const unsigned int *, const __half *, __half *, int, int)"
17088601658,92672,130884,1,3072,1,32,4,1,32,0.000,0.000,,,,,NVIDIA GeForce RTX 3090 (0),1,,7,"gemv_kernel_g128(const float4 *, const unsigned int *, const unsigned int *, const __half *, __half *, int, int)"
17091359322,99391,131032,1,1024,1,32,4,1,32,0.000,0.000,,,,,NVIDIA GeForce RTX 3090 (0),1,,7,"gemv_kernel_g128(const float4 *, const unsigned int *, const unsigned int *, const __half *, __half *, int, int)"
17091482649,91264,131038,1,2752,1,32,4,1,32,0.000,0.000,,,,,NVIDIA GeForce RTX 3090 (0),1,,7,"gemv_kernel_g128(const float4 *, const unsigned int *, const unsigned int *, const __half *, __half *, int, int)"
17091575481,87424,131040,1,2752,1,32,4,1,32,0.000,0.000,,,,,NVIDIA GeForce RTX 3090 (0),1,,7,"gemv_kernel_g128(const float4 *, const unsigned int *, const unsigned int *, const __half *, __half *, int, int)"
17091667993,38176,131044,1,1024,1,32,4,1,32,0.000,0.000,,,,,NVIDIA GeForce RTX 3090 (0),1,,7,"gemv_kernel_g128(const float4 *, const unsigned int *, const unsigned int *, const __half *, __half *, int, int)"
17091728249,106432,131050,1,3072,1,32,4,1,32,0.000,0.000,,,,,NVIDIA GeForce RTX 3090 (0),1,,7,"gemv_kernel_g128(const float4 *, const unsigned int *, const unsigned int *, const __half *, __half *, int, int)"
17094181465,77888,131198,1,1024,1,32,4,1,32,0.000,0.000,,,,,NVIDIA GeForce RTX 3090 (0),1,,7,"gemv_kernel_g128(const float4 *, const unsigned int *, const unsigned int *, const __half *, __half *, int, int)"
17094281977,73888,131204,1,2752,1,32,4,1,32,0.000,0.000,,,,,NVIDIA GeForce RTX 3090 (0),1,,7,"gemv_kernel_g128(const float4 *, const unsigned int *, const unsigned int *, const __half *, __half *, int, int)"
17094357305,71360,131206,1,2752,1,32,4,1,32,0.000,0.000,,,,,NVIDIA GeForce RTX 3090 (0),1,,7,"gemv_kernel_g128(const float4 *, const unsigned int *, const unsigned int *, const __half *, __half *, int, int)"
17094433785,39520,131210,1,1024,1,32,4,1,32,0.000,0.000,,,,,NVIDIA GeForce RTX 3090 (0),1,,7,"gemv_kernel_g128(const float4 *, const unsigned int *, const unsigned int *, const __half *, __half *, int, int)"
17094494297,95072,131216,1,3072,1,32,4,1,32,0.000,0.000,,,,,NVIDIA GeForce RTX 3090 (0),1,,7,"gemv_kernel_g128(const float4 *, const unsigned int *, const unsigned int *, const __half *, __half *, int, int)"
17096846264,80320,131364,1,1024,1,32,4,1,32,0.000,0.000,,,,,NVIDIA GeForce RTX 3090 (0),1,,7,"gemv_kernel_g128(const float4 *, const unsigned int *, const unsigned int *, const __half *, __half *, int, int)"
17096949144,70464,131370,1,2752,1,32,4,1,32,0.000,0.000,,,,,NVIDIA GeForce RTX 3090 (0),1,,7,"gemv_kernel_g128(const float4 *, const unsigned int *, const unsigned int *, const __half *, __half *, int, int)"
17097021080,75840,131372,1,2752,1,32,4,1,32,0.000,0.000,,,,,NVIDIA GeForce RTX 3090 (0),1,,7,"gemv_kernel_g128(const float4 *, const unsigned int *, const unsigned int *, const __half *, __half *, int, int)"
17097101560,36736,131376,1,1024,1,32,4,1,32,0.000,0.000,,,,,NVIDIA GeForce RTX 3090 (0),1,,7,"gemv_kernel_g128(const float4 *, const unsigned int *, const unsigned int *, const __half *, __half *, int, int)"
17097159416,97920,131382,1,3072,1,32,4,1,32,0.000,0.000,,,,,NVIDIA GeForce RTX 3090 (0),1,,7,"gemv_kernel_g128(const float4 *, const unsigned int *, const unsigned int *, const __half *, __half *, int, int)"
17099549399,72992,131530,1,1024,1,32,4,1,32,0.000,0.000,,,,,NVIDIA GeForce RTX 3090 (0),1,,7,"gemv_kernel_g128(const float4 *, const unsigned int *, const unsigned int *, const __half *, __half *, int, int)"
17099643543,69408,131536,1,2752,1,32,4,1,32,0.000,0.000,,,,,NVIDIA GeForce RTX 3090 (0),1,,7,"gemv_kernel_g128(const float4 *, const unsigned int *, const unsigned int *, const __half *, __half *, int, int)"
17099720855,69024,131538,1,2752,1,32,4,1,32,0.000,0.000,,,,,NVIDIA GeForce RTX 3090 (0),1,,7,"gemv_kernel_g128(const float4 *, const unsigned int *, const unsigned int *, const __half *, __half *, int, int)"
17099794679,37952,131542,1,1024,1,32,4,1,32,0.000,0.000,,,,,NVIDIA GeForce RTX 3090 (0),1,,7,"gemv_kernel_g128(const float4 *, const unsigned int *, const unsigned int *, const __half *, __half *, int, int)"
17099853847,94656,131548,1,3072,1,32,4,1,32,0.000,0.000,,,,,NVIDIA GeForce RTX 3090 (0),1,,7,"gemv_kernel_g128(const float4 *, const unsigned int *, const unsigned int *, const __half *, __half *, int, int)"
17102567863,83168,131696,1,1024,1,32,4,1,32,0.000,0.000,,,,,NVIDIA GeForce RTX 3090 (0),1,,7,"gemv_kernel_g128(const float4 *, const unsigned int *, const unsigned int *, const __half *, __half *, int, int)"
17102672951,66848,131702,1,2752,1,32,4,1,32,0.000,0.000,,,,,NVIDIA GeForce RTX 3090 (0),1,,7,"gemv_kernel_g128(const float4 *, const unsigned int *, const unsigned int *, const __half *, __half *, int, int)"
17102741271,68032,131704,1,2752,1,32,4,1,32,0.000,0.000,,,,,NVIDIA GeForce RTX 3090 (0),1,,7,"gemv_kernel_g128(const float4 *, const unsigned int *, const unsigned int *, const __half *, __half *, int, int)"
17102814487,37888,131708,1,1024,1,32,4,1,32,0.000,0.000,,,,,NVIDIA GeForce RTX 3090 (0),1,,7,"gemv_kernel_g128(const float4 *, const unsigned int *, const unsigned int *, const __half *, __half *, int, int)"
17102873047,101504,131714,1,3072,1,32,4,1,32,0.000,0.000,,,,,NVIDIA GeForce RTX 3090 (0),1,,7,"gemv_kernel_g128(const float4 *, const unsigned int *, const unsigned int *, const __half *, __half *, int, int)"
17105348726,84992,131862,1,1024,1,32,4,1,32,0.000,0.000,,,,,NVIDIA GeForce RTX 3090 (0),1,,7,"gemv_kernel_g128(const float4 *, const unsigned int *, const unsigned int *, const __half *, __half *, int, int)"
17105460182,86080,131868,1,2752,1,32,4,1,32,0.000,0.000,,,,,NVIDIA GeForce RTX 3090 (0),1,,7,"gemv_kernel_g128(const float4 *, const unsigned int *, const unsigned int *, const __half *, __half *, int, int)"
17105547638,87264,131870,1,2752,1,32,4,1,32,0.000,0.000,,,,,NVIDIA GeForce RTX 3090 (0),1,,7,"gemv_kernel_g128(const float4 *, const unsigned int *, const unsigned int *, const __half *, __half *, int, int)"
17105640086,36640,131874,1,1024,1,32,4,1,32,0.000,0.000,,,,,NVIDIA GeForce RTX 3090 (0),1,,7,"gemv_kernel_g128(const float4 *, const unsigned int *, const unsigned int *, const __half *, __half *, int, int)"
17105699286,121440,131880,1,3072,1,32,4,1,32,0.000,0.000,,,,,NVIDIA GeForce RTX 3090 (0),1,,7,"gemv_kernel_g128(const float4 *, const unsigned int *, const unsigned int *, const __half *, __half *, int, int)"
17108308309,78944,132028,1,1024,1,32,4,1,32,0.000,0.000,,,,,NVIDIA GeForce RTX 3090 (0),1,,7,"gemv_kernel_g128(const float4 *, const unsigned int *, const unsigned int *, const __half *, __half *, int, int)"
17108410293,72064,132034,1,2752,1,32,4,1,32,0.000,0.000,,,,,NVIDIA GeForce RTX 3090 (0),1,,7,"gemv_kernel_g128(const float4 *, const unsigned int *, const unsigned int *, const __half *, __half *, int, int)"
17108483733,78400,132036,1,2752,1,32,4,1,32,0.000,0.000,,,,,NVIDIA GeForce RTX 3090 (0),1,,7,"gemv_kernel_g128(const float4 *, const unsigned int *, const unsigned int *, const __half *, __half *, int, int)"
17108566837,38304,132040,1,1024,1,32,4,1,32,0.000,0.000,,,,,NVIDIA GeForce RTX 3090 (0),1,,7,"gemv_kernel_g128(const float4 *, const unsigned int *, const unsigned int *, const __half *, __half *, int, int)"
17108626901,104160,132046,1,3072,1,32,4,1,32,0.000,0.000,,,,,NVIDIA GeForce RTX 3090 (0),1,,7,"gemv_kernel_g128(const float4 *, const unsigned int *, const unsigned int *, const __half *, __half *, int, int)"
17110919125,75072,132194,1,1024,1,32,4,1,32,0.000,0.000,,,,,NVIDIA GeForce RTX 3090 (0),1,,7,"gemv_kernel_g128(const float4 *, const unsigned int *, const unsigned int *, const __half *, __half *, int, int)"
17111016309,67744,132200,1,2752,1,32,4,1,32,0.000,0.000,,,,,NVIDIA GeForce RTX 3090 (0),1,,7,"gemv_kernel_g128(const float4 *, const unsigned int *, const unsigned int *, const __half *, __half *, int, int)"
17111086037,68800,132202,1,2752,1,32,4,1,32,0.000,0.000,,,,,NVIDIA GeForce RTX 3090 (0),1,,7,"gemv_kernel_g128(const float4 *, const unsigned int *, const unsigned int *, const __half *, __half *, int, int)"
17111159413,38240,132206,1,1024,1,32,4,1,32,0.000,0.000,,,,,NVIDIA GeForce RTX 3090 (0),1,,7,"gemv_kernel_g128(const float4 *, const unsigned int *, const unsigned int *, const __half *, __half *, int, int)"
17111218805,90848,132212,1,3072,1,32,4,1,32,0.000,0.000,,,,,NVIDIA GeForce RTX 3090 (0),1,,7,"gemv_kernel_g128(const float4 *, const unsigned int *, const unsigned int *, const __half *, __half *, int, int)"
17113584436,77696,132360,1,1024,1,32,4,1,32,0.000,0.000,,,,,NVIDIA GeForce RTX 3090 (0),1,,7,"gemv_kernel_g128(const float4 *, const unsigned int *, const unsigned int *, const __half *, __half *, int, int)"
17113683540,65696,132366,1,2752,1,32,4,1,32,0.000,0.000,,,,,NVIDIA GeForce RTX 3090 (0),1,,7,"gemv_kernel_g128(const float4 *, const unsigned int *, const unsigned int *, const __half *, __half *, int, int)"
17113750644,67776,132368,1,2752,1,32,4,1,32,0.000,0.000,,,,,NVIDIA GeForce RTX 3090 (0),1,,7,"gemv_kernel_g128(const float4 *, const unsigned int *, const unsigned int *, const __half *, __half *, int, int)"
17113823508,37632,132372,1,1024,1,32,4,1,32,0.000,0.000,,,,,NVIDIA GeForce RTX 3090 (0),1,,7,"gemv_kernel_g128(const float4 *, const unsigned int *, const unsigned int *, const __half *, __half *, int, int)"
17113882228,93664,132378,1,3072,1,32,4,1,32,0.000,0.000,,,,,NVIDIA GeForce RTX 3090 (0),1,,7,"gemv_kernel_g128(const float4 *, const unsigned int *, const unsigned int *, const __half *, __half *, int, int)"
17116312787,76608,132526,1,1024,1,32,4,1,32,0.000,0.000,,,,,NVIDIA GeForce RTX 3090 (0),1,,7,"gemv_kernel_g128(const float4 *, const unsigned int *, const unsigned int *, const __half *, __half *, int, int)"
17116411539,68608,132532,1,2752,1,32,4,1,32,0.000,0.000,,,,,NVIDIA GeForce RTX 3090 (0),1,,7,"gemv_kernel_g128(const float4 *, const unsigned int *, const unsigned int *, const __half *, __half *, int, int)"
17116481651,67136,132534,1,2752,1,32,4,1,32,0.000,0.000,,,,,NVIDIA GeForce RTX 3090 (0),1,,7,"gemv_kernel_g128(const float4 *, const unsigned int *, const unsigned int *, const __half *, __half *, int, int)"
17116553811,37824,132538,1,1024,1,32,4,1,32,0.000,0.000,,,,,NVIDIA GeForce RTX 3090 (0),1,,7,"gemv_kernel_g128(const float4 *, const unsigned int *, const unsigned int *, const __half *, __half *, int, int)"
17116612691,92320,132544,1,3072,1,32,4,1,32,0.000,0.000,,,,,NVIDIA GeForce RTX 3090 (0),1,,7,"gemv_kernel_g128(const float4 *, const unsigned int *, const unsigned int *, const __half *, __half *, int, int)"
17118927923,75584,132692,1,1024,1,32,4,1,32,0.000,0.000,,,,,NVIDIA GeForce RTX 3090 (0),1,,7,"gemv_kernel_g128(const float4 *, const unsigned int *, const unsigned int *, const __half *, __half *, int, int)"
17119025171,66688,132698,1,2752,1,32,4,1,32,0.000,0.000,,,,,NVIDIA GeForce RTX 3090 (0),1,,7,"gemv_kernel_g128(const float4 *, const unsigned int *, const unsigned int *, const __half *, __half *, int, int)"
17119093331,65728,132700,1,2752,1,32,4,1,32,0.000,0.000,,,,,NVIDIA GeForce RTX 3090 (0),1,,7,"gemv_kernel_g128(const float4 *, const unsigned int *, const unsigned int *, const __half *, __half *, int, int)"
17119163667,38144,132704,1,1024,1,32,4,1,32,0.000,0.000,,,,,NVIDIA GeForce RTX 3090 (0),1,,7,"gemv_kernel_g128(const float4 *, const unsigned int *, const unsigned int *, const __half *, __half *, int, int)"
17119222963,95168,132710,1,3072,1,32,4,1,32,0.000,0.000,,,,,NVIDIA GeForce RTX 3090 (0),1,,7,"gemv_kernel_g128(const float4 *, const unsigned int *, const unsigned int *, const __half *, __half *, int, int)"
17121611570,81632,132858,1,1024,1,32,4,1,32,0.000,0.000,,,,,NVIDIA GeForce RTX 3090 (0),1,,7,"gemv_kernel_g128(const float4 *, const unsigned int *, const unsigned int *, const __half *, __half *, int, int)"
17121714706,73504,132864,1,2752,1,32,4,1,32,0.000,0.000,,,,,NVIDIA GeForce RTX 3090 (0),1,,7,"gemv_kernel_g128(const float4 *, const unsigned int *, const unsigned int *, const __half *, __half *, int, int)"
17121790002,74240,132866,1,2752,1,32,4,1,32,0.000,0.000,,,,,NVIDIA GeForce RTX 3090 (0),1,,7,"gemv_kernel_g128(const float4 *, const unsigned int *, const unsigned int *, const __half *, __half *, int, int)"
17121868946,39776,132870,1,1024,1,32,4,1,32,0.000,0.000,,,,,NVIDIA GeForce RTX 3090 (0),1,,7,"gemv_kernel_g128(const float4 *, const unsigned int *, const unsigned int *, const __half *, __half *, int, int)"
17121930578,100064,132876,1,3072,1,32,4,1,32,0.000,0.000,,,,,NVIDIA GeForce RTX 3090 (0),1,,7,"gemv_kernel_g128(const float4 *, const unsigned int *, const unsigned int *, const __half *, __half *, int, int)"
17125177457,88000,133024,1,1024,1,32,4,1,32,0.000,0.000,,,,,NVIDIA GeForce RTX 3090 (0),1,,7,"gemv_kernel_g128(const float4 *, const unsigned int *, const unsigned int *, const __half *, __half *, int, int)"
17125288337,80576,133030,1,2752,1,32,4,1,32,0.000,0.000,,,,,NVIDIA GeForce RTX 3090 (0),1,,7,"gemv_kernel_g128(const float4 *, const unsigned int *, const unsigned int *, const __half *, __half *, int, int)"
17125370385,75680,133032,1,2752,1,32,4,1,32,0.000,0.000,,,,,NVIDIA GeForce RTX 3090 (0),1,,7,"gemv_kernel_g128(const float4 *, const unsigned int *, const unsigned int *, const __half *, __half *, int, int)"
17125451313,37504,133036,1,1024,1,32,4,1,32,0.000,0.000,,,,,NVIDIA GeForce RTX 3090 (0),1,,7,"gemv_kernel_g128(const float4 *, const unsigned int *, const unsigned int *, const __half *, __half *, int, int)"
17125511217,99392,133042,1,3072,1,32,4,1,32,0.000,0.000,,,,,NVIDIA GeForce RTX 3090 (0),1,,7,"gemv_kernel_g128(const float4 *, const unsigned int *, const unsigned int *, const __half *, __half *, int, int)"
17128079472,76544,133190,1,1024,1,32,4,1,32,0.000,0.000,,,,,NVIDIA GeForce RTX 3090 (0),1,,7,"gemv_kernel_g128(const float4 *, const unsigned int *, const unsigned int *, const __half *, __half *, int, int)"
17128178576,65728,133196,1,2752,1,32,4,1,32,0.000,0.000,,,,,NVIDIA GeForce RTX 3090 (0),1,,7,"gemv_kernel_g128(const float4 *, const unsigned int *, const unsigned int *, const __half *, __half *, int, int)"
17128245776,68064,133198,1,2752,1,32,4,1,32,0.000,0.000,,,,,NVIDIA GeForce RTX 3090 (0),1,,7,"gemv_kernel_g128(const float4 *, const unsigned int *, const unsigned int *, const __half *, __half *, int, int)"
17128318992,36896,133202,1,1024,1,32,4,1,32,0.000,0.000,,,,,NVIDIA GeForce RTX 3090 (0),1,,7,"gemv_kernel_g128(const float4 *, const unsigned int *, const unsigned int *, const __half *, __half *, int, int)"
17128376144,92704,133208,1,3072,1,32,4,1,32,0.000,0.000,,,,,NVIDIA GeForce RTX 3090 (0),1,,7,"gemv_kernel_g128(const float4 *, const unsigned int *, const unsigned int *, const __half *, __half *, int, int)"
17130788464,75744,133356,1,1024,1,32,4,1,32,0.000,0.000,,,,,NVIDIA GeForce RTX 3090 (0),1,,7,"gemv_kernel_g128(const float4 *, const unsigned int *, const unsigned int *, const __half *, __half *, int, int)"
17130886000,68384,133362,1,2752,1,32,4,1,32,0.000,0.000,,,,,NVIDIA GeForce RTX 3090 (0),1,,7,"gemv_kernel_g128(const float4 *, const unsigned int *, const unsigned int *, const __half *, __half *, int, int)"
17130955792,68192,133364,1,2752,1,32,4,1,32,0.000,0.000,,,,,NVIDIA GeForce RTX 3090 (0),1,,7,"gemv_kernel_g128(const float4 *, const unsigned int *, const unsigned int *, const __half *, __half *, int, int)"
17131028784,39648,133368,1,1024,1,32,4,1,32,0.000,0.000,,,,,NVIDIA GeForce RTX 3090 (0),1,,7,"gemv_kernel_g128(const float4 *, const unsigned int *, const unsigned int *, const __half *, __half *, int, int)"
17131089392,94304,133374,1,3072,1,32,4,1,32,0.000,0.000,,,,,NVIDIA GeForce RTX 3090 (0),1,,7,"gemv_kernel_g128(const float4 *, const unsigned int *, const unsigned int *, const __half *, __half *, int, int)"
17133464175,74400,133522,1,1024,1,32,4,1,32,0.000,0.000,,,,,NVIDIA GeForce RTX 3090 (0),1,,7,"gemv_kernel_g128(const float4 *, const unsigned int *, const unsigned int *, const __half *, __half *, int, int)"
17133559759,71136,133528,1,2752,1,32,4,1,32,0.000,0.000,,,,,NVIDIA GeForce RTX 3090 (0),1,,7,"gemv_kernel_g128(const float4 *, const unsigned int *, const unsigned int *, const __half *, __half *, int, int)"
17133632879,82688,133530,1,2752,1,32,4,1,32,0.000,0.000,,,,,NVIDIA GeForce RTX 3090 (0),1,,7,"gemv_kernel_g128(const float4 *, const unsigned int *, const unsigned int *, const __half *, __half *, int, int)"
17133720367,38784,133534,1,1024,1,32,4,1,32,0.000,0.000,,,,,NVIDIA GeForce RTX 3090 (0),1,,7,"gemv_kernel_g128(const float4 *, const unsigned int *, const unsigned int *, const __half *, __half *, int, int)"
17133780527,98048,133540,1,3072,1,32,4,1,32,0.000,0.000,,,,,NVIDIA GeForce RTX 3090 (0),1,,7,"gemv_kernel_g128(const float4 *, const unsigned int *, const unsigned int *, const __half *, __half *, int, int)"
17136156399,72671,133688,1,1024,1,32,4,1,32,0.000,0.000,,,,,NVIDIA GeForce RTX 3090 (0),1,,7,"gemv_kernel_g128(const float4 *, const unsigned int *, const unsigned int *, const __half *, __half *, int, int)"
17136251758,65952,133694,1,2752,1,32,4,1,32,0.000,0.000,,,,,NVIDIA GeForce RTX 3090 (0),1,,7,"gemv_kernel_g128(const float4 *, const unsigned int *, const unsigned int *, const __half *, __half *, int, int)"
17136319182,66880,133696,1,2752,1,32,4,1,32,0.000,0.000,,,,,NVIDIA GeForce RTX 3090 (0),1,,7,"gemv_kernel_g128(const float4 *, const unsigned int *, const unsigned int *, const __half *, __half *, int, int)"
17136391118,38400,133700,1,1024,1,32,4,1,32,0.000,0.000,,,,,NVIDIA GeForce RTX 3090 (0),1,,7,"gemv_kernel_g128(const float4 *, const unsigned int *, const unsigned int *, const __half *, __half *, int, int)"
17136451790,92416,133706,1,3072,1,32,4,1,32,0.000,0.000,,,,,NVIDIA GeForce RTX 3090 (0),1,,7,"gemv_kernel_g128(const float4 *, const unsigned int *, const unsigned int *, const __half *, __half *, int, int)"
17138732782,73056,133854,1,1024,1,32,4,1,32,0.000,0.000,,,,,NVIDIA GeForce RTX 3090 (0),1,,7,"gemv_kernel_g128(const float4 *, const unsigned int *, const unsigned int *, const __half *, __half *, int, int)"
17138827918,65024,133860,1,2752,1,32,4,1,32,0.000,0.000,,,,,NVIDIA GeForce RTX 3090 (0),1,,7,"gemv_kernel_g128(const float4 *, const unsigned int *, const unsigned int *, const __half *, __half *, int, int)"
17138894318,65696,133862,1,2752,1,32,4,1,32,0.000,0.000,,,,,NVIDIA GeForce RTX 3090 (0),1,,7,"gemv_kernel_g128(const float4 *, const unsigned int *, const unsigned int *, const __half *, __half *, int, int)"
17138965070,38080,133866,1,1024,1,32,4,1,32,0.000,0.000,,,,,NVIDIA GeForce RTX 3090 (0),1,,7,"gemv_kernel_g128(const float4 *, const unsigned int *, const unsigned int *, const __half *, __half *, int, int)"
17139024078,89984,133872,1,3072,1,32,4,1,32,0.000,0.000,,,,,NVIDIA GeForce RTX 3090 (0),1,,7,"gemv_kernel_g128(const float4 *, const unsigned int *, const unsigned int *, const __half *, __half *, int, int)"
17141276461,75232,134020,1,1024,1,32,4,1,32,0.000,0.000,,,,,NVIDIA GeForce RTX 3090 (0),1,,7,"gemv_kernel_g128(const float4 *, const unsigned int *, const unsigned int *, const __half *, __half *, int, int)"
17141374509,66240,134026,1,2752,1,32,4,1,32,0.000,0.000,,,,,NVIDIA GeForce RTX 3090 (0),1,,7,"gemv_kernel_g128(const float4 *, const unsigned int *, const unsigned int *, const __half *, __half *, int, int)"
17141442125,72608,134028,1,2752,1,32,4,1,32,0.000,0.000,,,,,NVIDIA GeForce RTX 3090 (0),1,,7,"gemv_kernel_g128(const float4 *, const unsigned int *, const unsigned int *, const __half *, __half *, int, int)"
17141519373,39456,134032,1,1024,1,32,4,1,32,0.000,0.000,,,,,NVIDIA GeForce RTX 3090 (0),1,,7,"gemv_kernel_g128(const float4 *, const unsigned int *, const unsigned int *, const __half *, __half *, int, int)"
17141579789,93600,134038,1,3072,1,32,4,1,32,0.000,0.000,,,,,NVIDIA GeForce RTX 3090 (0),1,,7,"gemv_kernel_g128(const float4 *, const unsigned int *, const unsigned int *, const __half *, __half *, int, int)"
17144032557,68256,134186,1,1024,1,32,4,1,32,0.000,0.000,,,,,NVIDIA GeForce RTX 3090 (0),1,,7,"gemv_kernel_g128(const float4 *, const unsigned int *, const unsigned int *, const __half *, __half *, int, int)"
17144121837,65632,134192,1,2752,1,32,4,1,32,0.000,0.000,,,,,NVIDIA GeForce RTX 3090 (0),1,,7,"gemv_kernel_g128(const float4 *, const unsigned int *, const unsigned int *, const __half *, __half *, int, int)"
17144189293,65664,134194,1,2752,1,32,4,1,32,0.000,0.000,,,,,NVIDIA GeForce RTX 3090 (0),1,,7,"gemv_kernel_g128(const float4 *, const unsigned int *, const unsigned int *, const __half *, __half *, int, int)"
17144259597,37056,134198,1,1024,1,32,4,1,32,0.000,0.000,,,,,NVIDIA GeForce RTX 3090 (0),1,,7,"gemv_kernel_g128(const float4 *, const unsigned int *, const unsigned int *, const __half *, __half *, int, int)"
17144319565,90975,134204,1,3072,1,32,4,1,32,0.000,0.000,,,,,NVIDIA GeForce RTX 3090 (0),1,,7,"gemv_kernel_g128(const float4 *, const unsigned int *, const unsigned int *, const __half *, __half *, int, int)"
17146463276,74176,134352,1,1024,1,32,4,1,32,0.000,0.000,,,,,NVIDIA GeForce RTX 3090 (0),1,,7,"gemv_kernel_g128(const float4 *, const unsigned int *, const unsigned int *, const __half *, __half *, int, int)"
17146559724,66208,134358,1,2752,1,32,4,1,32,0.000,0.000,,,,,NVIDIA GeForce RTX 3090 (0),1,,7,"gemv_kernel_g128(const float4 *, const unsigned int *, const unsigned int *, const __half *, __half *, int, int)"
17146627340,67680,134360,1,2752,1,32,4,1,32,0.000,0.000,,,,,NVIDIA GeForce RTX 3090 (0),1,,7,"gemv_kernel_g128(const float4 *, const unsigned int *, const unsigned int *, const __half *, __half *, int, int)"
17146700140,37184,134364,1,1024,1,32,4,1,32,0.000,0.000,,,,,NVIDIA GeForce RTX 3090 (0),1,,7,"gemv_kernel_g128(const float4 *, const unsigned int *, const unsigned int *, const __half *, __half *, int, int)"
17146763276,92256,134370,1,3072,1,32,4,1,32,0.000,0.000,,,,,NVIDIA GeForce RTX 3090 (0),1,,7,"gemv_kernel_g128(const float4 *, const unsigned int *, const unsigned int *, const __half *, __half *, int, int)"
17148904107,72000,134518,1,1024,1,32,4,1,32,0.000,0.000,,,,,NVIDIA GeForce RTX 3090 (0),1,,7,"gemv_kernel_g128(const float4 *, const unsigned int *, const unsigned int *, const __half *, __half *, int, int)"
17148997643,66368,134524,1,2752,1,32,4,1,32,0.000,0.000,,,,,NVIDIA GeForce RTX 3090 (0),1,,7,"gemv_kernel_g128(const float4 *, const unsigned int *, const unsigned int *, const __half *, __half *, int, int)"
17149065483,65216,134526,1,2752,1,32,4,1,32,0.000,0.000,,,,,NVIDIA GeForce RTX 3090 (0),1,,7,"gemv_kernel_g128(const float4 *, const unsigned int *, const unsigned int *, const __half *, __half *, int, int)"
17149135723,37280,134530,1,1024,1,32,4,1,32,0.000,0.000,,,,,NVIDIA GeForce RTX 3090 (0),1,,7,"gemv_kernel_g128(const float4 *, const unsigned int *, const unsigned int *, const __half *, __half *, int, int)"
17149193707,88800,134536,1,3072,1,32,4,1,32,0.000,0.000,,,,,NVIDIA GeForce RTX 3090 (0),1,,7,"gemv_kernel_g128(const float4 *, const unsigned int *, const unsigned int *, const __half *, __half *, int, int)"
17151283499,68704,134684,1,1024,1,32,4,1,32,0.000,0.000,,,,,NVIDIA GeForce RTX 3090 (0),1,,7,"gemv_kernel_g128(const float4 *, const unsigned int *, const unsigned int *, const __half *, __half *, int, int)"
17151373995,66240,134690,1,2752,1,32,4,1,32,0.000,0.000,,,,,NVIDIA GeForce RTX 3090 (0),1,,7,"gemv_kernel_g128(const float4 *, const unsigned int *, const unsigned int *, const __half *, __half *, int, int)"
17151441611,65568,134692,1,2752,1,32,4,1,32,0.000,0.000,,,,,NVIDIA GeForce RTX 3090 (0),1,,7,"gemv_kernel_g128(const float4 *, const unsigned int *, const unsigned int *, const __half *, __half *, int, int)"
17151511947,36896,134696,1,1024,1,32,4,1,32,0.000,0.000,,,,,NVIDIA GeForce RTX 3090 (0),1,,7,"gemv_kernel_g128(const float4 *, const unsigned int *, const unsigned int *, const __half *, __half *, int, int)"
17151569259,89664,134702,1,3072,1,32,4,1,32,0.000,0.000,,,,,NVIDIA GeForce RTX 3090 (0),1,,7,"gemv_kernel_g128(const float4 *, const unsigned int *, const unsigned int *, const __half *, __half *, int, int)"
17153992426,168224,134850,1,1024,1,32,4,1,32,0.000,0.000,,,,,NVIDIA GeForce RTX 3090 (0),1,,7,"gemv_kernel_g128(const float4 *, const unsigned int *, const unsigned int *, const __half *, __half *, int, int)"
17154187562,123904,134856,1,2752,1,32,4,1,32,0.000,0.000,,,,,NVIDIA GeForce RTX 3090 (0),1,,7,"gemv_kernel_g128(const float4 *, const unsigned int *, const unsigned int *, const __half *, __half *, int, int)"
17154313706,120096,134858,1,2752,1,32,4,1,32,0.000,0.000,,,,,NVIDIA GeForce RTX 3090 (0),1,,7,"gemv_kernel_g128(const float4 *, const unsigned int *, const unsigned int *, const __half *, __half *, int, int)"
17154438922,37824,134862,1,1024,1,32,4,1,32,0.000,0.000,,,,,NVIDIA GeForce RTX 3090 (0),1,,7,"gemv_kernel_g128(const float4 *, const unsigned int *, const unsigned int *, const __half *, __half *, int, int)"
17154501610,250464,134868,1,3072,1,32,4,1,32,0.000,0.000,,,,,NVIDIA GeForce RTX 3090 (0),1,,7,"gemv_kernel_g128(const float4 *, const unsigned int *, const unsigned int *, const __half *, __half *, int, int)"
17157377737,74144,135016,1,1024,1,32,4,1,32,0.000,0.000,,,,,NVIDIA GeForce RTX 3090 (0),1,,7,"gemv_kernel_g128(const float4 *, const unsigned int *, const unsigned int *, const __half *, __half *, int, int)"
17157473417,65888,135022,1,2752,1,32,4,1,32,0.000,0.000,,,,,NVIDIA GeForce RTX 3090 (0),1,,7,"gemv_kernel_g128(const float4 *, const unsigned int *, const unsigned int *, const __half *, __half *, int, int)"
17157540841,65984,135024,1,2752,1,32,4,1,32,0.000,0.000,,,,,NVIDIA GeForce RTX 3090 (0),1,,7,"gemv_kernel_g128(const float4 *, const unsigned int *, const unsigned int *, const __half *, __half *, int, int)"
17157611913,37120,135028,1,1024,1,32,4,1,32,0.000,0.000,,,,,NVIDIA GeForce RTX 3090 (0),1,,7,"gemv_kernel_g128(const float4 *, const unsigned int *, const unsigned int *, const __half *, __half *, int, int)"
17157670985,94560,135034,1,3072,1,32,4,1,32,0.000,0.000,,,,,NVIDIA GeForce RTX 3090 (0),1,,7,"gemv_kernel_g128(const float4 *, const unsigned int *, const unsigned int *, const __half *, __half *, int, int)"
17159893897,69632,135182,1,1024,1,32,4,1,32,0.000,0.000,,,,,NVIDIA GeForce RTX 3090 (0),1,,7,"gemv_kernel_g128(const float4 *, const unsigned int *, const unsigned int *, const __half *, __half *, int, int)"
17159985385,66656,135188,1,2752,1,32,4,1,32,0.000,0.000,,,,,NVIDIA GeForce RTX 3090 (0),1,,7,"gemv_kernel_g128(const float4 *, const unsigned int *, const unsigned int *, const __half *, __half *, int, int)"
17160053513,65760,135190,1,2752,1,32,4,1,32,0.000,0.000,,,,,NVIDIA GeForce RTX 3090 (0),1,,7,"gemv_kernel_g128(const float4 *, const unsigned int *, const unsigned int *, const __half *, __half *, int, int)"
17160124425,38016,135194,1,1024,1,32,4,1,32,0.000,0.000,,,,,NVIDIA GeForce RTX 3090 (0),1,,7,"gemv_kernel_g128(const float4 *, const unsigned int *, const unsigned int *, const __half *, __half *, int, int)"
17160188585,89088,135200,1,3072,1,32,4,1,32,0.000,0.000,,,,,NVIDIA GeForce RTX 3090 (0),1,,7,"gemv_kernel_g128(const float4 *, const unsigned int *, const unsigned int *, const __half *, __half *, int, int)"
17162383848,69952,135348,1,1024,1,32,4,1,32,0.000,0.000,,,,,NVIDIA GeForce RTX 3090 (0),1,,7,"gemv_kernel_g128(const float4 *, const unsigned int *, const unsigned int *, const __half *, __half *, int, int)"
17162475656,65760,135354,1,2752,1,32,4,1,32,0.000,0.000,,,,,NVIDIA GeForce RTX 3090 (0),1,,7,"gemv_kernel_g128(const float4 *, const unsigned int *, const unsigned int *, const __half *, __half *, int, int)"
17162542888,65984,135356,1,2752,1,32,4,1,32,0.000,0.000,,,,,NVIDIA GeForce RTX 3090 (0),1,,7,"gemv_kernel_g128(const float4 *, const unsigned int *, const unsigned int *, const __half *, __half *, int, int)"
17162613448,38432,135360,1,1024,1,32,4,1,32,0.000,0.000,,,,,NVIDIA GeForce RTX 3090 (0),1,,7,"gemv_kernel_g128(const float4 *, const unsigned int *, const unsigned int *, const __half *, __half *, int, int)"
17162672936,87008,135366,1,3072,1,32,4,1,32,0.000,0.000,,,,,NVIDIA GeForce RTX 3090 (0),1,,7,"gemv_kernel_g128(const float4 *, const unsigned int *, const unsigned int *, const __half *, __half *, int, int)"
17164837831,72672,135514,1,1024,1,32,4,1,32,0.000,0.000,,,,,NVIDIA GeForce RTX 3090 (0),1,,7,"gemv_kernel_g128(const float4 *, const unsigned int *, const unsigned int *, const __half *, __half *, int, int)"
17164932583,64992,135520,1,2752,1,32,4,1,32,0.000,0.000,,,,,NVIDIA GeForce RTX 3090 (0),1,,7,"gemv_kernel_g128(const float4 *, const unsigned int *, const unsigned int *, const __half *, __half *, int, int)"
17164999431,66688,135522,1,2752,1,32,4,1,32,0.000,0.000,,,,,NVIDIA GeForce RTX 3090 (0),1,,7,"gemv_kernel_g128(const float4 *, const unsigned int *, const unsigned int *, const __half *, __half *, int, int)"
17165070791,37024,135526,1,1024,1,32,4,1,32,0.000,0.000,,,,,NVIDIA GeForce RTX 3090 (0),1,,7,"gemv_kernel_g128(const float4 *, const unsigned int *, const unsigned int *, const __half *, __half *, int, int)"
17165128647,90816,135532,1,3072,1,32,4,1,32,0.000,0.000,,,,,NVIDIA GeForce RTX 3090 (0),1,,7,"gemv_kernel_g128(const float4 *, const unsigned int *, const unsigned int *, const __half *, __half *, int, int)"
17167311975,69504,135680,1,1024,1,32,4,1,32,0.000,0.000,,,,,NVIDIA GeForce RTX 3090 (0),1,,7,"gemv_kernel_g128(const float4 *, const unsigned int *, const unsigned int *, const __half *, __half *, int, int)"
17167404199,66400,135686,1,2752,1,32,4,1,32,0.000,0.000,,,,,NVIDIA GeForce RTX 3090 (0),1,,7,"gemv_kernel_g128(const float4 *, const unsigned int *, const unsigned int *, const __half *, __half *, int, int)"
17167472039,66080,135688,1,2752,1,32,4,1,32,0.000,0.000,,,,,NVIDIA GeForce RTX 3090 (0),1,,7,"gemv_kernel_g128(const float4 *, const unsigned int *, const unsigned int *, const __half *, __half *, int, int)"
17167543207,37952,135692,1,1024,1,32,4,1,32,0.000,0.000,,,,,NVIDIA GeForce RTX 3090 (0),1,,7,"gemv_kernel_g128(const float4 *, const unsigned int *, const unsigned int *, const __half *, __half *, int, int)"
17167607239,135776,135698,1,8000,1,32,4,1,32,0.000,0.000,,,,,NVIDIA GeForce RTX 3090 (0),1,,7,"gemv_kernel_g128(const float4 *, const unsigned int *, const unsigned int *, const __half *, __half *, int, int)"
17198283999,93248,135712,1,3072,1,32,4,1,32,0.000,0.000,,,,,NVIDIA GeForce RTX 3090 (0),1,,7,"gemv_kernel_g128(const float4 *, const unsigned int *, const unsigned int *, const __half *, __half *, int, int)"
17201027135,78304,135860,1,1024,1,32,4,1,32,0.000,0.000,,,,,NVIDIA GeForce RTX 3090 (0),1,,7,"gemv_kernel_g128(const float4 *, const unsigned int *, const unsigned int *, const __half *, __half *, int, int)"
17201127199,68672,135866,1,2752,1,32,4,1,32,0.000,0.000,,,,,NVIDIA GeForce RTX 3090 (0),1,,7,"gemv_kernel_g128(const float4 *, const unsigned int *, const unsigned int *, const __half *, __half *, int, int)"
17201197343,71520,135868,1,2752,1,32,4,1,32,0.000,0.000,,,,,NVIDIA GeForce RTX 3090 (0),1,,7,"gemv_kernel_g128(const float4 *, const unsigned int *, const unsigned int *, const __half *, __half *, int, int)"
17201274047,37952,135872,1,1024,1,32,4,1,32,0.000,0.000,,,,,NVIDIA GeForce RTX 3090 (0),1,,7,"gemv_kernel_g128(const float4 *, const unsigned int *, const unsigned int *, const __half *, __half *, int, int)"
17201333087,92480,135878,1,3072,1,32,4,1,32,0.000,0.000,,,,,NVIDIA GeForce RTX 3090 (0),1,,7,"gemv_kernel_g128(const float4 *, const unsigned int *, const unsigned int *, const __half *, __half *, int, int)"
17203832222,78080,136026,1,1024,1,32,4,1,32,0.000,0.000,,,,,NVIDIA GeForce RTX 3090 (0),1,,7,"gemv_kernel_g128(const float4 *, const unsigned int *, const unsigned int *, const __half *, __half *, int, int)"
17203931870,67808,136032,1,2752,1,32,4,1,32,0.000,0.000,,,,,NVIDIA GeForce RTX 3090 (0),1,,7,"gemv_kernel_g128(const float4 *, const unsigned int *, const unsigned int *, const __half *, __half *, int, int)"
17204001054,69248,136034,1,2752,1,32,4,1,32,0.000,0.000,,,,,NVIDIA GeForce RTX 3090 (0),1,,7,"gemv_kernel_g128(const float4 *, const unsigned int *, const unsigned int *, const __half *, __half *, int, int)"
17204075518,39104,136038,1,1024,1,32,4,1,32,0.000,0.000,,,,,NVIDIA GeForce RTX 3090 (0),1,,7,"gemv_kernel_g128(const float4 *, const unsigned int *, const unsigned int *, const __half *, __half *, int, int)"
17204135710,91520,136044,1,3072,1,32,4,1,32,0.000,0.000,,,,,NVIDIA GeForce RTX 3090 (0),1,,7,"gemv_kernel_g128(const float4 *, const unsigned int *, const unsigned int *, const __half *, __half *, int, int)"
17206595965,75104,136192,1,1024,1,32,4,1,32,0.000,0.000,,,,,NVIDIA GeForce RTX 3090 (0),1,,7,"gemv_kernel_g128(const float4 *, const unsigned int *, const unsigned int *, const __half *, __half *, int, int)"
17206692765,66528,136198,1,2752,1,32,4,1,32,0.000,0.000,,,,,NVIDIA GeForce RTX 3090 (0),1,,7,"gemv_kernel_g128(const float4 *, const unsigned int *, const unsigned int *, const __half *, __half *, int, int)"
17206760797,66176,136200,1,2752,1,32,4,1,32,0.000,0.000,,,,,NVIDIA GeForce RTX 3090 (0),1,,7,"gemv_kernel_g128(const float4 *, const unsigned int *, const unsigned int *, const __half *, __half *, int, int)"
17206831549,37792,136204,1,1024,1,32,4,1,32,0.000,0.000,,,,,NVIDIA GeForce RTX 3090 (0),1,,7,"gemv_kernel_g128(const float4 *, const unsigned int *, const unsigned int *, const __half *, __half *, int, int)"
17206891549,91904,136210,1,3072,1,32,4,1,32,0.000,0.000,,,,,NVIDIA GeForce RTX 3090 (0),1,,7,"gemv_kernel_g128(const float4 *, const unsigned int *, const unsigned int *, const __half *, __half *, int, int)"
17208953309,74560,136358,1,1024,1,32,4,1,32,0.000,0.000,,,,,NVIDIA GeForce RTX 3090 (0),1,,7,"gemv_kernel_g128(const float4 *, const unsigned int *, const unsigned int *, const __half *, __half *, int, int)"
17209049341,66336,136364,1,2752,1,32,4,1,32,0.000,0.000,,,,,NVIDIA GeForce RTX 3090 (0),1,,7,"gemv_kernel_g128(const float4 *, const unsigned int *, const unsigned int *, const __half *, __half *, int, int)"
17209117693,65440,136366,1,2752,1,32,4,1,32,0.000,0.000,,,,,NVIDIA GeForce RTX 3090 (0),1,,7,"gemv_kernel_g128(const float4 *, const unsigned int *, const unsigned int *, const __half *, __half *, int, int)"
17209187901,37792,136370,1,1024,1,32,4,1,32,0.000,0.000,,,,,NVIDIA GeForce RTX 3090 (0),1,,7,"gemv_kernel_g128(const float4 *, const unsigned int *, const unsigned int *, const __half *, __half *, int, int)"
17209246397,90304,136376,1,3072,1,32,4,1,32,0.000,0.000,,,,,NVIDIA GeForce RTX 3090 (0),1,,7,"gemv_kernel_g128(const float4 *, const unsigned int *, const unsigned int *, const __half *, __half *, int, int)"
17212076444,71296,136524,1,1024,1,32,4,1,32,0.000,0.000,,,,,NVIDIA GeForce RTX 3090 (0),1,,7,"gemv_kernel_g128(const float4 *, const unsigned int *, const unsigned int *, const __half *, __half *, int, int)"
17212169724,65824,136530,1,2752,1,32,4,1,32,0.000,0.000,,,,,NVIDIA GeForce RTX 3090 (0),1,,7,"gemv_kernel_g128(const float4 *, const unsigned int *, const unsigned int *, const __half *, __half *, int, int)"
17212236956,456320,136532,1,2752,1,32,4,1,32,0.000,0.000,,,,,NVIDIA GeForce RTX 3090 (0),1,,7,"gemv_kernel_g128(const float4 *, const unsigned int *, const unsigned int *, const __half *, __half *, int, int)"
17212699036,38304,136536,1,1024,1,32,4,1,32,0.000,0.000,,,,,NVIDIA GeForce RTX 3090 (0),1,,7,"gemv_kernel_g128(const float4 *, const unsigned int *, const unsigned int *, const __half *, __half *, int, int)"
17212758684,97856,136542,1,3072,1,32,4,1,32,0.000,0.000,,,,,NVIDIA GeForce RTX 3090 (0),1,,7,"gemv_kernel_g128(const float4 *, const unsigned int *, const unsigned int *, const __half *, __half *, int, int)"
17214799163,67168,136690,1,1024,1,32,4,1,32,0.000,0.000,,,,,NVIDIA GeForce RTX 3090 (0),1,,7,"gemv_kernel_g128(const float4 *, const unsigned int *, const unsigned int *, const __half *, __half *, int, int)"
17214887963,65504,136696,1,2752,1,32,4,1,32,0.000,0.000,,,,,NVIDIA GeForce RTX 3090 (0),1,,7,"gemv_kernel_g128(const float4 *, const unsigned int *, const unsigned int *, const __half *, __half *, int, int)"
17214954971,66272,136698,1,2752,1,32,4,1,32,0.000,0.000,,,,,NVIDIA GeForce RTX 3090 (0),1,,7,"gemv_kernel_g128(const float4 *, const unsigned int *, const unsigned int *, const __half *, __half *, int, int)"
17215026267,37184,136702,1,1024,1,32,4,1,32,0.000,0.000,,,,,NVIDIA GeForce RTX 3090 (0),1,,7,"gemv_kernel_g128(const float4 *, const unsigned int *, const unsigned int *, const __half *, __half *, int, int)"
17215084123,90976,136708,1,3072,1,32,4,1,32,0.000,0.000,,,,,NVIDIA GeForce RTX 3090 (0),1,,7,"gemv_kernel_g128(const float4 *, const unsigned int *, const unsigned int *, const __half *, __half *, int, int)"
17217514235,94592,136856,1,1024,1,32,4,1,32,0.000,0.000,,,,,NVIDIA GeForce RTX 3090 (0),1,,7,"gemv_kernel_g128(const float4 *, const unsigned int *, const unsigned int *, const __half *, __half *, int, int)"
17217631387,77472,136862,1,2752,1,32,4,1,32,0.000,0.000,,,,,NVIDIA GeForce RTX 3090 (0),1,,7,"gemv_kernel_g128(const float4 *, const unsigned int *, const unsigned int *, const __half *, __half *, int, int)"
17217710299,77407,136864,1,2752,1,32,4,1,32,0.000,0.000,,,,,NVIDIA GeForce RTX 3090 (0),1,,7,"gemv_kernel_g128(const float4 *, const unsigned int *, const unsigned int *, const __half *, __half *, int, int)"
17217792570,40160,136868,1,1024,1,32,4,1,32,0.000,0.000,,,,,NVIDIA GeForce RTX 3090 (0),1,,7,"gemv_kernel_g128(const float4 *, const unsigned int *, const unsigned int *, const __half *, __half *, int, int)"
17217853626,93024,136874,1,3072,1,32,4,1,32,0.000,0.000,,,,,NVIDIA GeForce RTX 3090 (0),1,,7,"gemv_kernel_g128(const float4 *, const unsigned int *, const unsigned int *, const __half *, __half *, int, int)"
17219987962,74432,137022,1,1024,1,32,4,1,32,0.000,0.000,,,,,NVIDIA GeForce RTX 3090 (0),1,,7,"gemv_kernel_g128(const float4 *, const unsigned int *, const unsigned int *, const __half *, __half *, int, int)"
17220083930,65696,137028,1,2752,1,32,4,1,32,0.000,0.000,,,,,NVIDIA GeForce RTX 3090 (0),1,,7,"gemv_kernel_g128(const float4 *, const unsigned int *, const unsigned int *, const __half *, __half *, int, int)"
17220151450,67200,137030,1,2752,1,32,4,1,32,0.000,0.000,,,,,NVIDIA GeForce RTX 3090 (0),1,,7,"gemv_kernel_g128(const float4 *, const unsigned int *, const unsigned int *, const __half *, __half *, int, int)"
17220223226,38656,137034,1,1024,1,32,4,1,32,0.000,0.000,,,,,NVIDIA GeForce RTX 3090 (0),1,,7,"gemv_kernel_g128(const float4 *, const unsigned int *, const unsigned int *, const __half *, __half *, int, int)"
17220282874,90144,137040,1,3072,1,32,4,1,32,0.000,0.000,,,,,NVIDIA GeForce RTX 3090 (0),1,,7,"gemv_kernel_g128(const float4 *, const unsigned int *, const unsigned int *, const __half *, __half *, int, int)"
17222353689,66368,137188,1,1024,1,32,4,1,32,0.000,0.000,,,,,NVIDIA GeForce RTX 3090 (0),1,,7,"gemv_kernel_g128(const float4 *, const unsigned int *, const unsigned int *, const __half *, __half *, int, int)"
17222442585,65536,137194,1,2752,1,32,4,1,32,0.000,0.000,,,,,NVIDIA GeForce RTX 3090 (0),1,,7,"gemv_kernel_g128(const float4 *, const unsigned int *, const unsigned int *, const __half *, __half *, int, int)"
17222509593,65152,137196,1,2752,1,32,4,1,32,0.000,0.000,,,,,NVIDIA GeForce RTX 3090 (0),1,,7,"gemv_kernel_g128(const float4 *, const unsigned int *, const unsigned int *, const __half *, __half *, int, int)"
17222579801,37728,137200,1,1024,1,32,4,1,32,0.000,0.000,,,,,NVIDIA GeForce RTX 3090 (0),1,,7,"gemv_kernel_g128(const float4 *, const unsigned int *, const unsigned int *, const __half *, __half *, int, int)"
17222638841,86752,137206,1,3072,1,32,4,1,32,0.000,0.000,,,,,NVIDIA GeForce RTX 3090 (0),1,,7,"gemv_kernel_g128(const float4 *, const unsigned int *, const unsigned int *, const __half *, __half *, int, int)"
17224744633,69760,137354,1,1024,1,32,4,1,32,0.000,0.000,,,,,NVIDIA GeForce RTX 3090 (0),1,,7,"gemv_kernel_g128(const float4 *, const unsigned int *, const unsigned int *, const __half *, __half *, int, int)"
17224837401,66400,137360,1,2752,1,32,4,1,32,0.000,0.000,,,,,NVIDIA GeForce RTX 3090 (0),1,,7,"gemv_kernel_g128(const float4 *, const unsigned int *, const unsigned int *, const __half *, __half *, int, int)"
17224905209,65184,137362,1,2752,1,32,4,1,32,0.000,0.000,,,,,NVIDIA GeForce RTX 3090 (0),1,,7,"gemv_kernel_g128(const float4 *, const unsigned int *, const unsigned int *, const __half *, __half *, int, int)"
17224975449,38048,137366,1,1024,1,32,4,1,32,0.000,0.000,,,,,NVIDIA GeForce RTX 3090 (0),1,,7,"gemv_kernel_g128(const float4 *, const unsigned int *, const unsigned int *, const __half *, __half *, int, int)"
17225034169,86688,137372,1,3072,1,32,4,1,32,0.000,0.000,,,,,NVIDIA GeForce RTX 3090 (0),1,,7,"gemv_kernel_g128(const float4 *, const unsigned int *, const unsigned int *, const __half *, __half *, int, int)"
17227102328,71488,137520,1,1024,1,32,4,1,32,0.000,0.000,,,,,NVIDIA GeForce RTX 3090 (0),1,,7,"gemv_kernel_g128(const float4 *, const unsigned int *, const unsigned int *, const __half *, __half *, int, int)"
17227195992,64544,137526,1,2752,1,32,4,1,32,0.000,0.000,,,,,NVIDIA GeForce RTX 3090 (0),1,,7,"gemv_kernel_g128(const float4 *, const unsigned int *, const unsigned int *, const __half *, __half *, int, int)"
17227262008,65248,137528,1,2752,1,32,4,1,32,0.000,0.000,,,,,NVIDIA GeForce RTX 3090 (0),1,,7,"gemv_kernel_g128(const float4 *, const unsigned int *, const unsigned int *, const __half *, __half *, int, int)"
17227331928,36928,137532,1,1024,1,32,4,1,32,0.000,0.000,,,,,NVIDIA GeForce RTX 3090 (0),1,,7,"gemv_kernel_g128(const float4 *, const unsigned int *, const unsigned int *, const __half *, __half *, int, int)"
17227389560,87552,137538,1,3072,1,32,4,1,32,0.000,0.000,,,,,NVIDIA GeForce RTX 3090 (0),1,,7,"gemv_kernel_g128(const float4 *, const unsigned int *, const unsigned int *, const __half *, __half *, int, int)"
17229598584,70048,137686,1,1024,1,32,4,1,32,0.000,0.000,,,,,NVIDIA GeForce RTX 3090 (0),1,,7,"gemv_kernel_g128(const float4 *, const unsigned int *, const unsigned int *, const __half *, __half *, int, int)"
17229689720,65344,137692,1,2752,1,32,4,1,32,0.000,0.000,,,,,NVIDIA GeForce RTX 3090 (0),1,,7,"gemv_kernel_g128(const float4 *, const unsigned int *, const unsigned int *, const __half *, __half *, int, int)"
17229757016,64576,137694,1,2752,1,32,4,1,32,0.000,0.000,,,,,NVIDIA GeForce RTX 3090 (0),1,,7,"gemv_kernel_g128(const float4 *, const unsigned int *, const unsigned int *, const __half *, __half *, int, int)"
17229826296,36992,137698,1,1024,1,32,4,1,32,0.000,0.000,,,,,NVIDIA GeForce RTX 3090 (0),1,,7,"gemv_kernel_g128(const float4 *, const unsigned int *, const unsigned int *, const __half *, __half *, int, int)"
17229884152,85024,137704,1,3072,1,32,4,1,32,0.000,0.000,,,,,NVIDIA GeForce RTX 3090 (0),1,,7,"gemv_kernel_g128(const float4 *, const unsigned int *, const unsigned int *, const __half *, __half *, int, int)"
17232900407,422944,137852,1,1024,1,32,4,1,32,0.000,0.000,,,,,NVIDIA GeForce RTX 3090 (0),1,,7,"gemv_kernel_g128(const float4 *, const unsigned int *, const unsigned int *, const __half *, __half *, int, int)"
17233344215,64928,137858,1,2752,1,32,4,1,32,0.000,0.000,,,,,NVIDIA GeForce RTX 3090 (0),1,,7,"gemv_kernel_g128(const float4 *, const unsigned int *, const unsigned int *, const __half *, __half *, int, int)"
17233410647,66176,137860,1,2752,1,32,4,1,32,0.000,0.000,,,,,NVIDIA GeForce RTX 3090 (0),1,,7,"gemv_kernel_g128(const float4 *, const unsigned int *, const unsigned int *, const __half *, __half *, int, int)"
17233482039,38240,137864,1,1024,1,32,4,1,32,0.000,0.000,,,,,NVIDIA GeForce RTX 3090 (0),1,,7,"gemv_kernel_g128(const float4 *, const unsigned int *, const unsigned int *, const __half *, __half *, int, int)"
17233541495,88576,137870,1,3072,1,32,4,1,32,0.000,0.000,,,,,NVIDIA GeForce RTX 3090 (0),1,,7,"gemv_kernel_g128(const float4 *, const unsigned int *, const unsigned int *, const __half *, __half *, int, int)"
17235683286,72416,138018,1,1024,1,32,4,1,32,0.000,0.000,,,,,NVIDIA GeForce RTX 3090 (0),1,,7,"gemv_kernel_g128(const float4 *, const unsigned int *, const unsigned int *, const __half *, __half *, int, int)"
17235777590,65056,138024,1,2752,1,32,4,1,32,0.000,0.000,,,,,NVIDIA GeForce RTX 3090 (0),1,,7,"gemv_kernel_g128(const float4 *, const unsigned int *, const unsigned int *, const __half *, __half *, int, int)"
17235844118,65120,138026,1,2752,1,32,4,1,32,0.000,0.000,,,,,NVIDIA GeForce RTX 3090 (0),1,,7,"gemv_kernel_g128(const float4 *, const unsigned int *, const unsigned int *, const __half *, __half *, int, int)"
17235914390,37568,138030,1,1024,1,32,4,1,32,0.000,0.000,,,,,NVIDIA GeForce RTX 3090 (0),1,,7,"gemv_kernel_g128(const float4 *, const unsigned int *, const unsigned int *, const __half *, __half *, int, int)"
17235972214,87968,138036,1,3072,1,32,4,1,32,0.000,0.000,,,,,NVIDIA GeForce RTX 3090 (0),1,,7,"gemv_kernel_g128(const float4 *, const unsigned int *, const unsigned int *, const __half *, __half *, int, int)"
17238073238,74304,138184,1,1024,1,32,4,1,32,0.000,0.000,,,,,NVIDIA GeForce RTX 3090 (0),1,,7,"gemv_kernel_g128(const float4 *, const unsigned int *, const unsigned int *, const __half *, __half *, int, int)"
17238170645,73952,138190,1,2752,1,32,4,1,32,0.000,0.000,,,,,NVIDIA GeForce RTX 3090 (0),1,,7,"gemv_kernel_g128(const float4 *, const unsigned int *, const unsigned int *, const __half *, __half *, int, int)"
17238246357,68640,138192,1,2752,1,32,4,1,32,0.000,0.000,,,,,NVIDIA GeForce RTX 3090 (0),1,,7,"gemv_kernel_g128(const float4 *, const unsigned int *, const unsigned int *, const __half *, __half *, int, int)"
17238320181,38688,138196,1,1024,1,32,4,1,32,0.000,0.000,,,,,NVIDIA GeForce RTX 3090 (0),1,,7,"gemv_kernel_g128(const float4 *, const unsigned int *, const unsigned int *, const __half *, __half *, int, int)"
17238379445,90720,138202,1,3072,1,32,4,1,32,0.000,0.000,,,,,NVIDIA GeForce RTX 3090 (0),1,,7,"gemv_kernel_g128(const float4 *, const unsigned int *, const unsigned int *, const __half *, __half *, int, int)"
17240495989,70592,138350,1,1024,1,32,4,1,32,0.000,0.000,,,,,NVIDIA GeForce RTX 3090 (0),1,,7,"gemv_kernel_g128(const float4 *, const unsigned int *, const unsigned int *, const __half *, __half *, int, int)"
17240587829,65984,138356,1,2752,1,32,4,1,32,0.000,0.000,,,,,NVIDIA GeForce RTX 3090 (0),1,,7,"gemv_kernel_g128(const float4 *, const unsigned int *, const unsigned int *, const __half *, __half *, int, int)"
17240655733,65088,138358,1,2752,1,32,4,1,32,0.000,0.000,,,,,NVIDIA GeForce RTX 3090 (0),1,,7,"gemv_kernel_g128(const float4 *, const unsigned int *, const unsigned int *, const __half *, __half *, int, int)"
17240725525,37952,138362,1,1024,1,32,4,1,32,0.000,0.000,,,,,NVIDIA GeForce RTX 3090 (0),1,,7,"gemv_kernel_g128(const float4 *, const unsigned int *, const unsigned int *, const __half *, __half *, int, int)"
17240785109,93344,138368,1,3072,1,32,4,1,32,0.000,0.000,,,,,NVIDIA GeForce RTX 3090 (0),1,,7,"gemv_kernel_g128(const float4 *, const unsigned int *, const unsigned int *, const __half *, __half *, int, int)"
17242976308,70848,138516,1,1024,1,32,4,1,32,0.000,0.000,,,,,NVIDIA GeForce RTX 3090 (0),1,,7,"gemv_kernel_g128(const float4 *, const unsigned int *, const unsigned int *, const __half *, __half *, int, int)"
17243068948,66048,138522,1,2752,1,32,4,1,32,0.000,0.000,,,,,NVIDIA GeForce RTX 3090 (0),1,,7,"gemv_kernel_g128(const float4 *, const unsigned int *, const unsigned int *, const __half *, __half *, int, int)"
17243136468,67136,138524,1,2752,1,32,4,1,32,0.000,0.000,,,,,NVIDIA GeForce RTX 3090 (0),1,,7,"gemv_kernel_g128(const float4 *, const unsigned int *, const unsigned int *, const __half *, __half *, int, int)"
17243208692,37088,138528,1,1024,1,32,4,1,32,0.000,0.000,,,,,NVIDIA GeForce RTX 3090 (0),1,,7,"gemv_kernel_g128(const float4 *, const unsigned int *, const unsigned int *, const __half *, __half *, int, int)"
17243266868,89728,138534,1,3072,1,32,4,1,32,0.000,0.000,,,,,NVIDIA GeForce RTX 3090 (0),1,,7,"gemv_kernel_g128(const float4 *, const unsigned int *, const unsigned int *, const __half *, __half *, int, int)"
17245380052,70240,138682,1,1024,1,32,4,1,32,0.000,0.000,,,,,NVIDIA GeForce RTX 3090 (0),1,,7,"gemv_kernel_g128(const float4 *, const unsigned int *, const unsigned int *, const __half *, __half *, int, int)"
17245471316,65312,138688,1,2752,1,32,4,1,32,0.000,0.000,,,,,NVIDIA GeForce RTX 3090 (0),1,,7,"gemv_kernel_g128(const float4 *, const unsigned int *, const unsigned int *, const __half *, __half *, int, int)"
17245538068,66624,138690,1,2752,1,32,4,1,32,0.000,0.000,,,,,NVIDIA GeForce RTX 3090 (0),1,,7,"gemv_kernel_g128(const float4 *, const unsigned int *, const unsigned int *, const __half *, __half *, int, int)"
17245609812,39744,138694,1,1024,1,32,4,1,32,0.000,0.000,,,,,NVIDIA GeForce RTX 3090 (0),1,,7,"gemv_kernel_g128(const float4 *, const unsigned int *, const unsigned int *, const __half *, __half *, int, int)"
17245670068,90304,138700,1,3072,1,32,4,1,32,0.000,0.000,,,,,NVIDIA GeForce RTX 3090 (0),1,,7,"gemv_kernel_g128(const float4 *, const unsigned int *, const unsigned int *, const __half *, __half *, int, int)"
17248255635,76096,138848,1,1024,1,32,4,1,32,0.000,0.000,,,,,NVIDIA GeForce RTX 3090 (0),1,,7,"gemv_kernel_g128(const float4 *, const unsigned int *, const unsigned int *, const __half *, __half *, int, int)"
17248353107,65696,138854,1,2752,1,32,4,1,32,0.000,0.000,,,,,NVIDIA GeForce RTX 3090 (0),1,,7,"gemv_kernel_g128(const float4 *, const unsigned int *, const unsigned int *, const __half *, __half *, int, int)"
17248420275,65504,138856,1,2752,1,32,4,1,32,0.000,0.000,,,,,NVIDIA GeForce RTX 3090 (0),1,,7,"gemv_kernel_g128(const float4 *, const unsigned int *, const unsigned int *, const __half *, __half *, int, int)"
17248490483,39456,138860,1,1024,1,32,4,1,32,0.000,0.000,,,,,NVIDIA GeForce RTX 3090 (0),1,,7,"gemv_kernel_g128(const float4 *, const unsigned int *, const unsigned int *, const __half *, __half *, int, int)"
17248551763,86240,138866,1,3072,1,32,4,1,32,0.000,0.000,,,,,NVIDIA GeForce RTX 3090 (0),1,,7,"gemv_kernel_g128(const float4 *, const unsigned int *, const unsigned int *, const __half *, __half *, int, int)"
17250817426,76640,139014,1,1024,1,32,4,1,32,0.000,0.000,,,,,NVIDIA GeForce RTX 3090 (0),1,,7,"gemv_kernel_g128(const float4 *, const unsigned int *, const unsigned int *, const __half *, __half *, int, int)"
17250915442,64992,139020,1,2752,1,32,4,1,32,0.000,0.000,,,,,NVIDIA GeForce RTX 3090 (0),1,,7,"gemv_kernel_g128(const float4 *, const unsigned int *, const unsigned int *, const __half *, __half *, int, int)"
17250982290,67392,139022,1,2752,1,32,4,1,32,0.000,0.000,,,,,NVIDIA GeForce RTX 3090 (0),1,,7,"gemv_kernel_g128(const float4 *, const unsigned int *, const unsigned int *, const __half *, __half *, int, int)"
17251054386,38720,139026,1,1024,1,32,4,1,32,0.000,0.000,,,,,NVIDIA GeForce RTX 3090 (0),1,,7,"gemv_kernel_g128(const float4 *, const unsigned int *, const unsigned int *, const __half *, __half *, int, int)"
17251114866,89952,139032,1,3072,1,32,4,1,32,0.000,0.000,,,,,NVIDIA GeForce RTX 3090 (0),1,,7,"gemv_kernel_g128(const float4 *, const unsigned int *, const unsigned int *, const __half *, __half *, int, int)"
17253988914,74816,139180,1,1024,1,32,4,1,32,0.000,0.000,,,,,NVIDIA GeForce RTX 3090 (0),1,,7,"gemv_kernel_g128(const float4 *, const unsigned int *, const unsigned int *, const __half *, __half *, int, int)"
17254274450,69376,139186,1,2752,1,32,4,1,32,0.000,0.000,,,,,NVIDIA GeForce RTX 3090 (0),1,,7,"gemv_kernel_g128(const float4 *, const unsigned int *, const unsigned int *, const __half *, __half *, int, int)"
17254345202,66016,139188,1,2752,1,32,4,1,32,0.000,0.000,,,,,NVIDIA GeForce RTX 3090 (0),1,,7,"gemv_kernel_g128(const float4 *, const unsigned int *, const unsigned int *, const __half *, __half *, int, int)"
17254416722,38912,139192,1,1024,1,32,4,1,32,0.000,0.000,,,,,NVIDIA GeForce RTX 3090 (0),1,,7,"gemv_kernel_g128(const float4 *, const unsigned int *, const unsigned int *, const __half *, __half *, int, int)"
17254477649,89664,139198,1,3072,1,32,4,1,32,0.000,0.000,,,,,NVIDIA GeForce RTX 3090 (0),1,,7,"gemv_kernel_g128(const float4 *, const unsigned int *, const unsigned int *, const __half *, __half *, int, int)"
17256854353,73376,139346,1,1024,1,32,4,1,32,0.000,0.000,,,,,NVIDIA GeForce RTX 3090 (0),1,,7,"gemv_kernel_g128(const float4 *, const unsigned int *, const unsigned int *, const __half *, __half *, int, int)"
17256950289,65248,139352,1,2752,1,32,4,1,32,0.000,0.000,,,,,NVIDIA GeForce RTX 3090 (0),1,,7,"gemv_kernel_g128(const float4 *, const unsigned int *, const unsigned int *, const __half *, __half *, int, int)"
17257017009,66144,139354,1,2752,1,32,4,1,32,0.000,0.000,,,,,NVIDIA GeForce RTX 3090 (0),1,,7,"gemv_kernel_g128(const float4 *, const unsigned int *, const unsigned int *, const __half *, __half *, int, int)"
17257088209,38016,139358,1,1024,1,32,4,1,32,0.000,0.000,,,,,NVIDIA GeForce RTX 3090 (0),1,,7,"gemv_kernel_g128(const float4 *, const unsigned int *, const unsigned int *, const __half *, __half *, int, int)"
17257146897,91392,139364,1,3072,1,32,4,1,32,0.000,0.000,,,,,NVIDIA GeForce RTX 3090 (0),1,,7,"gemv_kernel_g128(const float4 *, const unsigned int *, const unsigned int *, const __half *, __half *, int, int)"
17259580144,74592,139512,1,1024,1,32,4,1,32,0.000,0.000,,,,,NVIDIA GeForce RTX 3090 (0),1,,7,"gemv_kernel_g128(const float4 *, const unsigned int *, const unsigned int *, const __half *, __half *, int, int)"
17259678576,67552,139518,1,2752,1,32,4,1,32,0.000,0.000,,,,,NVIDIA GeForce RTX 3090 (0),1,,7,"gemv_kernel_g128(const float4 *, const unsigned int *, const unsigned int *, const __half *, __half *, int, int)"
17259747600,65504,139520,1,2752,1,32,4,1,32,0.000,0.000,,,,,NVIDIA GeForce RTX 3090 (0),1,,7,"gemv_kernel_g128(const float4 *, const unsigned int *, const unsigned int *, const __half *, __half *, int, int)"
17259817808,36736,139524,1,1024,1,32,4,1,32,0.000,0.000,,,,,NVIDIA GeForce RTX 3090 (0),1,,7,"gemv_kernel_g128(const float4 *, const unsigned int *, const unsigned int *, const __half *, __half *, int, int)"
17259877136,88992,139530,1,3072,1,32,4,1,32,0.000,0.000,,,,,NVIDIA GeForce RTX 3090 (0),1,,7,"gemv_kernel_g128(const float4 *, const unsigned int *, const unsigned int *, const __half *, __half *, int, int)"
17262312208,70592,139678,1,1024,1,32,4,1,32,0.000,0.000,,,,,NVIDIA GeForce RTX 3090 (0),1,,7,"gemv_kernel_g128(const float4 *, const unsigned int *, const unsigned int *, const __half *, __half *, int, int)"
17262406352,117856,139684,1,2752,1,32,4,1,32,0.000,0.000,,,,,NVIDIA GeForce RTX 3090 (0),1,,7,"gemv_kernel_g128(const float4 *, const unsigned int *, const unsigned int *, const __half *, __half *, int, int)"
17262531440,94687,139686,1,2752,1,32,4,1,32,0.000,0.000,,,,,NVIDIA GeForce RTX 3090 (0),1,,7,"gemv_kernel_g128(const float4 *, const unsigned int *, const unsigned int *, const __half *, __half *, int, int)"
17262630735,38816,139690,1,1024,1,32,4,1,32,0.000,0.000,,,,,NVIDIA GeForce RTX 3090 (0),1,,7,"gemv_kernel_g128(const float4 *, const unsigned int *, const unsigned int *, const __half *, __half *, int, int)"
17262693423,122880,139696,1,3072,1,32,4,1,32,0.000,0.000,,,,,NVIDIA GeForce RTX 3090 (0),1,,7,"gemv_kernel_g128(const float4 *, const unsigned int *, const unsigned int *, const __half *, __half *, int, int)"
17264930927,72192,139844,1,1024,1,32,4,1,32,0.000,0.000,,,,,NVIDIA GeForce RTX 3090 (0),1,,7,"gemv_kernel_g128(const float4 *, const unsigned int *, const unsigned int *, const __half *, __half *, int, int)"
17265025039,65216,139850,1,2752,1,32,4,1,32,0.000,0.000,,,,,NVIDIA GeForce RTX 3090 (0),1,,7,"gemv_kernel_g128(const float4 *, const unsigned int *, const unsigned int *, const __half *, __half *, int, int)"
17265091759,65696,139852,1,2752,1,32,4,1,32,0.000,0.000,,,,,NVIDIA GeForce RTX 3090 (0),1,,7,"gemv_kernel_g128(const float4 *, const unsigned int *, const unsigned int *, const __half *, __half *, int, int)"
17265162575,36768,139856,1,1024,1,32,4,1,32,0.000,0.000,,,,,NVIDIA GeForce RTX 3090 (0),1,,7,"gemv_kernel_g128(const float4 *, const unsigned int *, const unsigned int *, const __half *, __half *, int, int)"
17265220623,89536,139862,1,3072,1,32,4,1,32,0.000,0.000,,,,,NVIDIA GeForce RTX 3090 (0),1,,7,"gemv_kernel_g128(const float4 *, const unsigned int *, const unsigned int *, const __half *, __half *, int, int)"
17267345038,69728,140010,1,1024,1,32,4,1,32,0.000,0.000,,,,,NVIDIA GeForce RTX 3090 (0),1,,7,"gemv_kernel_g128(const float4 *, const unsigned int *, const unsigned int *, const __half *, __half *, int, int)"
17267436910,65408,140016,1,2752,1,32,4,1,32,0.000,0.000,,,,,NVIDIA GeForce RTX 3090 (0),1,,7,"gemv_kernel_g128(const float4 *, const unsigned int *, const unsigned int *, const __half *, __half *, int, int)"
17267503694,65856,140018,1,2752,1,32,4,1,32,0.000,0.000,,,,,NVIDIA GeForce RTX 3090 (0),1,,7,"gemv_kernel_g128(const float4 *, const unsigned int *, const unsigned int *, const __half *, __half *, int, int)"
17267574734,37312,140022,1,1024,1,32,4,1,32,0.000,0.000,,,,,NVIDIA GeForce RTX 3090 (0),1,,7,"gemv_kernel_g128(const float4 *, const unsigned int *, const unsigned int *, const __half *, __half *, int, int)"
17267632174,89344,140028,1,3072,1,32,4,1,32,0.000,0.000,,,,,NVIDIA GeForce RTX 3090 (0),1,,7,"gemv_kernel_g128(const float4 *, const unsigned int *, const unsigned int *, const __half *, __half *, int, int)"
17269772750,70560,140176,1,1024,1,32,4,1,32,0.000,0.000,,,,,NVIDIA GeForce RTX 3090 (0),1,,7,"gemv_kernel_g128(const float4 *, const unsigned int *, const unsigned int *, const __half *, __half *, int, int)"
17269865774,65920,140182,1,2752,1,32,4,1,32,0.000,0.000,,,,,NVIDIA GeForce RTX 3090 (0),1,,7,"gemv_kernel_g128(const float4 *, const unsigned int *, const unsigned int *, const __half *, __half *, int, int)"
17269933166,66432,140184,1,2752,1,32,4,1,32,0.000,0.000,,,,,NVIDIA GeForce RTX 3090 (0),1,,7,"gemv_kernel_g128(const float4 *, const unsigned int *, const unsigned int *, const __half *, __half *, int, int)"
17270004366,37344,140188,1,1024,1,32,4,1,32,0.000,0.000,,,,,NVIDIA GeForce RTX 3090 (0),1,,7,"gemv_kernel_g128(const float4 *, const unsigned int *, const unsigned int *, const __half *, __half *, int, int)"
17270062318,91552,140194,1,3072,1,32,4,1,32,0.000,0.000,,,,,NVIDIA GeForce RTX 3090 (0),1,,7,"gemv_kernel_g128(const float4 *, const unsigned int *, const unsigned int *, const __half *, __half *, int, int)"
17272268205,72768,140342,1,1024,1,32,4,1,32,0.000,0.000,,,,,NVIDIA GeForce RTX 3090 (0),1,,7,"gemv_kernel_g128(const float4 *, const unsigned int *, const unsigned int *, const __half *, __half *, int, int)"
17272362733,67840,140348,1,2752,1,32,4,1,32,0.000,0.000,,,,,NVIDIA GeForce RTX 3090 (0),1,,7,"gemv_kernel_g128(const float4 *, const unsigned int *, const unsigned int *, const __half *, __half *, int, int)"
17272432397,65696,140350,1,2752,1,32,4,1,32,0.000,0.000,,,,,NVIDIA GeForce RTX 3090 (0),1,,7,"gemv_kernel_g128(const float4 *, const unsigned int *, const unsigned int *, const __half *, __half *, int, int)"
17272502861,37632,140354,1,1024,1,32,4,1,32,0.000,0.000,,,,,NVIDIA GeForce RTX 3090 (0),1,,7,"gemv_kernel_g128(const float4 *, const unsigned int *, const unsigned int *, const __half *, __half *, int, int)"
17272562509,100320,140360,1,3072,1,32,4,1,32,0.000,0.000,,,,,NVIDIA GeForce RTX 3090 (0),1,,7,"gemv_kernel_g128(const float4 *, const unsigned int *, const unsigned int *, const __half *, __half *, int, int)"
17275283500,76000,140508,1,1024,1,32,4,1,32,0.000,0.000,,,,,NVIDIA GeForce RTX 3090 (0),1,,7,"gemv_kernel_g128(const float4 *, const unsigned int *, const unsigned int *, const __half *, __half *, int, int)"
17275382380,68704,140514,1,2752,1,32,4,1,32,0.000,0.000,,,,,NVIDIA GeForce RTX 3090 (0),1,,7,"gemv_kernel_g128(const float4 *, const unsigned int *, const unsigned int *, const __half *, __half *, int, int)"
17275452524,476480,140516,1,2752,1,32,4,1,32,0.000,0.000,,,,,NVIDIA GeForce RTX 3090 (0),1,,7,"gemv_kernel_g128(const float4 *, const unsigned int *, const unsigned int *, const __half *, __half *, int, int)"
17275934636,38112,140520,1,1024,1,32,4,1,32,0.000,0.000,,,,,NVIDIA GeForce RTX 3090 (0),1,,7,"gemv_kernel_g128(const float4 *, const unsigned int *, const unsigned int *, const __half *, __half *, int, int)"
17275994924,93984,140526,1,3072,1,32,4,1,32,0.000,0.000,,,,,NVIDIA GeForce RTX 3090 (0),1,,7,"gemv_kernel_g128(const float4 *, const unsigned int *, const unsigned int *, const __half *, __half *, int, int)"
17278685932,99392,140674,1,1024,1,32,4,1,32,0.000,0.000,,,,,NVIDIA GeForce RTX 3090 (0),1,,7,"gemv_kernel_g128(const float4 *, const unsigned int *, const unsigned int *, const __half *, __half *, int, int)"
17278808140,77248,140680,1,2752,1,32,4,1,32,0.000,0.000,,,,,NVIDIA GeForce RTX 3090 (0),1,,7,"gemv_kernel_g128(const float4 *, const unsigned int *, const unsigned int *, const __half *, __half *, int, int)"
17278886828,79295,140682,1,2752,1,32,4,1,32,0.000,0.000,,,,,NVIDIA GeForce RTX 3090 (0),1,,7,"gemv_kernel_g128(const float4 *, const unsigned int *, const unsigned int *, const __half *, __half *, int, int)"
17278971115,37792,140686,1,1024,1,32,4,1,32,0.000,0.000,,,,,NVIDIA GeForce RTX 3090 (0),1,,7,"gemv_kernel_g128(const float4 *, const unsigned int *, const unsigned int *, const __half *, __half *, int, int)"
17279029611,97472,140692,1,3072,1,32,4,1,32,0.000,0.000,,,,,NVIDIA GeForce RTX 3090 (0),1,,7,"gemv_kernel_g128(const float4 *, const unsigned int *, const unsigned int *, const __half *, __half *, int, int)"
17281334443,71104,140840,1,1024,1,32,4,1,32,0.000,0.000,,,,,NVIDIA GeForce RTX 3090 (0),1,,7,"gemv_kernel_g128(const float4 *, const unsigned int *, const unsigned int *, const __half *, __half *, int, int)"
17281427051,66080,140846,1,2752,1,32,4,1,32,0.000,0.000,,,,,NVIDIA GeForce RTX 3090 (0),1,,7,"gemv_kernel_g128(const float4 *, const unsigned int *, const unsigned int *, const __half *, __half *, int, int)"
17281494571,65952,140848,1,2752,1,32,4,1,32,0.000,0.000,,,,,NVIDIA GeForce RTX 3090 (0),1,,7,"gemv_kernel_g128(const float4 *, const unsigned int *, const unsigned int *, const __half *, __half *, int, int)"
17281565163,37024,140852,1,1024,1,32,4,1,32,0.000,0.000,,,,,NVIDIA GeForce RTX 3090 (0),1,,7,"gemv_kernel_g128(const float4 *, const unsigned int *, const unsigned int *, const __half *, __half *, int, int)"
17281623019,88480,140858,1,3072,1,32,4,1,32,0.000,0.000,,,,,NVIDIA GeForce RTX 3090 (0),1,,7,"gemv_kernel_g128(const float4 *, const unsigned int *, const unsigned int *, const __half *, __half *, int, int)"
17283895562,71200,141006,1,1024,1,32,4,1,32,0.000,0.000,,,,,NVIDIA GeForce RTX 3090 (0),1,,7,"gemv_kernel_g128(const float4 *, const unsigned int *, const unsigned int *, const __half *, __half *, int, int)"
17283988010,65504,141012,1,2752,1,32,4,1,32,0.000,0.000,,,,,NVIDIA GeForce RTX 3090 (0),1,,7,"gemv_kernel_g128(const float4 *, const unsigned int *, const unsigned int *, const __half *, __half *, int, int)"
17284055466,65696,141014,1,2752,1,32,4,1,32,0.000,0.000,,,,,NVIDIA GeForce RTX 3090 (0),1,,7,"gemv_kernel_g128(const float4 *, const unsigned int *, const unsigned int *, const __half *, __half *, int, int)"
17284125834,37312,141018,1,1024,1,32,4,1,32,0.000,0.000,,,,,NVIDIA GeForce RTX 3090 (0),1,,7,"gemv_kernel_g128(const float4 *, const unsigned int *, const unsigned int *, const __half *, __half *, int, int)"
17284190282,137024,141024,1,8000,1,32,4,1,32,0.000,0.000,,,,,NVIDIA GeForce RTX 3090 (0),1,,7,"gemv_kernel_g128(const float4 *, const unsigned int *, const unsigned int *, const __half *, __half *, int, int)"
17315738274,115296,141038,1,3072,1,32,4,1,32,0.000,0.000,,,,,NVIDIA GeForce RTX 3090 (0),1,,7,"gemv_kernel_g128(const float4 *, const unsigned int *, const unsigned int *, const __half *, __half *, int, int)"
17319468802,91520,141186,1,1024,1,32,4,1,32,0.000,0.000,,,,,NVIDIA GeForce RTX 3090 (0),1,,7,"gemv_kernel_g128(const float4 *, const unsigned int *, const unsigned int *, const __half *, __half *, int, int)"
17319585314,90880,141192,1,2752,1,32,4,1,32,0.000,0.000,,,,,NVIDIA GeForce RTX 3090 (0),1,,7,"gemv_kernel_g128(const float4 *, const unsigned int *, const unsigned int *, const __half *, __half *, int, int)"
17319678146,89471,141194,1,2752,1,32,4,1,32,0.000,0.000,,,,,NVIDIA GeForce RTX 3090 (0),1,,7,"gemv_kernel_g128(const float4 *, const unsigned int *, const unsigned int *, const __half *, __half *, int, int)"
17319772609,38368,141198,1,1024,1,32,4,1,32,0.000,0.000,,,,,NVIDIA GeForce RTX 3090 (0),1,,7,"gemv_kernel_g128(const float4 *, const unsigned int *, const unsigned int *, const __half *, __half *, int, int)"
17319832961,115040,141204,1,3072,1,32,4,1,32,0.000,0.000,,,,,NVIDIA GeForce RTX 3090 (0),1,,7,"gemv_kernel_g128(const float4 *, const unsigned int *, const unsigned int *, const __half *, __half *, int, int)"
17323133121,95328,141352,1,1024,1,32,4,1,32,0.000,0.000,,,,,NVIDIA GeForce RTX 3090 (0),1,,7,"gemv_kernel_g128(const float4 *, const unsigned int *, const unsigned int *, const __half *, __half *, int, int)"
17323251745,79648,141358,1,2752,1,32,4,1,32,0.000,0.000,,,,,NVIDIA GeForce RTX 3090 (0),1,,7,"gemv_kernel_g128(const float4 *, const unsigned int *, const unsigned int *, const __half *, __half *, int, int)"
17323332929,79872,141360,1,2752,1,32,4,1,32,0.000,0.000,,,,,NVIDIA GeForce RTX 3090 (0),1,,7,"gemv_kernel_g128(const float4 *, const unsigned int *, const unsigned int *, const __half *, __half *, int, int)"
17323418113,37216,141364,1,1024,1,32,4,1,32,0.000,0.000,,,,,NVIDIA GeForce RTX 3090 (0),1,,7,"gemv_kernel_g128(const float4 *, const unsigned int *, const unsigned int *, const __half *, __half *, int, int)"
17323477473,110688,141370,1,3072,1,32,4,1,32,0.000,0.000,,,,,NVIDIA GeForce RTX 3090 (0),1,,7,"gemv_kernel_g128(const float4 *, const unsigned int *, const unsigned int *, const __half *, __half *, int, int)"
17326526752,99520,141518,1,1024,1,32,4,1,32,0.000,0.000,,,,,NVIDIA GeForce RTX 3090 (0),1,,7,"gemv_kernel_g128(const float4 *, const unsigned int *, const unsigned int *, const __half *, __half *, int, int)"
17326649952,99968,141524,1,2752,1,32,4,1,32,0.000,0.000,,,,,NVIDIA GeForce RTX 3090 (0),1,,7,"gemv_kernel_g128(const float4 *, const unsigned int *, const unsigned int *, const __half *, __half *, int, int)"
17326751360,101760,141526,1,2752,1,32,4,1,32,0.000,0.000,,,,,NVIDIA GeForce RTX 3090 (0),1,,7,"gemv_kernel_g128(const float4 *, const unsigned int *, const unsigned int *, const __half *, __half *, int, int)"
17326858912,37024,141530,1,1024,1,32,4,1,32,0.000,0.000,,,,,NVIDIA GeForce RTX 3090 (0),1,,7,"gemv_kernel_g128(const float4 *, const unsigned int *, const unsigned int *, const __half *, __half *, int, int)"
17326920704,124288,141536,1,3072,1,32,4,1,32,0.000,0.000,,,,,NVIDIA GeForce RTX 3090 (0),1,,7,"gemv_kernel_g128(const float4 *, const unsigned int *, const unsigned int *, const __half *, __half *, int, int)"
17330799295,106304,141684,1,1024,1,32,4,1,32,0.000,0.000,,,,,NVIDIA GeForce RTX 3090 (0),1,,7,"gemv_kernel_g128(const float4 *, const unsigned int *, const unsigned int *, const __half *, __half *, int, int)"
17330930079,98496,141690,1,2752,1,32,4,1,32,0.000,0.000,,,,,NVIDIA GeForce RTX 3090 (0),1,,7,"gemv_kernel_g128(const float4 *, const unsigned int *, const unsigned int *, const __half *, __half *, int, int)"
17331030175,98016,141692,1,2752,1,32,4,1,32,0.000,0.000,,,,,NVIDIA GeForce RTX 3090 (0),1,,7,"gemv_kernel_g128(const float4 *, const unsigned int *, const unsigned int *, const __half *, __half *, int, int)"
17331133023,38048,141696,1,1024,1,32,4,1,32,0.000,0.000,,,,,NVIDIA GeForce RTX 3090 (0),1,,7,"gemv_kernel_g128(const float4 *, const unsigned int *, const unsigned int *, const __half *, __half *, int, int)"
17331193151,118528,141702,1,3072,1,32,4,1,32,0.000,0.000,,,,,NVIDIA GeForce RTX 3090 (0),1,,7,"gemv_kernel_g128(const float4 *, const unsigned int *, const unsigned int *, const __half *, __half *, int, int)"
17334144382,91776,141850,1,1024,1,32,4,1,32,0.000,0.000,,,,,NVIDIA GeForce RTX 3090 (0),1,,7,"gemv_kernel_g128(const float4 *, const unsigned int *, const unsigned int *, const __half *, __half *, int, int)"
17334259582,87264,141856,1,2752,1,32,4,1,32,0.000,0.000,,,,,NVIDIA GeForce RTX 3090 (0),1,,7,"gemv_kernel_g128(const float4 *, const unsigned int *, const unsigned int *, const __half *, __half *, int, int)"
17334348670,79744,141858,1,2752,1,32,4,1,32,0.000,0.000,,,,,NVIDIA GeForce RTX 3090 (0),1,,7,"gemv_kernel_g128(const float4 *, const unsigned int *, const unsigned int *, const __half *, __half *, int, int)"
17334433150,39104,141862,1,1024,1,32,4,1,32,0.000,0.000,,,,,NVIDIA GeForce RTX 3090 (0),1,,7,"gemv_kernel_g128(const float4 *, const unsigned int *, const unsigned int *, const __half *, __half *, int, int)"
17334495454,121184,141868,1,3072,1,32,4,1,32,0.000,0.000,,,,,NVIDIA GeForce RTX 3090 (0),1,,7,"gemv_kernel_g128(const float4 *, const unsigned int *, const unsigned int *, const __half *, __half *, int, int)"
17337599837,95712,142016,1,1024,1,32,4,1,32,0.000,0.000,,,,,NVIDIA GeForce RTX 3090 (0),1,,7,"gemv_kernel_g128(const float4 *, const unsigned int *, const unsigned int *, const __half *, __half *, int, int)"
17337719005,82720,142022,1,2752,1,32,4,1,32,0.000,0.000,,,,,NVIDIA GeForce RTX 3090 (0),1,,7,"gemv_kernel_g128(const float4 *, const unsigned int *, const unsigned int *, const __half *, __half *, int, int)"
17337803581,87968,142024,1,2752,1,32,4,1,32,0.000,0.000,,,,,NVIDIA GeForce RTX 3090 (0),1,,7,"gemv_kernel_g128(const float4 *, const unsigned int *, const unsigned int *, const __half *, __half *, int, int)"
17337896605,37536,142028,1,1024,1,32,4,1,32,0.000,0.000,,,,,NVIDIA GeForce RTX 3090 (0),1,,7,"gemv_kernel_g128(const float4 *, const unsigned int *, const unsigned int *, const __half *, __half *, int, int)"
17337956125,113344,142034,1,3072,1,32,4,1,32,0.000,0.000,,,,,NVIDIA GeForce RTX 3090 (0),1,,7,"gemv_kernel_g128(const float4 *, const unsigned int *, const unsigned int *, const __half *, __half *, int, int)"
17340658428,80896,142182,1,1024,1,32,4,1,32,0.000,0.000,,,,,NVIDIA GeForce RTX 3090 (0),1,,7,"gemv_kernel_g128(const float4 *, const unsigned int *, const unsigned int *, const __half *, __half *, int, int)"
17340768412,110912,142188,1,2752,1,32,4,1,32,0.000,0.000,,,,,NVIDIA GeForce RTX 3090 (0),1,,7,"gemv_kernel_g128(const float4 *, const unsigned int *, const unsigned int *, const __half *, __half *, int, int)"
17340880796,105344,142190,1,2752,1,32,4,1,32,0.000,0.000,,,,,NVIDIA GeForce RTX 3090 (0),1,,7,"gemv_kernel_g128(const float4 *, const unsigned int *, const unsigned int *, const __half *, __half *, int, int)"
17340991548,38400,142194,1,1024,1,32,4,1,32,0.000,0.000,,,,,NVIDIA GeForce RTX 3090 (0),1,,7,"gemv_kernel_g128(const float4 *, const unsigned int *, const unsigned int *, const __half *, __half *, int, int)"
17341051452,105344,142200,1,3072,1,32,4,1,32,0.000,0.000,,,,,NVIDIA GeForce RTX 3090 (0),1,,7,"gemv_kernel_g128(const float4 *, const unsigned int *, const unsigned int *, const __half *, __half *, int, int)"
17343737596,78592,142348,1,1024,1,32,4,1,32,0.000,0.000,,,,,NVIDIA GeForce RTX 3090 (0),1,,7,"gemv_kernel_g128(const float4 *, const unsigned int *, const unsigned int *, const __half *, __half *, int, int)"
17343838716,67872,142354,1,2752,1,32,4,1,32,0.000,0.000,,,,,NVIDIA GeForce RTX 3090 (0),1,,7,"gemv_kernel_g128(const float4 *, const unsigned int *, const unsigned int *, const __half *, __half *, int, int)"
17343907996,68480,142356,1,2752,1,32,4,1,32,0.000,0.000,,,,,NVIDIA GeForce RTX 3090 (0),1,,7,"gemv_kernel_g128(const float4 *, const unsigned int *, const unsigned int *, const __half *, __half *, int, int)"
17343981148,38400,142360,1,1024,1,32,4,1,32,0.000,0.000,,,,,NVIDIA GeForce RTX 3090 (0),1,,7,"gemv_kernel_g128(const float4 *, const unsigned int *, const unsigned int *, const __half *, __half *, int, int)"
17344040956,94176,142366,1,3072,1,32,4,1,32,0.000,0.000,,,,,NVIDIA GeForce RTX 3090 (0),1,,7,"gemv_kernel_g128(const float4 *, const unsigned int *, const unsigned int *, const __half *, __half *, int, int)"
17346595771,442016,142514,1,1024,1,32,4,1,32,0.000,0.000,,,,,NVIDIA GeForce RTX 3090 (0),1,,7,"gemv_kernel_g128(const float4 *, const unsigned int *, const unsigned int *, const __half *, __half *, int, int)"
17347059707,72448,142520,1,2752,1,32,4,1,32,0.000,0.000,,,,,NVIDIA GeForce RTX 3090 (0),1,,7,"gemv_kernel_g128(const float4 *, const unsigned int *, const unsigned int *, const __half *, __half *, int, int)"
17347134267,71968,142522,1,2752,1,32,4,1,32,0.000,0.000,,,,,NVIDIA GeForce RTX 3090 (0),1,,7,"gemv_kernel_g128(const float4 *, const unsigned int *, const unsigned int *, const __half *, __half *, int, int)"
17347211003,38112,142526,1,1024,1,32,4,1,32,0.000,0.000,,,,,NVIDIA GeForce RTX 3090 (0),1,,7,"gemv_kernel_g128(const float4 *, const unsigned int *, const unsigned int *, const __half *, __half *, int, int)"
17347270459,556896,142532,1,3072,1,32,4,1,32,0.000,0.000,,,,,NVIDIA GeForce RTX 3090 (0),1,,7,"gemv_kernel_g128(const float4 *, const unsigned int *, const unsigned int *, const __half *, __half *, int, int)"
17350231418,77760,142680,1,1024,1,32,4,1,32,0.000,0.000,,,,,NVIDIA GeForce RTX 3090 (0),1,,7,"gemv_kernel_g128(const float4 *, const unsigned int *, const unsigned int *, const __half *, __half *, int, int)"
17350332186,67008,142686,1,2752,1,32,4,1,32,0.000,0.000,,,,,NVIDIA GeForce RTX 3090 (0),1,,7,"gemv_kernel_g128(const float4 *, const unsigned int *, const unsigned int *, const __half *, __half *, int, int)"
17350400602,70720,142688,1,2752,1,32,4,1,32,0.000,0.000,,,,,NVIDIA GeForce RTX 3090 (0),1,,7,"gemv_kernel_g128(const float4 *, const unsigned int *, const unsigned int *, const __half *, __half *, int, int)"
17350476506,37504,142692,1,1024,1,32,4,1,32,0.000,0.000,,,,,NVIDIA GeForce RTX 3090 (0),1,,7,"gemv_kernel_g128(const float4 *, const unsigned int *, const unsigned int *, const __half *, __half *, int, int)"
17350534874,93376,142698,1,3072,1,32,4,1,32,0.000,0.000,,,,,NVIDIA GeForce RTX 3090 (0),1,,7,"gemv_kernel_g128(const float4 *, const unsigned int *, const unsigned int *, const __half *, __half *, int, int)"
17352739481,69760,142846,1,1024,1,32,4,1,32,0.000,0.000,,,,,NVIDIA GeForce RTX 3090 (0),1,,7,"gemv_kernel_g128(const float4 *, const unsigned int *, const unsigned int *, const __half *, __half *, int, int)"
17352831673,75296,142852,1,2752,1,32,4,1,32,0.000,0.000,,,,,NVIDIA GeForce RTX 3090 (0),1,,7,"gemv_kernel_g128(const float4 *, const unsigned int *, const unsigned int *, const __half *, __half *, int, int)"
17352908441,66080,142854,1,2752,1,32,4,1,32,0.000,0.000,,,,,NVIDIA GeForce RTX 3090 (0),1,,7,"gemv_kernel_g128(const float4 *, const unsigned int *, const unsigned int *, const __half *, __half *, int, int)"
17352979609,37760,142858,1,1024,1,32,4,1,32,0.000,0.000,,,,,NVIDIA GeForce RTX 3090 (0),1,,7,"gemv_kernel_g128(const float4 *, const unsigned int *, const unsigned int *, const __half *, __half *, int, int)"
17353037497,92512,142864,1,3072,1,32,4,1,32,0.000,0.000,,,,,NVIDIA GeForce RTX 3090 (0),1,,7,"gemv_kernel_g128(const float4 *, const unsigned int *, const unsigned int *, const __half *, __half *, int, int)"
17355287065,73696,143012,1,1024,1,32,4,1,32,0.000,0.000,,,,,NVIDIA GeForce RTX 3090 (0),1,,7,"gemv_kernel_g128(const float4 *, const unsigned int *, const unsigned int *, const __half *, __half *, int, int)"
17355383481,68672,143018,1,2752,1,32,4,1,32,0.000,0.000,,,,,NVIDIA GeForce RTX 3090 (0),1,,7,"gemv_kernel_g128(const float4 *, const unsigned int *, const unsigned int *, const __half *, __half *, int, int)"
17355453657,68064,143020,1,2752,1,32,4,1,32,0.000,0.000,,,,,NVIDIA GeForce RTX 3090 (0),1,,7,"gemv_kernel_g128(const float4 *, const unsigned int *, const unsigned int *, const __half *, __half *, int, int)"
17355526425,36832,143024,1,1024,1,32,4,1,32,0.000,0.000,,,,,NVIDIA GeForce RTX 3090 (0),1,,7,"gemv_kernel_g128(const float4 *, const unsigned int *, const unsigned int *, const __half *, __half *, int, int)"
17355584889,94080,143030,1,3072,1,32,4,1,32,0.000,0.000,,,,,NVIDIA GeForce RTX 3090 (0),1,,7,"gemv_kernel_g128(const float4 *, const unsigned int *, const unsigned int *, const __half *, __half *, int, int)"
17358445496,75808,143178,1,1024,1,32,4,1,32,0.000,0.000,,,,,NVIDIA GeForce RTX 3090 (0),1,,7,"gemv_kernel_g128(const float4 *, const unsigned int *, const unsigned int *, const __half *, __half *, int, int)"
17358542360,69216,143184,1,2752,1,32,4,1,32,0.000,0.000,,,,,NVIDIA GeForce RTX 3090 (0),1,,7,"gemv_kernel_g128(const float4 *, const unsigned int *, const unsigned int *, const __half *, __half *, int, int)"
17358619928,64608,143186,1,2752,1,32,4,1,32,0.000,0.000,,,,,NVIDIA GeForce RTX 3090 (0),1,,7,"gemv_kernel_g128(const float4 *, const unsigned int *, const unsigned int *, const __half *, __half *, int, int)"
17358689272,38976,143190,1,1024,1,32,4,1,32,0.000,0.000,,,,,NVIDIA GeForce RTX 3090 (0),1,,7,"gemv_kernel_g128(const float4 *, const unsigned int *, const unsigned int *, const __half *, __half *, int, int)"
17358749496,89568,143196,1,3072,1,32,4,1,32,0.000,0.000,,,,,NVIDIA GeForce RTX 3090 (0),1,,7,"gemv_kernel_g128(const float4 *, const unsigned int *, const unsigned int *, const __half *, __half *, int, int)"
17361209783,78880,143344,1,1024,1,32,4,1,32,0.000,0.000,,,,,NVIDIA GeForce RTX 3090 (0),1,,7,"gemv_kernel_g128(const float4 *, const unsigned int *, const unsigned int *, const __half *, __half *, int, int)"
17361313623,71232,143350,1,2752,1,32,4,1,32,0.000,0.000,,,,,NVIDIA GeForce RTX 3090 (0),1,,7,"gemv_kernel_g128(const float4 *, const unsigned int *, const unsigned int *, const __half *, __half *, int, int)"
17361386263,71200,143352,1,2752,1,32,4,1,32,0.000,0.000,,,,,NVIDIA GeForce RTX 3090 (0),1,,7,"gemv_kernel_g128(const float4 *, const unsigned int *, const unsigned int *, const __half *, __half *, int, int)"
17361462615,38240,143356,1,1024,1,32,4,1,32,0.000,0.000,,,,,NVIDIA GeForce RTX 3090 (0),1,,7,"gemv_kernel_g128(const float4 *, const unsigned int *, const unsigned int *, const __half *, __half *, int, int)"
17361521719,94944,143362,1,3072,1,32,4,1,32,0.000,0.000,,,,,NVIDIA GeForce RTX 3090 (0),1,,7,"gemv_kernel_g128(const float4 *, const unsigned int *, const unsigned int *, const __half *, __half *, int, int)"
17364189239,74016,143510,1,1024,1,32,4,1,32,0.000,0.000,,,,,NVIDIA GeForce RTX 3090 (0),1,,7,"gemv_kernel_g128(const float4 *, const unsigned int *, const unsigned int *, const __half *, __half *, int, int)"
17364288887,69056,143516,1,2752,1,32,4,1,32,0.000,0.000,,,,,NVIDIA GeForce RTX 3090 (0),1,,7,"gemv_kernel_g128(const float4 *, const unsigned int *, const unsigned int *, const __half *, __half *, int, int)"
17364359415,66912,143518,1,2752,1,32,4,1,32,0.000,0.000,,,,,NVIDIA GeForce RTX 3090 (0),1,,7,"gemv_kernel_g128(const float4 *, const unsigned int *, const unsigned int *, const __half *, __half *, int, int)"
17364431447,37664,143522,1,1024,1,32,4,1,32,0.000,0.000,,,,,NVIDIA GeForce RTX 3090 (0),1,,7,"gemv_kernel_g128(const float4 *, const unsigned int *, const unsigned int *, const __half *, __half *, int, int)"
17364490039,93855,143528,1,3072,1,32,4,1,32,0.000,0.000,,,,,NVIDIA GeForce RTX 3090 (0),1,,7,"gemv_kernel_g128(const float4 *, const unsigned int *, const unsigned int *, const __half *, __half *, int, int)"
17367104886,74624,143676,1,1024,1,32,4,1,32,0.000,0.000,,,,,NVIDIA GeForce RTX 3090 (0),1,,7,"gemv_kernel_g128(const float4 *, const unsigned int *, const unsigned int *, const __half *, __half *, int, int)"
17367201526,67520,143682,1,2752,1,32,4,1,32,0.000,0.000,,,,,NVIDIA GeForce RTX 3090 (0),1,,7,"gemv_kernel_g128(const float4 *, const unsigned int *, const unsigned int *, const __half *, __half *, int, int)"
17367273558,67808,143684,1,2752,1,32,4,1,32,0.000,0.000,,,,,NVIDIA GeForce RTX 3090 (0),1,,7,"gemv_kernel_g128(const float4 *, const unsigned int *, const unsigned int *, const __half *, __half *, int, int)"
17367346070,36992,143688,1,1024,1,32,4,1,32,0.000,0.000,,,,,NVIDIA GeForce RTX 3090 (0),1,,7,"gemv_kernel_g128(const float4 *, const unsigned int *, const unsigned int *, const __half *, __half *, int, int)"
17367405110,93856,143694,1,3072,1,32,4,1,32,0.000,0.000,,,,,NVIDIA GeForce RTX 3090 (0),1,,7,"gemv_kernel_g128(const float4 *, const unsigned int *, const unsigned int *, const __half *, __half *, int, int)"
17369874357,81664,143842,1,1024,1,32,4,1,32,0.000,0.000,,,,,NVIDIA GeForce RTX 3090 (0),1,,7,"gemv_kernel_g128(const float4 *, const unsigned int *, const unsigned int *, const __half *, __half *, int, int)"
17369978165,71360,143848,1,2752,1,32,4,1,32,0.000,0.000,,,,,NVIDIA GeForce RTX 3090 (0),1,,7,"gemv_kernel_g128(const float4 *, const unsigned int *, const unsigned int *, const __half *, __half *, int, int)"
17370056757,80832,143850,1,2752,1,32,4,1,32,0.000,0.000,,,,,NVIDIA GeForce RTX 3090 (0),1,,7,"gemv_kernel_g128(const float4 *, const unsigned int *, const unsigned int *, const __half *, __half *, int, int)"
17370142421,38304,143854,1,1024,1,32,4,1,32,0.000,0.000,,,,,NVIDIA GeForce RTX 3090 (0),1,,7,"gemv_kernel_g128(const float4 *, const unsigned int *, const unsigned int *, const __half *, __half *, int, int)"
17370203669,106080,143860,1,3072,1,32,4,1,32,0.000,0.000,,,,,NVIDIA GeForce RTX 3090 (0),1,,7,"gemv_kernel_g128(const float4 *, const unsigned int *, const unsigned int *, const __half *, __half *, int, int)"
17373491412,78656,144008,1,1024,1,32,4,1,32,0.000,0.000,,,,,NVIDIA GeForce RTX 3090 (0),1,,7,"gemv_kernel_g128(const float4 *, const unsigned int *, const unsigned int *, const __half *, __half *, int, int)"
17373592436,67872,144014,1,2752,1,32,4,1,32,0.000,0.000,,,,,NVIDIA GeForce RTX 3090 (0),1,,7,"gemv_kernel_g128(const float4 *, const unsigned int *, const unsigned int *, const __half *, __half *, int, int)"
17373661716,68352,144016,1,2752,1,32,4,1,32,0.000,0.000,,,,,NVIDIA GeForce RTX 3090 (0),1,,7,"gemv_kernel_g128(const float4 *, const unsigned int *, const unsigned int *, const __half *, __half *, int, int)"
17373735316,38496,144020,1,1024,1,32,4,1,32,0.000,0.000,,,,,NVIDIA GeForce RTX 3090 (0),1,,7,"gemv_kernel_g128(const float4 *, const unsigned int *, const unsigned int *, const __half *, __half *, int, int)"
17373794772,93824,144026,1,3072,1,32,4,1,32,0.000,0.000,,,,,NVIDIA GeForce RTX 3090 (0),1,,7,"gemv_kernel_g128(const float4 *, const unsigned int *, const unsigned int *, const __half *, __half *, int, int)"
17376054996,77024,144174,1,1024,1,32,4,1,32,0.000,0.000,,,,,NVIDIA GeForce RTX 3090 (0),1,,7,"gemv_kernel_g128(const float4 *, const unsigned int *, const unsigned int *, const __half *, __half *, int, int)"
17376153204,66048,144180,1,2752,1,32,4,1,32,0.000,0.000,,,,,NVIDIA GeForce RTX 3090 (0),1,,7,"gemv_kernel_g128(const float4 *, const unsigned int *, const unsigned int *, const __half *, __half *, int, int)"
17376220724,64704,144182,1,2752,1,32,4,1,32,0.000,0.000,,,,,NVIDIA GeForce RTX 3090 (0),1,,7,"gemv_kernel_g128(const float4 *, const unsigned int *, const unsigned int *, const __half *, __half *, int, int)"
17376290516,38816,144186,1,1024,1,32,4,1,32,0.000,0.000,,,,,NVIDIA GeForce RTX 3090 (0),1,,7,"gemv_kernel_g128(const float4 *, const unsigned int *, const unsigned int *, const __half *, __half *, int, int)"
17376351316,92768,144192,1,3072,1,32,4,1,32,0.000,0.000,,,,,NVIDIA GeForce RTX 3090 (0),1,,7,"gemv_kernel_g128(const float4 *, const unsigned int *, const unsigned int *, const __half *, __half *, int, int)"
17378634419,71840,144340,1,1024,1,32,4,1,32,0.000,0.000,,,,,NVIDIA GeForce RTX 3090 (0),1,,7,"gemv_kernel_g128(const float4 *, const unsigned int *, const unsigned int *, const __half *, __half *, int, int)"
17378728371,66624,144346,1,2752,1,32,4,1,32,0.000,0.000,,,,,NVIDIA GeForce RTX 3090 (0),1,,7,"gemv_kernel_g128(const float4 *, const unsigned int *, const unsigned int *, const __half *, __half *, int, int)"
17378796371,68768,144348,1,2752,1,32,4,1,32,0.000,0.000,,,,,NVIDIA GeForce RTX 3090 (0),1,,7,"gemv_kernel_g128(const float4 *, const unsigned int *, const unsigned int *, const __half *, __half *, int, int)"
17378869907,39040,144352,1,1024,1,32,4,1,32,0.000,0.000,,,,,NVIDIA GeForce RTX 3090 (0),1,,7,"gemv_kernel_g128(const float4 *, const unsigned int *, const unsigned int *, const __half *, __half *, int, int)"
17378930099,88288,144358,1,3072,1,32,4,1,32,0.000,0.000,,,,,NVIDIA GeForce RTX 3090 (0),1,,7,"gemv_kernel_g128(const float4 *, const unsigned int *, const unsigned int *, const __half *, __half *, int, int)"
17381141810,75040,144506,1,1024,1,32,4,1,32,0.000,0.000,,,,,NVIDIA GeForce RTX 3090 (0),1,,7,"gemv_kernel_g128(const float4 *, const unsigned int *, const unsigned int *, const __half *, __half *, int, int)"
17381238418,65536,144512,1,2752,1,32,4,1,32,0.000,0.000,,,,,NVIDIA GeForce RTX 3090 (0),1,,7,"gemv_kernel_g128(const float4 *, const unsigned int *, const unsigned int *, const __half *, __half *, int, int)"
17381305842,65632,144514,1,2752,1,32,4,1,32,0.000,0.000,,,,,NVIDIA GeForce RTX 3090 (0),1,,7,"gemv_kernel_g128(const float4 *, const unsigned int *, const unsigned int *, const __half *, __half *, int, int)"
17381376178,38752,144518,1,1024,1,32,4,1,32,0.000,0.000,,,,,NVIDIA GeForce RTX 3090 (0),1,,7,"gemv_kernel_g128(const float4 *, const unsigned int *, const unsigned int *, const __half *, __half *, int, int)"
17381438962,90016,144524,1,3072,1,32,4,1,32,0.000,0.000,,,,,NVIDIA GeForce RTX 3090 (0),1,,7,"gemv_kernel_g128(const float4 *, const unsigned int *, const unsigned int *, const __half *, __half *, int, int)"
17383578834,80288,144672,1,1024,1,32,4,1,32,0.000,0.000,,,,,NVIDIA GeForce RTX 3090 (0),1,,7,"gemv_kernel_g128(const float4 *, const unsigned int *, const unsigned int *, const __half *, __half *, int, int)"
17383682834,68928,144678,1,2752,1,32,4,1,32,0.000,0.000,,,,,NVIDIA GeForce RTX 3090 (0),1,,7,"gemv_kernel_g128(const float4 *, const unsigned int *, const unsigned int *, const __half *, __half *, int, int)"
17383753170,68960,144680,1,2752,1,32,4,1,32,0.000,0.000,,,,,NVIDIA GeForce RTX 3090 (0),1,,7,"gemv_kernel_g128(const float4 *, const unsigned int *, const unsigned int *, const __half *, __half *, int, int)"
17383827314,40160,144684,1,1024,1,32,4,1,32,0.000,0.000,,,,,NVIDIA GeForce RTX 3090 (0),1,,7,"gemv_kernel_g128(const float4 *, const unsigned int *, const unsigned int *, const __half *, __half *, int, int)"
17383889138,90848,144690,1,3072,1,32,4,1,32,0.000,0.000,,,,,NVIDIA GeForce RTX 3090 (0),1,,7,"gemv_kernel_g128(const float4 *, const unsigned int *, const unsigned int *, const __half *, __half *, int, int)"
17386096849,72512,144838,1,1024,1,32,4,1,32,0.000,0.000,,,,,NVIDIA GeForce RTX 3090 (0),1,,7,"gemv_kernel_g128(const float4 *, const unsigned int *, const unsigned int *, const __half *, __half *, int, int)"
17386190737,65152,144844,1,2752,1,32,4,1,32,0.000,0.000,,,,,NVIDIA GeForce RTX 3090 (0),1,,7,"gemv_kernel_g128(const float4 *, const unsigned int *, const unsigned int *, const __half *, __half *, int, int)"
17386257393,65440,144846,1,2752,1,32,4,1,32,0.000,0.000,,,,,NVIDIA GeForce RTX 3090 (0),1,,7,"gemv_kernel_g128(const float4 *, const unsigned int *, const unsigned int *, const __half *, __half *, int, int)"
17386327889,36800,144850,1,1024,1,32,4,1,32,0.000,0.000,,,,,NVIDIA GeForce RTX 3090 (0),1,,7,"gemv_kernel_g128(const float4 *, const unsigned int *, const unsigned int *, const __half *, __half *, int, int)"
17386386097,95488,144856,1,3072,1,32,4,1,32,0.000,0.000,,,,,NVIDIA GeForce RTX 3090 (0),1,,7,"gemv_kernel_g128(const float4 *, const unsigned int *, const unsigned int *, const __half *, __half *, int, int)"
17388674257,71712,145004,1,1024,1,32,4,1,32,0.000,0.000,,,,,NVIDIA GeForce RTX 3090 (0),1,,7,"gemv_kernel_g128(const float4 *, const unsigned int *, const unsigned int *, const __half *, __half *, int, int)"
17388768049,66720,145010,1,2752,1,32,4,1,32,0.000,0.000,,,,,NVIDIA GeForce RTX 3090 (0),1,,7,"gemv_kernel_g128(const float4 *, const unsigned int *, const unsigned int *, const __half *, __half *, int, int)"
17388836241,64448,145012,1,2752,1,32,4,1,32,0.000,0.000,,,,,NVIDIA GeForce RTX 3090 (0),1,,7,"gemv_kernel_g128(const float4 *, const unsigned int *, const unsigned int *, const __half *, __half *, int, int)"
17388905297,37408,145016,1,1024,1,32,4,1,32,0.000,0.000,,,,,NVIDIA GeForce RTX 3090 (0),1,,7,"gemv_kernel_g128(const float4 *, const unsigned int *, const unsigned int *, const __half *, __half *, int, int)"
17388969841,88927,145022,1,3072,1,32,4,1,32,0.000,0.000,,,,,NVIDIA GeForce RTX 3090 (0),1,,7,"gemv_kernel_g128(const float4 *, const unsigned int *, const unsigned int *, const __half *, __half *, int, int)"
17391247024,74080,145170,1,1024,1,32,4,1,32,0.000,0.000,,,,,NVIDIA GeForce RTX 3090 (0),1,,7,"gemv_kernel_g128(const float4 *, const unsigned int *, const unsigned int *, const __half *, __half *, int, int)"
17391342512,67680,145176,1,2752,1,32,4,1,32,0.000,0.000,,,,,NVIDIA GeForce RTX 3090 (0),1,,7,"gemv_kernel_g128(const float4 *, const unsigned int *, const unsigned int *, const __half *, __half *, int, int)"
17391412400,66144,145178,1,2752,1,32,4,1,32,0.000,0.000,,,,,NVIDIA GeForce RTX 3090 (0),1,,7,"gemv_kernel_g128(const float4 *, const unsigned int *, const unsigned int *, const __half *, __half *, int, int)"
17391483216,37472,145182,1,1024,1,32,4,1,32,0.000,0.000,,,,,NVIDIA GeForce RTX 3090 (0),1,,7,"gemv_kernel_g128(const float4 *, const unsigned int *, const unsigned int *, const __half *, __half *, int, int)"
17391542768,87328,145188,1,3072,1,32,4,1,32,0.000,0.000,,,,,NVIDIA GeForce RTX 3090 (0),1,,7,"gemv_kernel_g128(const float4 *, const unsigned int *, const unsigned int *, const __half *, __half *, int, int)"
17394032175,74880,145336,1,1024,1,32,4,1,32,0.000,0.000,,,,,NVIDIA GeForce RTX 3090 (0),1,,7,"gemv_kernel_g128(const float4 *, const unsigned int *, const unsigned int *, const __half *, __half *, int, int)"
17394129455,65984,145342,1,2752,1,32,4,1,32,0.000,0.000,,,,,NVIDIA GeForce RTX 3090 (0),1,,7,"gemv_kernel_g128(const float4 *, const unsigned int *, const unsigned int *, const __half *, __half *, int, int)"
17394196847,64480,145344,1,2752,1,32,4,1,32,0.000,0.000,,,,,NVIDIA GeForce RTX 3090 (0),1,,7,"gemv_kernel_g128(const float4 *, const unsigned int *, const unsigned int *, const __half *, __half *, int, int)"
17394266479,38336,145348,1,1024,1,32,4,1,32,0.000,0.000,,,,,NVIDIA GeForce RTX 3090 (0),1,,7,"gemv_kernel_g128(const float4 *, const unsigned int *, const unsigned int *, const __half *, __half *, int, int)"
17394325807,91424,145354,1,3072,1,32,4,1,32,0.000,0.000,,,,,NVIDIA GeForce RTX 3090 (0),1,,7,"gemv_kernel_g128(const float4 *, const unsigned int *, const unsigned int *, const __half *, __half *, int, int)"
17396494831,70592,145502,1,1024,1,32,4,1,32,0.000,0.000,,,,,NVIDIA GeForce RTX 3090 (0),1,,7,"gemv_kernel_g128(const float4 *, const unsigned int *, const unsigned int *, const __half *, __half *, int, int)"
17396586671,66272,145508,1,2752,1,32,4,1,32,0.000,0.000,,,,,NVIDIA GeForce RTX 3090 (0),1,,7,"gemv_kernel_g128(const float4 *, const unsigned int *, const unsigned int *, const __half *, __half *, int, int)"
17396654351,67200,145510,1,2752,1,32,4,1,32,0.000,0.000,,,,,NVIDIA GeForce RTX 3090 (0),1,,7,"gemv_kernel_g128(const float4 *, const unsigned int *, const unsigned int *, const __half *, __half *, int, int)"
17396726735,37760,145514,1,1024,1,32,4,1,32,0.000,0.000,,,,,NVIDIA GeForce RTX 3090 (0),1,,7,"gemv_kernel_g128(const float4 *, const unsigned int *, const unsigned int *, const __half *, __half *, int, int)"
17396785487,92480,145520,1,3072,1,32,4,1,32,0.000,0.000,,,,,NVIDIA GeForce RTX 3090 (0),1,,7,"gemv_kernel_g128(const float4 *, const unsigned int *, const unsigned int *, const __half *, __half *, int, int)"
17398981230,73248,145668,1,1024,1,32,4,1,32,0.000,0.000,,,,,NVIDIA GeForce RTX 3090 (0),1,,7,"gemv_kernel_g128(const float4 *, const unsigned int *, const unsigned int *, const __half *, __half *, int, int)"
17399076206,64672,145674,1,2752,1,32,4,1,32,0.000,0.000,,,,,NVIDIA GeForce RTX 3090 (0),1,,7,"gemv_kernel_g128(const float4 *, const unsigned int *, const unsigned int *, const __half *, __half *, int, int)"
17399142318,65344,145676,1,2752,1,32,4,1,32,0.000,0.000,,,,,NVIDIA GeForce RTX 3090 (0),1,,7,"gemv_kernel_g128(const float4 *, const unsigned int *, const unsigned int *, const __half *, __half *, int, int)"
17399212334,38688,145680,1,1024,1,32,4,1,32,0.000,0.000,,,,,NVIDIA GeForce RTX 3090 (0),1,,7,"gemv_kernel_g128(const float4 *, const unsigned int *, const unsigned int *, const __half *, __half *, int, int)"
17399277006,88672,145686,1,3072,1,32,4,1,32,0.000,0.000,,,,,NVIDIA GeForce RTX 3090 (0),1,,7,"gemv_kernel_g128(const float4 *, const unsigned int *, const unsigned int *, const __half *, __half *, int, int)"
17401463085,71712,145834,1,1024,1,32,4,1,32,0.000,0.000,,,,,NVIDIA GeForce RTX 3090 (0),1,,7,"gemv_kernel_g128(const float4 *, const unsigned int *, const unsigned int *, const __half *, __half *, int, int)"
17401556845,65696,145840,1,2752,1,32,4,1,32,0.000,0.000,,,,,NVIDIA GeForce RTX 3090 (0),1,,7,"gemv_kernel_g128(const float4 *, const unsigned int *, const unsigned int *, const __half *, __half *, int, int)"
17401624557,65568,145842,1,2752,1,32,4,1,32,0.000,0.000,,,,,NVIDIA GeForce RTX 3090 (0),1,,7,"gemv_kernel_g128(const float4 *, const unsigned int *, const unsigned int *, const __half *, __half *, int, int)"
17401694829,37568,145846,1,1024,1,32,4,1,32,0.000,0.000,,,,,NVIDIA GeForce RTX 3090 (0),1,,7,"gemv_kernel_g128(const float4 *, const unsigned int *, const unsigned int *, const __half *, __half *, int, int)"
17401753581,89824,145852,1,3072,1,32,4,1,32,0.000,0.000,,,,,NVIDIA GeForce RTX 3090 (0),1,,7,"gemv_kernel_g128(const float4 *, const unsigned int *, const unsigned int *, const __half *, __half *, int, int)"
17404687085,81952,146000,1,1024,1,32,4,1,32,0.000,0.000,,,,,NVIDIA GeForce RTX 3090 (0),1,,7,"gemv_kernel_g128(const float4 *, const unsigned int *, const unsigned int *, const __half *, __half *, int, int)"
17404798477,105248,146006,1,2752,1,32,4,1,32,0.000,0.000,,,,,NVIDIA GeForce RTX 3090 (0),1,,7,"gemv_kernel_g128(const float4 *, const unsigned int *, const unsigned int *, const __half *, __half *, int, int)"
17404905133,74432,146008,1,2752,1,32,4,1,32,0.000,0.000,,,,,NVIDIA GeForce RTX 3090 (0),1,,7,"gemv_kernel_g128(const float4 *, const unsigned int *, const unsigned int *, const __half *, __half *, int, int)"
17404988237,39328,146012,1,1024,1,32,4,1,32,0.000,0.000,,,,,NVIDIA GeForce RTX 3090 (0),1,,7,"gemv_kernel_g128(const float4 *, const unsigned int *, const unsigned int *, const __half *, __half *, int, int)"
17405049165,93952,146018,1,3072,1,32,4,1,32,0.000,0.000,,,,,NVIDIA GeForce RTX 3090 (0),1,,7,"gemv_kernel_g128(const float4 *, const unsigned int *, const unsigned int *, const __half *, __half *, int, int)"
17407576812,71840,146166,1,1024,1,32,4,1,32,0.000,0.000,,,,,NVIDIA GeForce RTX 3090 (0),1,,7,"gemv_kernel_g128(const float4 *, const unsigned int *, const unsigned int *, const __half *, __half *, int, int)"
17407670412,64960,146172,1,2752,1,32,4,1,32,0.000,0.000,,,,,NVIDIA GeForce RTX 3090 (0),1,,7,"gemv_kernel_g128(const float4 *, const unsigned int *, const unsigned int *, const __half *, __half *, int, int)"
17407736812,65664,146174,1,2752,1,32,4,1,32,0.000,0.000,,,,,NVIDIA GeForce RTX 3090 (0),1,,7,"gemv_kernel_g128(const float4 *, const unsigned int *, const unsigned int *, const __half *, __half *, int, int)"
17407807692,36672,146178,1,1024,1,32,4,1,32,0.000,0.000,,,,,NVIDIA GeForce RTX 3090 (0),1,,7,"gemv_kernel_g128(const float4 *, const unsigned int *, const unsigned int *, const __half *, __half *, int, int)"
17407870284,89120,146184,1,3072,1,32,4,1,32,0.000,0.000,,,,,NVIDIA GeForce RTX 3090 (0),1,,7,"gemv_kernel_g128(const float4 *, const unsigned int *, const unsigned int *, const __half *, __half *, int, int)"
17410088875,73856,146332,1,1024,1,32,4,1,32,0.000,0.000,,,,,NVIDIA GeForce RTX 3090 (0),1,,7,"gemv_kernel_g128(const float4 *, const unsigned int *, const unsigned int *, const __half *, __half *, int, int)"
17410183819,66016,146338,1,2752,1,32,4,1,32,0.000,0.000,,,,,NVIDIA GeForce RTX 3090 (0),1,,7,"gemv_kernel_g128(const float4 *, const unsigned int *, const unsigned int *, const __half *, __half *, int, int)"
17410251211,65248,146340,1,2752,1,32,4,1,32,0.000,0.000,,,,,NVIDIA GeForce RTX 3090 (0),1,,7,"gemv_kernel_g128(const float4 *, const unsigned int *, const unsigned int *, const __half *, __half *, int, int)"
17410321099,38624,146344,1,1024,1,32,4,1,32,0.000,0.000,,,,,NVIDIA GeForce RTX 3090 (0),1,,7,"gemv_kernel_g128(const float4 *, const unsigned int *, const unsigned int *, const __half *, __half *, int, int)"
17410380203,133760,146350,1,8000,1,32,4,1,32,0.000,0.000,,,,,NVIDIA GeForce RTX 3090 (0),1,,7,"gemv_kernel_g128(const float4 *, const unsigned int *, const unsigned int *, const __half *, __half *, int, int)"
17441136036,93920,146364,1,3072,1,32,4,1,32,0.000,0.000,,,,,NVIDIA GeForce RTX 3090 (0),1,,7,"gemv_kernel_g128(const float4 *, const unsigned int *, const unsigned int *, const __half *, __half *, int, int)"
17443194627,72416,146512,1,1024,1,32,4,1,32,0.000,0.000,,,,,NVIDIA GeForce RTX 3090 (0),1,,7,"gemv_kernel_g128(const float4 *, const unsigned int *, const unsigned int *, const __half *, __half *, int, int)"
17443288771,67104,146518,1,2752,1,32,4,1,32,0.000,0.000,,,,,NVIDIA GeForce RTX 3090 (0),1,,7,"gemv_kernel_g128(const float4 *, const unsigned int *, const unsigned int *, const __half *, __half *, int, int)"
17443357347,65824,146520,1,2752,1,32,4,1,32,0.000,0.000,,,,,NVIDIA GeForce RTX 3090 (0),1,,7,"gemv_kernel_g128(const float4 *, const unsigned int *, const unsigned int *, const __half *, __half *, int, int)"
17443428003,38112,146524,1,1024,1,32,4,1,32,0.000,0.000,,,,,NVIDIA GeForce RTX 3090 (0),1,,7,"gemv_kernel_g128(const float4 *, const unsigned int *, const unsigned int *, const __half *, __half *, int, int)"
17443487875,89088,146530,1,3072,1,32,4,1,32,0.000,0.000,,,,,NVIDIA GeForce RTX 3090 (0),1,,7,"gemv_kernel_g128(const float4 *, const unsigned int *, const unsigned int *, const __half *, __half *, int, int)"
17445630499,70688,146678,1,1024,1,32,4,1,32,0.000,0.000,,,,,NVIDIA GeForce RTX 3090 (0),1,,7,"gemv_kernel_g128(const float4 *, const unsigned int *, const unsigned int *, const __half *, __half *, int, int)"
17445722531,65280,146684,1,2752,1,32,4,1,32,0.000,0.000,,,,,NVIDIA GeForce RTX 3090 (0),1,,7,"gemv_kernel_g128(const float4 *, const unsigned int *, const unsigned int *, const __half *, __half *, int, int)"
17445789699,65440,146686,1,2752,1,32,4,1,32,0.000,0.000,,,,,NVIDIA GeForce RTX 3090 (0),1,,7,"gemv_kernel_g128(const float4 *, const unsigned int *, const unsigned int *, const __half *, __half *, int, int)"
17445859747,38656,146690,1,1024,1,32,4,1,32,0.000,0.000,,,,,NVIDIA GeForce RTX 3090 (0),1,,7,"gemv_kernel_g128(const float4 *, const unsigned int *, const unsigned int *, const __half *, __half *, int, int)"
17445918947,88320,146696,1,3072,1,32,4,1,32,0.000,0.000,,,,,NVIDIA GeForce RTX 3090 (0),1,,7,"gemv_kernel_g128(const float4 *, const unsigned int *, const unsigned int *, const __half *, __half *, int, int)"
17447853154,70784,146844,1,1024,1,32,4,1,32,0.000,0.000,,,,,NVIDIA GeForce RTX 3090 (0),1,,7,"gemv_kernel_g128(const float4 *, const unsigned int *, const unsigned int *, const __half *, __half *, int, int)"
17447946114,65504,146850,1,2752,1,32,4,1,32,0.000,0.000,,,,,NVIDIA GeForce RTX 3090 (0),1,,7,"gemv_kernel_g128(const float4 *, const unsigned int *, const unsigned int *, const __half *, __half *, int, int)"
17448013154,65760,146852,1,2752,1,32,4,1,32,0.000,0.000,,,,,NVIDIA GeForce RTX 3090 (0),1,,7,"gemv_kernel_g128(const float4 *, const unsigned int *, const unsigned int *, const __half *, __half *, int, int)"
17448084098,37312,146856,1,1024,1,32,4,1,32,0.000,0.000,,,,,NVIDIA GeForce RTX 3090 (0),1,,7,"gemv_kernel_g128(const float4 *, const unsigned int *, const unsigned int *, const __half *, __half *, int, int)"
17448142594,86688,146862,1,3072,1,32,4,1,32,0.000,0.000,,,,,NVIDIA GeForce RTX 3090 (0),1,,7,"gemv_kernel_g128(const float4 *, const unsigned int *, const unsigned int *, const __half *, __half *, int, int)"
17450590529,76128,147010,1,1024,1,32,4,1,32,0.000,0.000,,,,,NVIDIA GeForce RTX 3090 (0),1,,7,"gemv_kernel_g128(const float4 *, const unsigned int *, const unsigned int *, const __half *, __half *, int, int)"
17450688769,67424,147016,1,2752,1,32,4,1,32,0.000,0.000,,,,,NVIDIA GeForce RTX 3090 (0),1,,7,"gemv_kernel_g128(const float4 *, const unsigned int *, const unsigned int *, const __half *, __half *, int, int)"
17450757601,67040,147018,1,2752,1,32,4,1,32,0.000,0.000,,,,,NVIDIA GeForce RTX 3090 (0),1,,7,"gemv_kernel_g128(const float4 *, const unsigned int *, const unsigned int *, const __half *, __half *, int, int)"
17450829793,37664,147022,1,1024,1,32,4,1,32,0.000,0.000,,,,,NVIDIA GeForce RTX 3090 (0),1,,7,"gemv_kernel_g128(const float4 *, const unsigned int *, const unsigned int *, const __half *, __half *, int, int)"
17450888257,90592,147028,1,3072,1,32,4,1,32,0.000,0.000,,,,,NVIDIA GeForce RTX 3090 (0),1,,7,"gemv_kernel_g128(const float4 *, const unsigned int *, const unsigned int *, const __half *, __half *, int, int)"
17453081313,89536,147176,1,1024,1,32,4,1,32,0.000,0.000,,,,,NVIDIA GeForce RTX 3090 (0),1,,7,"gemv_kernel_g128(const float4 *, const unsigned int *, const unsigned int *, const __half *, __half *, int, int)"
17453193441,80480,147182,1,2752,1,32,4,1,32,0.000,0.000,,,,,NVIDIA GeForce RTX 3090 (0),1,,7,"gemv_kernel_g128(const float4 *, const unsigned int *, const unsigned int *, const __half *, __half *, int, int)"
17453275425,73536,147184,1,2752,1,32,4,1,32,0.000,0.000,,,,,NVIDIA GeForce RTX 3090 (0),1,,7,"gemv_kernel_g128(const float4 *, const unsigned int *, const unsigned int *, const __half *, __half *, int, int)"
17453353825,39744,147188,1,1024,1,32,4,1,32,0.000,0.000,,,,,NVIDIA GeForce RTX 3090 (0),1,,7,"gemv_kernel_g128(const float4 *, const unsigned int *, const unsigned int *, const __half *, __half *, int, int)"
17453416161,106112,147194,1,3072,1,32,4,1,32,0.000,0.000,,,,,NVIDIA GeForce RTX 3090 (0),1,,7,"gemv_kernel_g128(const float4 *, const unsigned int *, const unsigned int *, const __half *, __half *, int, int)"
17455581920,72032,147342,1,1024,1,32,4,1,32,0.000,0.000,,,,,NVIDIA GeForce RTX 3090 (0),1,,7,"gemv_kernel_g128(const float4 *, const unsigned int *, const unsigned int *, const __half *, __half *, int, int)"
17455675104,66816,147348,1,2752,1,32,4,1,32,0.000,0.000,,,,,NVIDIA GeForce RTX 3090 (0),1,,7,"gemv_kernel_g128(const float4 *, const unsigned int *, const unsigned int *, const __half *, __half *, int, int)"
17455743808,66720,147350,1,2752,1,32,4,1,32,0.000,0.000,,,,,NVIDIA GeForce RTX 3090 (0),1,,7,"gemv_kernel_g128(const float4 *, const unsigned int *, const unsigned int *, const __half *, __half *, int, int)"
17455815200,272544,147354,1,1024,1,32,4,1,32,0.000,0.000,,,,,NVIDIA GeForce RTX 3090 (0),1,,7,"gemv_kernel_g128(const float4 *, const unsigned int *, const unsigned int *, const __half *, __half *, int, int)"
17456109536,89152,147360,1,3072,1,32,4,1,32,0.000,0.000,,,,,NVIDIA GeForce RTX 3090 (0),1,,7,"gemv_kernel_g128(const float4 *, const unsigned int *, const unsigned int *, const __half *, __half *, int, int)"
17458414271,76224,147508,1,1024,1,32,4,1,32,0.000,0.000,,,,,NVIDIA GeForce RTX 3090 (0),1,,7,"gemv_kernel_g128(const float4 *, const unsigned int *, const unsigned int *, const __half *, __half *, int, int)"
17458512255,65408,147514,1,2752,1,32,4,1,32,0.000,0.000,,,,,NVIDIA GeForce RTX 3090 (0),1,,7,"gemv_kernel_g128(const float4 *, const unsigned int *, const unsigned int *, const __half *, __half *, int, int)"
17458579167,66560,147516,1,2752,1,32,4,1,32,0.000,0.000,,,,,NVIDIA GeForce RTX 3090 (0),1,,7,"gemv_kernel_g128(const float4 *, const unsigned int *, const unsigned int *, const __half *, __half *, int, int)"
17458650943,36672,147520,1,1024,1,32,4,1,32,0.000,0.000,,,,,NVIDIA GeForce RTX 3090 (0),1,,7,"gemv_kernel_g128(const float4 *, const unsigned int *, const unsigned int *, const __half *, __half *, int, int)"
17458707679,89056,147526,1,3072,1,32,4,1,32,0.000,0.000,,,,,NVIDIA GeForce RTX 3090 (0),1,,7,"gemv_kernel_g128(const float4 *, const unsigned int *, const unsigned int *, const __half *, __half *, int, int)"
17460758143,71360,147674,1,1024,1,32,4,1,32,0.000,0.000,,,,,NVIDIA GeForce RTX 3090 (0),1,,7,"gemv_kernel_g128(const float4 *, const unsigned int *, const unsigned int *, const __half *, __half *, int, int)"
17460851103,67904,147680,1,2752,1,32,4,1,32,0.000,0.000,,,,,NVIDIA GeForce RTX 3090 (0),1,,7,"gemv_kernel_g128(const float4 *, const unsigned int *, const unsigned int *, const __half *, __half *, int, int)"
17460920479,66560,147682,1,2752,1,32,4,1,32,0.000,0.000,,,,,NVIDIA GeForce RTX 3090 (0),1,,7,"gemv_kernel_g128(const float4 *, const unsigned int *, const unsigned int *, const __half *, __half *, int, int)"
17460992095,38688,147686,1,1024,1,32,4,1,32,0.000,0.000,,,,,NVIDIA GeForce RTX 3090 (0),1,,7,"gemv_kernel_g128(const float4 *, const unsigned int *, const unsigned int *, const __half *, __half *, int, int)"
17461050783,88160,147692,1,3072,1,32,4,1,32,0.000,0.000,,,,,NVIDIA GeForce RTX 3090 (0),1,,7,"gemv_kernel_g128(const float4 *, const unsigned int *, const unsigned int *, const __half *, __half *, int, int)"
17463052318,72864,147840,1,1024,1,32,4,1,32,0.000,0.000,,,,,NVIDIA GeForce RTX 3090 (0),1,,7,"gemv_kernel_g128(const float4 *, const unsigned int *, const unsigned int *, const __half *, __half *, int, int)"
17463147230,73312,147846,1,2752,1,32,4,1,32,0.000,0.000,,,,,NVIDIA GeForce RTX 3090 (0),1,,7,"gemv_kernel_g128(const float4 *, const unsigned int *, const unsigned int *, const __half *, __half *, int, int)"
17463222398,72704,147848,1,2752,1,32,4,1,32,0.000,0.000,,,,,NVIDIA GeForce RTX 3090 (0),1,,7,"gemv_kernel_g128(const float4 *, const unsigned int *, const unsigned int *, const __half *, __half *, int, int)"
17463299806,37696,147852,1,1024,1,32,4,1,32,0.000,0.000,,,,,NVIDIA GeForce RTX 3090 (0),1,,7,"gemv_kernel_g128(const float4 *, const unsigned int *, const unsigned int *, const __half *, __half *, int, int)"
17463363518,94720,147858,1,3072,1,32,4,1,32,0.000,0.000,,,,,NVIDIA GeForce RTX 3090 (0),1,,7,"gemv_kernel_g128(const float4 *, const unsigned int *, const unsigned int *, const __half *, __half *, int, int)"
17465612830,72288,148006,1,1024,1,32,4,1,32,0.000,0.000,,,,,NVIDIA GeForce RTX 3090 (0),1,,7,"gemv_kernel_g128(const float4 *, const unsigned int *, const unsigned int *, const __half *, __half *, int, int)"
17465706878,66432,148012,1,2752,1,32,4,1,32,0.000,0.000,,,,,NVIDIA GeForce RTX 3090 (0),1,,7,"gemv_kernel_g128(const float4 *, const unsigned int *, const unsigned int *, const __half *, __half *, int, int)"
17465775166,65760,148014,1,2752,1,32,4,1,32,0.000,0.000,,,,,NVIDIA GeForce RTX 3090 (0),1,,7,"gemv_kernel_g128(const float4 *, const unsigned int *, const unsigned int *, const __half *, __half *, int, int)"
17465845598,38880,148018,1,1024,1,32,4,1,32,0.000,0.000,,,,,NVIDIA GeForce RTX 3090 (0),1,,7,"gemv_kernel_g128(const float4 *, const unsigned int *, const unsigned int *, const __half *, __half *, int, int)"
17465904670,92320,148024,1,3072,1,32,4,1,32,0.000,0.000,,,,,NVIDIA GeForce RTX 3090 (0),1,,7,"gemv_kernel_g128(const float4 *, const unsigned int *, const unsigned int *, const __half *, __half *, int, int)"
17468100893,71936,148172,1,1024,1,32,4,1,32,0.000,0.000,,,,,NVIDIA GeForce RTX 3090 (0),1,,7,"gemv_kernel_g128(const float4 *, const unsigned int *, const unsigned int *, const __half *, __half *, int, int)"
17468194237,65632,148178,1,2752,1,32,4,1,32,0.000,0.000,,,,,NVIDIA GeForce RTX 3090 (0),1,,7,"gemv_kernel_g128(const float4 *, const unsigned int *, const unsigned int *, const __half *, __half *, int, int)"
17468261309,65952,148180,1,2752,1,32,4,1,32,0.000,0.000,,,,,NVIDIA GeForce RTX 3090 (0),1,,7,"gemv_kernel_g128(const float4 *, const unsigned int *, const unsigned int *, const __half *, __half *, int, int)"
17468332381,37696,148184,1,1024,1,32,4,1,32,0.000,0.000,,,,,NVIDIA GeForce RTX 3090 (0),1,,7,"gemv_kernel_g128(const float4 *, const unsigned int *, const unsigned int *, const __half *, __half *, int, int)"
17468391709,89696,148190,1,3072,1,32,4,1,32,0.000,0.000,,,,,NVIDIA GeForce RTX 3090 (0),1,,7,"gemv_kernel_g128(const float4 *, const unsigned int *, const unsigned int *, const __half *, __half *, int, int)"
17470399517,70176,148338,1,1024,1,32,4,1,32,0.000,0.000,,,,,NVIDIA GeForce RTX 3090 (0),1,,7,"gemv_kernel_g128(const float4 *, const unsigned int *, const unsigned int *, const __half *, __half *, int, int)"
17470491325,64480,148344,1,2752,1,32,4,1,32,0.000,0.000,,,,,NVIDIA GeForce RTX 3090 (0),1,,7,"gemv_kernel_g128(const float4 *, const unsigned int *, const unsigned int *, const __half *, __half *, int, int)"
17470557341,64863,148346,1,2752,1,32,4,1,32,0.000,0.000,,,,,NVIDIA GeForce RTX 3090 (0),1,,7,"gemv_kernel_g128(const float4 *, const unsigned int *, const unsigned int *, const __half *, __half *, int, int)"
17470627324,38496,148350,1,1024,1,32,4,1,32,0.000,0.000,,,,,NVIDIA GeForce RTX 3090 (0),1,,7,"gemv_kernel_g128(const float4 *, const unsigned int *, const unsigned int *, const __half *, __half *, int, int)"
17470686364,88160,148356,1,3072,1,32,4,1,32,0.000,0.000,,,,,NVIDIA GeForce RTX 3090 (0),1,,7,"gemv_kernel_g128(const float4 *, const unsigned int *, const unsigned int *, const __half *, __half *, int, int)"
17472739900,73376,148504,1,1024,1,32,4,1,32,0.000,0.000,,,,,NVIDIA GeForce RTX 3090 (0),1,,7,"gemv_kernel_g128(const float4 *, const unsigned int *, const unsigned int *, const __half *, __half *, int, int)"
17472835164,66048,148510,1,2752,1,32,4,1,32,0.000,0.000,,,,,NVIDIA GeForce RTX 3090 (0),1,,7,"gemv_kernel_g128(const float4 *, const unsigned int *, const unsigned int *, const __half *, __half *, int, int)"
17472902684,65664,148512,1,2752,1,32,4,1,32,0.000,0.000,,,,,NVIDIA GeForce RTX 3090 (0),1,,7,"gemv_kernel_g128(const float4 *, const unsigned int *, const unsigned int *, const __half *, __half *, int, int)"
17472973052,37952,148516,1,1024,1,32,4,1,32,0.000,0.000,,,,,NVIDIA GeForce RTX 3090 (0),1,,7,"gemv_kernel_g128(const float4 *, const unsigned int *, const unsigned int *, const __half *, __half *, int, int)"
17473037948,88480,148522,1,3072,1,32,4,1,32,0.000,0.000,,,,,NVIDIA GeForce RTX 3090 (0),1,,7,"gemv_kernel_g128(const float4 *, const unsigned int *, const unsigned int *, const __half *, __half *, int, int)"
17475413819,75168,148670,1,1024,1,32,4,1,32,0.000,0.000,,,,,NVIDIA GeForce RTX 3090 (0),1,,7,"gemv_kernel_g128(const float4 *, const unsigned int *, const unsigned int *, const __half *, __half *, int, int)"
17475510267,64480,148676,1,2752,1,32,4,1,32,0.000,0.000,,,,,NVIDIA GeForce RTX 3090 (0),1,,7,"gemv_kernel_g128(const float4 *, const unsigned int *, const unsigned int *, const __half *, __half *, int, int)"
17475576667,65472,148678,1,2752,1,32,4,1,32,0.000,0.000,,,,,NVIDIA GeForce RTX 3090 (0),1,,7,"gemv_kernel_g128(const float4 *, const unsigned int *, const unsigned int *, const __half *, __half *, int, int)"
17475646875,38528,148682,1,1024,1,32,4,1,32,0.000,0.000,,,,,NVIDIA GeForce RTX 3090 (0),1,,7,"gemv_kernel_g128(const float4 *, const unsigned int *, const unsigned int *, const __half *, __half *, int, int)"
17475896635,93056,148688,1,3072,1,32,4,1,32,0.000,0.000,,,,,NVIDIA GeForce RTX 3090 (0),1,,7,"gemv_kernel_g128(const float4 *, const unsigned int *, const unsigned int *, const __half *, __half *, int, int)"
17478003995,72704,148836,1,1024,1,32,4,1,32,0.000,0.000,,,,,NVIDIA GeForce RTX 3090 (0),1,,7,"gemv_kernel_g128(const float4 *, const unsigned int *, const unsigned int *, const __half *, __half *, int, int)"
17478097883,65504,148842,1,2752,1,32,4,1,32,0.000,0.000,,,,,NVIDIA GeForce RTX 3090 (0),1,,7,"gemv_kernel_g128(const float4 *, const unsigned int *, const unsigned int *, const __half *, __half *, int, int)"
17478164795,64736,148844,1,2752,1,32,4,1,32,0.000,0.000,,,,,NVIDIA GeForce RTX 3090 (0),1,,7,"gemv_kernel_g128(const float4 *, const unsigned int *, const unsigned int *, const __half *, __half *, int, int)"
17478234843,39008,148848,1,1024,1,32,4,1,32,0.000,0.000,,,,,NVIDIA GeForce RTX 3090 (0),1,,7,"gemv_kernel_g128(const float4 *, const unsigned int *, const unsigned int *, const __half *, __half *, int, int)"
17478295099,92640,148854,1,3072,1,32,4,1,32,0.000,0.000,,,,,NVIDIA GeForce RTX 3090 (0),1,,7,"gemv_kernel_g128(const float4 *, const unsigned int *, const unsigned int *, const __half *, __half *, int, int)"
17480711450,73152,149002,1,1024,1,32,4,1,32,0.000,0.000,,,,,NVIDIA GeForce RTX 3090 (0),1,,7,"gemv_kernel_g128(const float4 *, const unsigned int *, const unsigned int *, const __half *, __half *, int, int)"
17480806554,66432,149008,1,2752,1,32,4,1,32,0.000,0.000,,,,,NVIDIA GeForce RTX 3090 (0),1,,7,"gemv_kernel_g128(const float4 *, const unsigned int *, const unsigned int *, const __half *, __half *, int, int)"
17480874394,75360,149010,1,2752,1,32,4,1,32,0.000,0.000,,,,,NVIDIA GeForce RTX 3090 (0),1,,7,"gemv_kernel_g128(const float4 *, const unsigned int *, const unsigned int *, const __half *, __half *, int, int)"
17480954970,39136,149014,1,1024,1,32,4,1,32,0.000,0.000,,,,,NVIDIA GeForce RTX 3090 (0),1,,7,"gemv_kernel_g128(const float4 *, const unsigned int *, const unsigned int *, const __half *, __half *, int, int)"
17481014522,88736,149020,1,3072,1,32,4,1,32,0.000,0.000,,,,,NVIDIA GeForce RTX 3090 (0),1,,7,"gemv_kernel_g128(const float4 *, const unsigned int *, const unsigned int *, const __half *, __half *, int, int)"
17483200601,74336,149168,1,1024,1,32,4,1,32,0.000,0.000,,,,,NVIDIA GeForce RTX 3090 (0),1,,7,"gemv_kernel_g128(const float4 *, const unsigned int *, const unsigned int *, const __half *, __half *, int, int)"
17483297401,80800,149174,1,2752,1,32,4,1,32,0.000,0.000,,,,,NVIDIA GeForce RTX 3090 (0),1,,7,"gemv_kernel_g128(const float4 *, const unsigned int *, const unsigned int *, const __half *, __half *, int, int)"
17483379641,68000,149176,1,2752,1,32,4,1,32,0.000,0.000,,,,,NVIDIA GeForce RTX 3090 (0),1,,7,"gemv_kernel_g128(const float4 *, const unsigned int *, const unsigned int *, const __half *, __half *, int, int)"
17483452345,37024,149180,1,1024,1,32,4,1,32,0.000,0.000,,,,,NVIDIA GeForce RTX 3090 (0),1,,7,"gemv_kernel_g128(const float4 *, const unsigned int *, const unsigned int *, const __half *, __half *, int, int)"
17483511705,89280,149186,1,3072,1,32,4,1,32,0.000,0.000,,,,,NVIDIA GeForce RTX 3090 (0),1,,7,"gemv_kernel_g128(const float4 *, const unsigned int *, const unsigned int *, const __half *, __half *, int, int)"
17485649593,70848,149334,1,1024,1,32,4,1,32,0.000,0.000,,,,,NVIDIA GeForce RTX 3090 (0),1,,7,"gemv_kernel_g128(const float4 *, const unsigned int *, const unsigned int *, const __half *, __half *, int, int)"
17485741017,65344,149340,1,2752,1,32,4,1,32,0.000,0.000,,,,,NVIDIA GeForce RTX 3090 (0),1,,7,"gemv_kernel_g128(const float4 *, const unsigned int *, const unsigned int *, const __half *, __half *, int, int)"
17485808281,65696,149342,1,2752,1,32,4,1,32,0.000,0.000,,,,,NVIDIA GeForce RTX 3090 (0),1,,7,"gemv_kernel_g128(const float4 *, const unsigned int *, const unsigned int *, const __half *, __half *, int, int)"
17485878649,37600,149346,1,1024,1,32,4,1,32,0.000,0.000,,,,,NVIDIA GeForce RTX 3090 (0),1,,7,"gemv_kernel_g128(const float4 *, const unsigned int *, const unsigned int *, const __half *, __half *, int, int)"
17485936665,87008,149352,1,3072,1,32,4,1,32,0.000,0.000,,,,,NVIDIA GeForce RTX 3090 (0),1,,7,"gemv_kernel_g128(const float4 *, const unsigned int *, const unsigned int *, const __half *, __half *, int, int)"
17487976280,76160,149500,1,1024,1,32,4,1,32,0.000,0.000,,,,,NVIDIA GeForce RTX 3090 (0),1,,7,"gemv_kernel_g128(const float4 *, const unsigned int *, const unsigned int *, const __half *, __half *, int, int)"
17488075960,69824,149506,1,2752,1,32,4,1,32,0.000,0.000,,,,,NVIDIA GeForce RTX 3090 (0),1,,7,"gemv_kernel_g128(const float4 *, const unsigned int *, const unsigned int *, const __half *, __half *, int, int)"
17488147288,70208,149508,1,2752,1,32,4,1,32,0.000,0.000,,,,,NVIDIA GeForce RTX 3090 (0),1,,7,"gemv_kernel_g128(const float4 *, const unsigned int *, const unsigned int *, const __half *, __half *, int, int)"
17488222840,38464,149512,1,1024,1,32,4,1,32,0.000,0.000,,,,,NVIDIA GeForce RTX 3090 (0),1,,7,"gemv_kernel_g128(const float4 *, const unsigned int *, const unsigned int *, const __half *, __half *, int, int)"
17488282968,87136,149518,1,3072,1,32,4,1,32,0.000,0.000,,,,,NVIDIA GeForce RTX 3090 (0),1,,7,"gemv_kernel_g128(const float4 *, const unsigned int *, const unsigned int *, const __half *, __half *, int, int)"
17490642328,75104,149666,1,1024,1,32,4,1,32,0.000,0.000,,,,,NVIDIA GeForce RTX 3090 (0),1,,7,"gemv_kernel_g128(const float4 *, const unsigned int *, const unsigned int *, const __half *, __half *, int, int)"
17490739320,65952,149672,1,2752,1,32,4,1,32,0.000,0.000,,,,,NVIDIA GeForce RTX 3090 (0),1,,7,"gemv_kernel_g128(const float4 *, const unsigned int *, const unsigned int *, const __half *, __half *, int, int)"
17490806744,65088,149674,1,2752,1,32,4,1,32,0.000,0.000,,,,,NVIDIA GeForce RTX 3090 (0),1,,7,"gemv_kernel_g128(const float4 *, const unsigned int *, const unsigned int *, const __half *, __half *, int, int)"
17490877208,37888,149678,1,1024,1,32,4,1,32,0.000,0.000,,,,,NVIDIA GeForce RTX 3090 (0),1,,7,"gemv_kernel_g128(const float4 *, const unsigned int *, const unsigned int *, const __half *, __half *, int, int)"
17490936024,87199,149684,1,3072,1,32,4,1,32,0.000,0.000,,,,,NVIDIA GeForce RTX 3090 (0),1,,7,"gemv_kernel_g128(const float4 *, const unsigned int *, const unsigned int *, const __half *, __half *, int, int)"
17493034039,72096,149832,1,1024,1,32,4,1,32,0.000,0.000,,,,,NVIDIA GeForce RTX 3090 (0),1,,7,"gemv_kernel_g128(const float4 *, const unsigned int *, const unsigned int *, const __half *, __half *, int, int)"
17493128823,65984,149838,1,2752,1,32,4,1,32,0.000,0.000,,,,,NVIDIA GeForce RTX 3090 (0),1,,7,"gemv_kernel_g128(const float4 *, const unsigned int *, const unsigned int *, const __half *, __half *, int, int)"
17493196311,66784,149840,1,2752,1,32,4,1,32,0.000,0.000,,,,,NVIDIA GeForce RTX 3090 (0),1,,7,"gemv_kernel_g128(const float4 *, const unsigned int *, const unsigned int *, const __half *, __half *, int, int)"
17493267767,39840,149844,1,1024,1,32,4,1,32,0.000,0.000,,,,,NVIDIA GeForce RTX 3090 (0),1,,7,"gemv_kernel_g128(const float4 *, const unsigned int *, const unsigned int *, const __half *, __half *, int, int)"
17493329399,90048,149850,1,3072,1,32,4,1,32,0.000,0.000,,,,,NVIDIA GeForce RTX 3090 (0),1,,7,"gemv_kernel_g128(const float4 *, const unsigned int *, const unsigned int *, const __half *, __half *, int, int)"
17495687990,75264,149998,1,1024,1,32,4,1,32,0.000,0.000,,,,,NVIDIA GeForce RTX 3090 (0),1,,7,"gemv_kernel_g128(const float4 *, const unsigned int *, const unsigned int *, const __half *, __half *, int, int)"
17495784694,66016,150004,1,2752,1,32,4,1,32,0.000,0.000,,,,,NVIDIA GeForce RTX 3090 (0),1,,7,"gemv_kernel_g128(const float4 *, const unsigned int *, const unsigned int *, const __half *, __half *, int, int)"
17495852566,65504,150006,1,2752,1,32,4,1,32,0.000,0.000,,,,,NVIDIA GeForce RTX 3090 (0),1,,7,"gemv_kernel_g128(const float4 *, const unsigned int *, const unsigned int *, const __half *, __half *, int, int)"
17495922806,38464,150010,1,1024,1,32,4,1,32,0.000,0.000,,,,,NVIDIA GeForce RTX 3090 (0),1,,7,"gemv_kernel_g128(const float4 *, const unsigned int *, const unsigned int *, const __half *, __half *, int, int)"
17495982358,90688,150016,1,3072,1,32,4,1,32,0.000,0.000,,,,,NVIDIA GeForce RTX 3090 (0),1,,7,"gemv_kernel_g128(const float4 *, const unsigned int *, const unsigned int *, const __half *, __half *, int, int)"
17498069558,71584,150164,1,1024,1,32,4,1,32,0.000,0.000,,,,,NVIDIA GeForce RTX 3090 (0),1,,7,"gemv_kernel_g128(const float4 *, const unsigned int *, const unsigned int *, const __half *, __half *, int, int)"
17498162966,68672,150170,1,2752,1,32,4,1,32,0.000,0.000,,,,,NVIDIA GeForce RTX 3090 (0),1,,7,"gemv_kernel_g128(const float4 *, const unsigned int *, const unsigned int *, const __half *, __half *, int, int)"
17498233110,66272,150172,1,2752,1,32,4,1,32,0.000,0.000,,,,,NVIDIA GeForce RTX 3090 (0),1,,7,"gemv_kernel_g128(const float4 *, const unsigned int *, const unsigned int *, const __half *, __half *, int, int)"
17498304534,37760,150176,1,1024,1,32,4,1,32,0.000,0.000,,,,,NVIDIA GeForce RTX 3090 (0),1,,7,"gemv_kernel_g128(const float4 *, const unsigned int *, const unsigned int *, const __half *, __half *, int, int)"
17498368054,88608,150182,1,3072,1,32,4,1,32,0.000,0.000,,,,,NVIDIA GeForce RTX 3090 (0),1,,7,"gemv_kernel_g128(const float4 *, const unsigned int *, const unsigned int *, const __half *, __half *, int, int)"
17500403893,71456,150330,1,1024,1,32,4,1,32,0.000,0.000,,,,,NVIDIA GeForce RTX 3090 (0),1,,7,"gemv_kernel_g128(const float4 *, const unsigned int *, const unsigned int *, const __half *, __half *, int, int)"
17500496661,65184,150336,1,2752,1,32,4,1,32,0.000,0.000,,,,,NVIDIA GeForce RTX 3090 (0),1,,7,"gemv_kernel_g128(const float4 *, const unsigned int *, const unsigned int *, const __half *, __half *, int, int)"
17500563317,66176,150338,1,2752,1,32,4,1,32,0.000,0.000,,,,,NVIDIA GeForce RTX 3090 (0),1,,7,"gemv_kernel_g128(const float4 *, const unsigned int *, const unsigned int *, const __half *, __half *, int, int)"
17500634869,37376,150342,1,1024,1,32,4,1,32,0.000,0.000,,,,,NVIDIA GeForce RTX 3090 (0),1,,7,"gemv_kernel_g128(const float4 *, const unsigned int *, const unsigned int *, const __half *, __half *, int, int)"
17500693173,88160,150348,1,3072,1,32,4,1,32,0.000,0.000,,,,,NVIDIA GeForce RTX 3090 (0),1,,7,"gemv_kernel_g128(const float4 *, const unsigned int *, const unsigned int *, const __half *, __half *, int, int)"
17503402580,72096,150496,1,1024,1,32,4,1,32,0.000,0.000,,,,,NVIDIA GeForce RTX 3090 (0),1,,7,"gemv_kernel_g128(const float4 *, const unsigned int *, const unsigned int *, const __half *, __half *, int, int)"
17503496372,65696,150502,1,2752,1,32,4,1,32,0.000,0.000,,,,,NVIDIA GeForce RTX 3090 (0),1,,7,"gemv_kernel_g128(const float4 *, const unsigned int *, const unsigned int *, const __half *, __half *, int, int)"
17503563508,64640,150504,1,2752,1,32,4,1,32,0.000,0.000,,,,,NVIDIA GeForce RTX 3090 (0),1,,7,"gemv_kernel_g128(const float4 *, const unsigned int *, const unsigned int *, const __half *, __half *, int, int)"
17503632820,38272,150508,1,1024,1,32,4,1,32,0.000,0.000,,,,,NVIDIA GeForce RTX 3090 (0),1,,7,"gemv_kernel_g128(const float4 *, const unsigned int *, const unsigned int *, const __half *, __half *, int, int)"
17503691892,89664,150514,1,3072,1,32,4,1,32,0.000,0.000,,,,,NVIDIA GeForce RTX 3090 (0),1,,7,"gemv_kernel_g128(const float4 *, const unsigned int *, const unsigned int *, const __half *, __half *, int, int)"
17505814932,71168,150662,1,1024,1,32,4,1,32,0.000,0.000,,,,,NVIDIA GeForce RTX 3090 (0),1,,7,"gemv_kernel_g128(const float4 *, const unsigned int *, const unsigned int *, const __half *, __half *, int, int)"
17505907092,65632,150668,1,2752,1,32,4,1,32,0.000,0.000,,,,,NVIDIA GeForce RTX 3090 (0),1,,7,"gemv_kernel_g128(const float4 *, const unsigned int *, const unsigned int *, const __half *, __half *, int, int)"
17505974644,65088,150670,1,2752,1,32,4,1,32,0.000,0.000,,,,,NVIDIA GeForce RTX 3090 (0),1,,7,"gemv_kernel_g128(const float4 *, const unsigned int *, const unsigned int *, const __half *, __half *, int, int)"
17506044564,38240,150674,1,1024,1,32,4,1,32,0.000,0.000,,,,,NVIDIA GeForce RTX 3090 (0),1,,7,"gemv_kernel_g128(const float4 *, const unsigned int *, const unsigned int *, const __half *, __half *, int, int)"
17506103764,88128,150680,1,3072,1,32,4,1,32,0.000,0.000,,,,,NVIDIA GeForce RTX 3090 (0),1,,7,"gemv_kernel_g128(const float4 *, const unsigned int *, const unsigned int *, const __half *, __half *, int, int)"
17508185523,71168,150828,1,1024,1,32,4,1,32,0.000,0.000,,,,,NVIDIA GeForce RTX 3090 (0),1,,7,"gemv_kernel_g128(const float4 *, const unsigned int *, const unsigned int *, const __half *, __half *, int, int)"
17508278387,65856,150834,1,2752,1,32,4,1,32,0.000,0.000,,,,,NVIDIA GeForce RTX 3090 (0),1,,7,"gemv_kernel_g128(const float4 *, const unsigned int *, const unsigned int *, const __half *, __half *, int, int)"
17508345683,65888,150836,1,2752,1,32,4,1,32,0.000,0.000,,,,,NVIDIA GeForce RTX 3090 (0),1,,7,"gemv_kernel_g128(const float4 *, const unsigned int *, const unsigned int *, const __half *, __half *, int, int)"
17508416755,37696,150840,1,1024,1,32,4,1,32,0.000,0.000,,,,,NVIDIA GeForce RTX 3090 (0),1,,7,"gemv_kernel_g128(const float4 *, const unsigned int *, const unsigned int *, const __half *, __half *, int, int)"
17508474963,86688,150846,1,3072,1,32,4,1,32,0.000,0.000,,,,,NVIDIA GeForce RTX 3090 (0),1,,7,"gemv_kernel_g128(const float4 *, const unsigned int *, const unsigned int *, const __half *, __half *, int, int)"
17510676083,93952,150994,1,1024,1,32,4,1,32,0.000,0.000,,,,,NVIDIA GeForce RTX 3090 (0),1,,7,"gemv_kernel_g128(const float4 *, const unsigned int *, const unsigned int *, const __half *, __half *, int, int)"
17510794803,82112,151000,1,2752,1,32,4,1,32,0.000,0.000,,,,,NVIDIA GeForce RTX 3090 (0),1,,7,"gemv_kernel_g128(const float4 *, const unsigned int *, const unsigned int *, const __half *, __half *, int, int)"
17510878387,83328,151002,1,2752,1,32,4,1,32,0.000,0.000,,,,,NVIDIA GeForce RTX 3090 (0),1,,7,"gemv_kernel_g128(const float4 *, const unsigned int *, const unsigned int *, const __half *, __half *, int, int)"
17510966867,38272,151006,1,1024,1,32,4,1,32,0.000,0.000,,,,,NVIDIA GeForce RTX 3090 (0),1,,7,"gemv_kernel_g128(const float4 *, const unsigned int *, const unsigned int *, const __half *, __half *, int, int)"
17511025555,91072,151012,1,3072,1,32,4,1,32,0.000,0.000,,,,,NVIDIA GeForce RTX 3090 (0),1,,7,"gemv_kernel_g128(const float4 *, const unsigned int *, const unsigned int *, const __half *, __half *, int, int)"
17513119314,71744,151160,1,1024,1,32,4,1,32,0.000,0.000,,,,,NVIDIA GeForce RTX 3090 (0),1,,7,"gemv_kernel_g128(const float4 *, const unsigned int *, const unsigned int *, const __half *, __half *, int, int)"
17513213234,65920,151166,1,2752,1,32,4,1,32,0.000,0.000,,,,,NVIDIA GeForce RTX 3090 (0),1,,7,"gemv_kernel_g128(const float4 *, const unsigned int *, const unsigned int *, const __half *, __half *, int, int)"
17513280626,65056,151168,1,2752,1,32,4,1,32,0.000,0.000,,,,,NVIDIA GeForce RTX 3090 (0),1,,7,"gemv_kernel_g128(const float4 *, const unsigned int *, const unsigned int *, const __half *, __half *, int, int)"
17513350322,38432,151172,1,1024,1,32,4,1,32,0.000,0.000,,,,,NVIDIA GeForce RTX 3090 (0),1,,7,"gemv_kernel_g128(const float4 *, const unsigned int *, const unsigned int *, const __half *, __half *, int, int)"
17513409618,91232,151178,1,3072,1,32,4,1,32,0.000,0.000,,,,,NVIDIA GeForce RTX 3090 (0),1,,7,"gemv_kernel_g128(const float4 *, const unsigned int *, const unsigned int *, const __half *, __half *, int, int)"
17515495825,72736,151326,1,1024,1,32,4,1,32,0.000,0.000,,,,,NVIDIA GeForce RTX 3090 (0),1,,7,"gemv_kernel_g128(const float4 *, const unsigned int *, const unsigned int *, const __half *, __half *, int, int)"
17515589841,75488,151332,1,2752,1,32,4,1,32,0.000,0.000,,,,,NVIDIA GeForce RTX 3090 (0),1,,7,"gemv_kernel_g128(const float4 *, const unsigned int *, const unsigned int *, const __half *, __half *, int, int)"
17515667313,71904,151334,1,2752,1,32,4,1,32,0.000,0.000,,,,,NVIDIA GeForce RTX 3090 (0),1,,7,"gemv_kernel_g128(const float4 *, const unsigned int *, const unsigned int *, const __half *, __half *, int, int)"
17515743953,38080,151338,1,1024,1,32,4,1,32,0.000,0.000,,,,,NVIDIA GeForce RTX 3090 (0),1,,7,"gemv_kernel_g128(const float4 *, const unsigned int *, const unsigned int *, const __half *, __half *, int, int)"
17515802993,89248,151344,1,3072,1,32,4,1,32,0.000,0.000,,,,,NVIDIA GeForce RTX 3090 (0),1,,7,"gemv_kernel_g128(const float4 *, const unsigned int *, const unsigned int *, const __half *, __half *, int, int)"
17517860561,74560,151492,1,1024,1,32,4,1,32,0.000,0.000,,,,,NVIDIA GeForce RTX 3090 (0),1,,7,"gemv_kernel_g128(const float4 *, const unsigned int *, const unsigned int *, const __half *, __half *, int, int)"
17517956657,65344,151498,1,2752,1,32,4,1,32,0.000,0.000,,,,,NVIDIA GeForce RTX 3090 (0),1,,7,"gemv_kernel_g128(const float4 *, const unsigned int *, const unsigned int *, const __half *, __half *, int, int)"
17518023505,66656,151500,1,2752,1,32,4,1,32,0.000,0.000,,,,,NVIDIA GeForce RTX 3090 (0),1,,7,"gemv_kernel_g128(const float4 *, const unsigned int *, const unsigned int *, const __half *, __half *, int, int)"
17518095313,37088,151504,1,1024,1,32,4,1,32,0.000,0.000,,,,,NVIDIA GeForce RTX 3090 (0),1,,7,"gemv_kernel_g128(const float4 *, const unsigned int *, const unsigned int *, const __half *, __half *, int, int)"
17518153041,88320,151510,1,3072,1,32,4,1,32,0.000,0.000,,,,,NVIDIA GeForce RTX 3090 (0),1,,7,"gemv_kernel_g128(const float4 *, const unsigned int *, const unsigned int *, const __half *, __half *, int, int)"
17520189808,74848,151658,1,1024,1,32,4,1,32,0.000,0.000,,,,,NVIDIA GeForce RTX 3090 (0),1,,7,"gemv_kernel_g128(const float4 *, const unsigned int *, const unsigned int *, const __half *, __half *, int, int)"
17520286064,64736,151664,1,2752,1,32,4,1,32,0.000,0.000,,,,,NVIDIA GeForce RTX 3090 (0),1,,7,"gemv_kernel_g128(const float4 *, const unsigned int *, const unsigned int *, const __half *, __half *, int, int)"
17520352176,65888,151666,1,2752,1,32,4,1,32,0.000,0.000,,,,,NVIDIA GeForce RTX 3090 (0),1,,7,"gemv_kernel_g128(const float4 *, const unsigned int *, const unsigned int *, const __half *, __half *, int, int)"
17520423184,38432,151670,1,1024,1,32,4,1,32,0.000,0.000,,,,,NVIDIA GeForce RTX 3090 (0),1,,7,"gemv_kernel_g128(const float4 *, const unsigned int *, const unsigned int *, const __half *, __half *, int, int)"
17520481744,135904,151676,1,8000,1,32,4,1,32,0.000,0.000,,,,,NVIDIA GeForce RTX 3090 (0),1,,7,"gemv_kernel_g128(const float4 *, const unsigned int *, const unsigned int *, const __half *, __half *, int, int)"
17551195433,86688,151690,1,3072,1,32,4,1,32,0.000,0.000,,,,,NVIDIA GeForce RTX 3090 (0),1,,7,"gemv_kernel_g128(const float4 *, const unsigned int *, const unsigned int *, const __half *, __half *, int, int)"
